... truncated: this file shows only the last 262144 bytes of /vol/data/benchmark/logs/watchdog.log (401764 bytes in total).
... the complete log is on disk at the path above and in the git history of this repository.

watchdog] skipped: another driver holds the lock
2026-09-24T11:05:01+00:00 [watchdog] skipped: another driver holds the lock
2026-09-24T11:07:45+00:00 [watchdog] driver turn #9: model=default | opencode run --session ses_f31799c77ffeTq9gcYgqc4hBhg
2026-09-24T11:08:03+00:00 [watchdog] driver turn #9 exited rc=0 (transcript 3237180->3239992B)
2026-09-24T11:08:03+00:00 [watchdog] driver turn #10 healthy; next turn in 600s
2026-09-24T11:10:01+00:00 [watchdog] skipped: another driver holds the lock
2026-09-24T11:15:01+00:00 [watchdog] skipped: another driver holds the lock
2026-09-24T11:18:03+00:00 [watchdog] driver turn #10: model=default | opencode run --session ses_f31799c77ffeTq9gcYgqc4hBhg
2026-09-24T11:20:01+00:00 [watchdog] skipped: another driver holds the lock
2026-09-24T11:20:19+00:00 [watchdog] driver turn #10 exited rc=0 (transcript 3239992->3291316B)
2026-09-24T11:20:19+00:00 [watchdog] driver turn #11 healthy; next turn in 600s
2026-09-24T11:25:01+00:00 [watchdog] skipped: another driver holds the lock
2026-09-24T11:30:01+00:00 [watchdog] skipped: another driver holds the lock
2026-09-24T11:30:19+00:00 [watchdog] driver turn #11: model=default | opencode run --session ses_f31799c77ffeTq9gcYgqc4hBhg
2026-09-24T11:33:44+00:00 [watchdog] driver turn #11 exited rc=1 (transcript 3291316->3319600B)
2026-09-24T11:33:44+00:00 [watchdog] turn rc=1 looks quota-limited -> rotate to opencode/muse-spark-1.3-contributor-free (hit 1/3)
2026-09-24T11:33:44+00:00 [watchdog] driver turn #12: model=--model opencode/muse-spark-1.3-contributor-free | opencode run --session ses_f31799c77ffeTq9gcYgqc4hBhg
2026-09-24T11:33:45+00:00 [watchdog] driver turn #12 exited rc=1 (transcript 3319600->3319665B)
2026-09-24T11:33:45+00:00 [watchdog] turn rc=1 looks quota-limited -> rotate to opencode/ling-3.0-flash-fin-free (hit 2/3)
2026-09-24T11:33:45+00:00 [watchdog] driver turn #13: model=--model opencode/ling-3.0-flash-fin-free | opencode run --session ses_f31799c77ffeTq9gcYgqc4hBhg
2026-09-24T11:33:46+00:00 [watchdog] driver turn #13 exited rc=1 (transcript 3319665->3319730B)
2026-09-24T11:33:46+00:00 [watchdog] turn rc=1 looks quota-limited -> rotate to opencode/nemotron-3.5-lightning-free (hit 3/3)
2026-09-24T11:33:46+00:00 [watchdog] driver giving up after 3 quota-limited runs; cron will retry
2026-09-24T11:33:46+00:00 [watchdog] driver healthy after 8 successful turns: crash-guard markers cleared
2026-09-24T11:33:46+00:00 [watchdog] driver ended after 13 turns (8 successful; rc=1)
2026-09-24T11:35:02+00:00 [watchdog] previous failure looks like quota/context exhaustion
2026-09-24T11:35:02+00:00 [watchdog] forcing free model: opencode/mimo-v2.6-flash-free
2026-09-24T11:35:02+00:00 [watchdog] agent idle (hb 79s, transcript 76s, run_alive=0) -> launching driver (model_args='--model opencode/mimo-v2.6-flash-free')
2026-09-24T11:35:02+00:00 [watchdog] driver turn #1: model=--model opencode/mimo-v2.6-flash-free | opencode run fresh
2026-09-24T11:35:02+00:00 [watchdog] driver turn #1 exited rc=1 (transcript 3319730->3319795B)
2026-09-24T11:35:02+00:00 [watchdog] turn rc=1 looks quota-limited -> rotate to opencode/muse-spark-1.3-contributor-free (hit 1/3)
2026-09-24T11:35:02+00:00 [watchdog] driver turn #2: model=--model opencode/muse-spark-1.3-contributor-free | opencode run --session ses_f31799c77ffeTq9gcYgqc4hBhg
2026-09-24T11:35:03+00:00 [watchdog] driver turn #2 exited rc=1 (transcript 3319795->3319860B)
2026-09-24T11:35:03+00:00 [watchdog] turn rc=1 looks quota-limited -> rotate to opencode/ling-3.0-flash-fin-free (hit 2/3)
2026-09-24T11:35:03+00:00 [watchdog] driver turn #3: model=--model opencode/ling-3.0-flash-fin-free | opencode run --session ses_f31799c77ffeTq9gcYgqc4hBhg
2026-09-24T11:35:04+00:00 [watchdog] driver turn #3 exited rc=1 (transcript 3319860->3319925B)
2026-09-24T11:35:04+00:00 [watchdog] turn rc=1 looks quota-limited -> rotate to opencode/nemotron-3.5-lightning-free (hit 3/3)
2026-09-24T11:35:04+00:00 [watchdog] driver giving up after 3 quota-limited runs; cron will retry
2026-09-24T11:35:04+00:00 [watchdog] driver ended after 3 turns (0 successful; rc=1)
2026-09-24T11:40:01+00:00 [watchdog] previous failure looks like quota/context exhaustion
2026-09-24T11:40:01+00:00 [watchdog] forcing free model: opencode/mimo-v2.6-flash-free
2026-09-24T11:40:01+00:00 [watchdog] agent idle (hb 378s, transcript 297s, run_alive=0) -> launching driver (model_args='--model opencode/mimo-v2.6-flash-free')
2026-09-24T11:40:01+00:00 [watchdog] driver turn #1: model=--model opencode/mimo-v2.6-flash-free | opencode run fresh
2026-09-24T11:40:02+00:00 [watchdog] driver turn #1 exited rc=1 (transcript 3319925->3319990B)
2026-09-24T11:40:02+00:00 [watchdog] turn rc=1 looks quota-limited -> rotate to opencode/muse-spark-1.3-contributor-free (hit 1/3)
2026-09-24T11:40:02+00:00 [watchdog] driver turn #2: model=--model opencode/muse-spark-1.3-contributor-free | opencode run --session ses_f31799c77ffeTq9gcYgqc4hBhg
2026-09-24T11:40:03+00:00 [watchdog] driver turn #2 exited rc=1 (transcript 3319990->3320055B)
2026-09-24T11:40:03+00:00 [watchdog] turn rc=1 looks quota-limited -> rotate to opencode/ling-3.0-flash-fin-free (hit 2/3)
2026-09-24T11:40:03+00:00 [watchdog] driver turn #3: model=--model opencode/ling-3.0-flash-fin-free | opencode run --session ses_f31799c77ffeTq9gcYgqc4hBhg
2026-09-24T11:40:04+00:00 [watchdog] driver turn #3 exited rc=1 (transcript 3320055->3320120B)
2026-09-24T11:40:04+00:00 [watchdog] turn rc=1 looks quota-limited -> rotate to opencode/nemotron-3.5-lightning-free (hit 3/3)
2026-09-24T11:40:04+00:00 [watchdog] driver giving up after 3 quota-limited runs; cron will retry
2026-09-24T11:40:04+00:00 [watchdog] driver ended after 3 turns (0 successful; rc=1)
2026-09-24T11:43:02+00:00 [watchdog] previous failure looks like quota/context exhaustion
2026-09-24T11:43:02+00:00 [watchdog] forcing free model: opencode/mimo-v2.6-flash-free
2026-09-24T11:43:02+00:00 [watchdog] agent idle (hb 559s, transcript 178s, run_alive=0) -> launching driver (model_args='--model opencode/mimo-v2.6-flash-free')
2026-09-24T11:43:02+00:00 [watchdog] driver turn #1: model=--model opencode/mimo-v2.6-flash-free | opencode run fresh
2026-09-24T11:43:03+00:00 [watchdog] driver turn #1 exited rc=1 (transcript 3320120->3320185B)
2026-09-24T11:43:03+00:00 [watchdog] turn rc=1 looks quota-limited -> rotate to opencode/muse-spark-1.3-contributor-free (hit 1/3)
2026-09-24T11:43:03+00:00 [watchdog] driver turn #2: model=--model opencode/muse-spark-1.3-contributor-free | opencode run --session ses_f31799c77ffeTq9gcYgqc4hBhg
2026-09-24T11:43:03+00:00 [watchdog] driver turn #2 exited rc=1 (transcript 3320185->3320250B)
2026-09-24T11:43:03+00:00 [watchdog] turn rc=1 looks quota-limited -> rotate to opencode/ling-3.0-flash-fin-free (hit 2/3)
2026-09-24T11:43:03+00:00 [watchdog] driver turn #3: model=--model opencode/ling-3.0-flash-fin-free | opencode run --session ses_f31799c77ffeTq9gcYgqc4hBhg
2026-09-24T11:43:04+00:00 [watchdog] driver turn #3 exited rc=1 (transcript 3320250->3320315B)
2026-09-24T11:43:04+00:00 [watchdog] turn rc=1 looks quota-limited -> rotate to opencode/nemotron-3.5-lightning-free (hit 3/3)
2026-09-24T11:43:04+00:00 [watchdog] driver giving up after 3 quota-limited runs; cron will retry
2026-09-24T11:43:04+00:00 [watchdog] driver ended after 3 turns (0 successful; rc=1)
2026-09-24T11:45:01+00:00 [watchdog] previous failure looks like quota/context exhaustion
2026-09-24T11:45:01+00:00 [watchdog] forcing free model: opencode/mimo-v2.6-flash-free
2026-09-24T11:45:01+00:00 [watchdog] agent idle (hb 678s, transcript 117s, run_alive=0) -> launching driver (model_args='--model opencode/mimo-v2.6-flash-free')
2026-09-24T11:45:01+00:00 [watchdog] driver turn #1: model=--model opencode/mimo-v2.6-flash-free | opencode run fresh
2026-09-24T11:45:02+00:00 [watchdog] driver turn #1 exited rc=1 (transcript 3320315->3320380B)
2026-09-24T11:45:02+00:00 [watchdog] turn rc=1 looks quota-limited -> rotate to opencode/muse-spark-1.3-contributor-free (hit 1/3)
2026-09-24T11:45:02+00:00 [watchdog] driver turn #2: model=--model opencode/muse-spark-1.3-contributor-free | opencode run --session ses_f31799c77ffeTq9gcYgqc4hBhg
2026-09-24T11:45:03+00:00 [watchdog] driver turn #2 exited rc=1 (transcript 3320380->3320445B)
2026-09-24T11:45:03+00:00 [watchdog] turn rc=1 looks quota-limited -> rotate to opencode/ling-3.0-flash-fin-free (hit 2/3)
2026-09-24T11:45:03+00:00 [watchdog] driver turn #3: model=--model opencode/ling-3.0-flash-fin-free | opencode run --session ses_f31799c77ffeTq9gcYgqc4hBhg
2026-09-24T11:45:03+00:00 [watchdog] driver turn #3 exited rc=1 (transcript 3320445->3320510B)
2026-09-24T11:45:03+00:00 [watchdog] turn rc=1 looks quota-limited -> rotate to opencode/nemotron-3.5-lightning-free (hit 3/3)
2026-09-24T11:45:03+00:00 [watchdog] driver giving up after 3 quota-limited runs; cron will retry
2026-09-24T11:45:03+00:00 [watchdog] driver ended after 3 turns (0 successful; rc=1)
2026-09-24T11:50:01+00:00 [watchdog] previous failure looks like quota/context exhaustion
2026-09-24T11:50:01+00:00 [watchdog] forcing free model: opencode/mimo-v2.6-flash-free
2026-09-24T11:50:01+00:00 [watchdog] agent idle (hb 978s, transcript 298s, run_alive=0) -> launching driver (model_args='--model opencode/mimo-v2.6-flash-free')
2026-09-24T11:50:01+00:00 [watchdog] driver turn #1: model=--model opencode/mimo-v2.6-flash-free | opencode run fresh
2026-09-24T11:50:02+00:00 [watchdog] driver turn #1 exited rc=1 (transcript 3320510->3320575B)
2026-09-24T11:50:02+00:00 [watchdog] turn rc=1 looks quota-limited -> rotate to opencode/muse-spark-1.3-contributor-free (hit 1/3)
2026-09-24T11:50:02+00:00 [watchdog] driver turn #2: model=--model opencode/muse-spark-1.3-contributor-free | opencode run --session ses_f31799c77ffeTq9gcYgqc4hBhg
2026-09-24T11:50:03+00:00 [watchdog] driver turn #2 exited rc=1 (transcript 3320575->3320640B)
2026-09-24T11:50:03+00:00 [watchdog] turn rc=1 looks quota-limited -> rotate to opencode/ling-3.0-flash-fin-free (hit 2/3)
2026-09-24T11:50:03+00:00 [watchdog] driver turn #3: model=--model opencode/ling-3.0-flash-fin-free | opencode run --session ses_f31799c77ffeTq9gcYgqc4hBhg
2026-09-24T11:50:04+00:00 [watchdog] driver turn #3 exited rc=1 (transcript 3320640->3320705B)
2026-09-24T11:50:04+00:00 [watchdog] turn rc=1 looks quota-limited -> rotate to opencode/nemotron-3.5-lightning-free (hit 3/3)
2026-09-24T11:50:04+00:00 [watchdog] driver giving up after 3 quota-limited runs; cron will retry
2026-09-24T11:50:04+00:00 [watchdog] driver ended after 3 turns (0 successful; rc=1)
2026-09-24T11:53:02+00:00 [watchdog] previous failure looks like quota/context exhaustion
2026-09-24T11:53:02+00:00 [watchdog] forcing free model: opencode/mimo-v2.6-flash-free
2026-09-24T11:53:02+00:00 [watchdog] agent idle (hb 1158s, transcript 177s, run_alive=0) -> launching driver (model_args='--model opencode/mimo-v2.6-flash-free')
2026-09-24T11:53:02+00:00 [watchdog] driver turn #1: model=--model opencode/mimo-v2.6-flash-free | opencode run fresh
2026-09-24T11:53:02+00:00 [watchdog] driver turn #1 exited rc=1 (transcript 3320705->3320807B)
2026-09-24T11:53:02+00:00 [watchdog] turn rc=1 looks quota-limited -> rotate to opencode/muse-spark-1.3-contributor-free (hit 1/3)
2026-09-24T11:53:02+00:00 [watchdog] driver turn #2: model=--model opencode/muse-spark-1.3-contributor-free | opencode run --session ses_f31799c77ffeTq9gcYgqc4hBhg
2026-09-24T11:53:03+00:00 [watchdog] driver turn #2 exited rc=1 (transcript 3320807->3320872B)
2026-09-24T11:53:03+00:00 [watchdog] turn rc=1 looks quota-limited -> rotate to opencode/ling-3.0-flash-fin-free (hit 2/3)
2026-09-24T11:53:03+00:00 [watchdog] driver turn #3: model=--model opencode/ling-3.0-flash-fin-free | opencode run --session ses_f31799c77ffeTq9gcYgqc4hBhg
2026-09-24T11:53:04+00:00 [watchdog] driver turn #3 exited rc=1 (transcript 3320872->3320937B)
2026-09-24T11:53:04+00:00 [watchdog] turn rc=1 looks quota-limited -> rotate to opencode/nemotron-3.5-lightning-free (hit 3/3)
2026-09-24T11:53:04+00:00 [watchdog] driver giving up after 3 quota-limited runs; cron will retry
2026-09-24T11:53:04+00:00 [watchdog] driver ended after 3 turns (0 successful; rc=1)
2026-09-24T11:55:01+00:00 [watchdog] previous failure looks like quota/context exhaustion
2026-09-24T11:55:01+00:00 [watchdog] forcing free model: opencode/mimo-v2.6-flash-free
2026-09-24T11:55:01+00:00 [watchdog] agent idle (hb 1278s, transcript 118s, run_alive=0) -> launching driver (model_args='--model opencode/mimo-v2.6-flash-free')
2026-09-24T11:55:01+00:00 [watchdog] driver turn #1: model=--model opencode/mimo-v2.6-flash-free | opencode run fresh
2026-09-24T11:55:02+00:00 [watchdog] driver turn #1 exited rc=1 (transcript 3320937->3321002B)
2026-09-24T11:55:02+00:00 [watchdog] turn rc=1 looks quota-limited -> rotate to opencode/muse-spark-1.3-contributor-free (hit 1/3)
2026-09-24T11:55:02+00:00 [watchdog] driver turn #2: model=--model opencode/muse-spark-1.3-contributor-free | opencode run --session ses_f31799c77ffeTq9gcYgqc4hBhg
2026-09-24T11:55:02+00:00 [watchdog] driver turn #2 exited rc=1 (transcript 3321002->3321067B)
2026-09-24T11:55:02+00:00 [watchdog] turn rc=1 looks quota-limited -> rotate to opencode/ling-3.0-flash-fin-free (hit 2/3)
2026-09-24T11:55:02+00:00 [watchdog] driver turn #3: model=--model opencode/ling-3.0-flash-fin-free | opencode run --session ses_f31799c77ffeTq9gcYgqc4hBhg
2026-09-24T11:55:03+00:00 [watchdog] driver turn #3 exited rc=1 (transcript 3321067->3321132B)
2026-09-24T11:55:03+00:00 [watchdog] turn rc=1 looks quota-limited -> rotate to opencode/nemotron-3.5-lightning-free (hit 3/3)
2026-09-24T11:55:03+00:00 [watchdog] driver giving up after 3 quota-limited runs; cron will retry
2026-09-24T11:55:03+00:00 [watchdog] driver ended after 3 turns (0 successful; rc=1)
2026-09-24T12:00:01+00:00 [watchdog] previous failure looks like quota/context exhaustion
2026-09-24T12:00:02+00:00 [watchdog] forcing free model: opencode/mimo-v2.6-flash-free
2026-09-24T12:00:02+00:00 [watchdog] agent idle (hb 1578s, transcript 298s, run_alive=0) -> launching driver (model_args='--model opencode/mimo-v2.6-flash-free')
2026-09-24T12:00:02+00:00 [watchdog] driver turn #1: model=--model opencode/mimo-v2.6-flash-free | opencode run fresh
2026-09-24T12:00:02+00:00 [watchdog] driver turn #1 exited rc=1 (transcript 3321132->3321197B)
2026-09-24T12:00:02+00:00 [watchdog] turn rc=1 looks quota-limited -> rotate to opencode/muse-spark-1.3-contributor-free (hit 1/3)
2026-09-24T12:00:02+00:00 [watchdog] driver turn #2: model=--model opencode/muse-spark-1.3-contributor-free | opencode run --session ses_f31799c77ffeTq9gcYgqc4hBhg
2026-09-24T12:00:03+00:00 [watchdog] driver turn #2 exited rc=1 (transcript 3321197->3321262B)
2026-09-24T12:00:03+00:00 [watchdog] turn rc=1 looks quota-limited -> rotate to opencode/ling-3.0-flash-fin-free (hit 2/3)
2026-09-24T12:00:03+00:00 [watchdog] driver turn #3: model=--model opencode/ling-3.0-flash-fin-free | opencode run --session ses_f31799c77ffeTq9gcYgqc4hBhg
2026-09-24T12:00:04+00:00 [watchdog] driver turn #3 exited rc=1 (transcript 3321262->3321327B)
2026-09-24T12:00:04+00:00 [watchdog] turn rc=1 looks quota-limited -> rotate to opencode/nemotron-3.5-lightning-free (hit 3/3)
2026-09-24T12:00:04+00:00 [watchdog] driver giving up after 3 quota-limited runs; cron will retry
2026-09-24T12:00:04+00:00 [watchdog] driver ended after 3 turns (0 successful; rc=1)
2026-09-24T12:03:02+00:00 [watchdog] previous failure looks like quota/context exhaustion
2026-09-24T12:03:02+00:00 [watchdog] forcing free model: opencode/mimo-v2.6-flash-free
2026-09-24T12:03:02+00:00 [watchdog] agent idle (hb 1759s, transcript 178s, run_alive=0) -> launching driver (model_args='--model opencode/mimo-v2.6-flash-free')
2026-09-24T12:03:02+00:00 [watchdog] driver turn #1: model=--model opencode/mimo-v2.6-flash-free | opencode run fresh
2026-09-24T12:03:03+00:00 [watchdog] driver turn #1 exited rc=1 (transcript 3321327->3321392B)
2026-09-24T12:03:03+00:00 [watchdog] turn rc=1 looks quota-limited -> rotate to opencode/muse-spark-1.3-contributor-free (hit 1/3)
2026-09-24T12:03:03+00:00 [watchdog] driver turn #2: model=--model opencode/muse-spark-1.3-contributor-free | opencode run --session ses_f31799c77ffeTq9gcYgqc4hBhg
2026-09-24T12:03:04+00:00 [watchdog] driver turn #2 exited rc=1 (transcript 3321392->3321457B)
2026-09-24T12:03:04+00:00 [watchdog] turn rc=1 looks quota-limited -> rotate to opencode/ling-3.0-flash-fin-free (hit 2/3)
2026-09-24T12:03:04+00:00 [watchdog] driver turn #3: model=--model opencode/ling-3.0-flash-fin-free | opencode run --session ses_f31799c77ffeTq9gcYgqc4hBhg
2026-09-24T12:03:04+00:00 [watchdog] driver turn #3 exited rc=1 (transcript 3321457->3321562B)
2026-09-24T12:03:04+00:00 [watchdog] turn rc=1 looks quota-limited -> rotate to opencode/nemotron-3.5-lightning-free (hit 3/3)
2026-09-24T12:03:04+00:00 [watchdog] driver giving up after 3 quota-limited runs; cron will retry
2026-09-24T12:03:04+00:00 [watchdog] driver ended after 3 turns (0 successful; rc=1)
2026-09-24T12:05:02+00:00 [watchdog] previous failure looks like quota/context exhaustion
2026-09-24T12:05:02+00:00 [watchdog] forcing free model: opencode/mimo-v2.6-flash-free
2026-09-24T12:05:02+00:00 [watchdog] agent idle (hb 1878s, transcript 117s, run_alive=0) -> launching driver (model_args='--model opencode/mimo-v2.6-flash-free')
2026-09-24T12:05:02+00:00 [watchdog] driver turn #1: model=--model opencode/mimo-v2.6-flash-free | opencode run fresh
2026-09-24T12:05:02+00:00 [watchdog] driver turn #1 exited rc=1 (transcript 3321562->3321627B)
2026-09-24T12:05:02+00:00 [watchdog] turn rc=1 looks quota-limited -> rotate to opencode/muse-spark-1.3-contributor-free (hit 1/3)
2026-09-24T12:05:02+00:00 [watchdog] driver turn #2: model=--model opencode/muse-spark-1.3-contributor-free | opencode run --session ses_f31799c77ffeTq9gcYgqc4hBhg
2026-09-24T12:05:03+00:00 [watchdog] driver turn #2 exited rc=1 (transcript 3321627->3321692B)
2026-09-24T12:05:03+00:00 [watchdog] turn rc=1 looks quota-limited -> rotate to opencode/ling-3.0-flash-fin-free (hit 2/3)
2026-09-24T12:05:03+00:00 [watchdog] driver turn #3: model=--model opencode/ling-3.0-flash-fin-free | opencode run --session ses_f31799c77ffeTq9gcYgqc4hBhg
2026-09-24T12:05:04+00:00 [watchdog] driver turn #3 exited rc=1 (transcript 3321692->3321757B)
2026-09-24T12:05:04+00:00 [watchdog] turn rc=1 looks quota-limited -> rotate to opencode/nemotron-3.5-lightning-free (hit 3/3)
2026-09-24T12:05:04+00:00 [watchdog] driver giving up after 3 quota-limited runs; cron will retry
2026-09-24T12:05:04+00:00 [watchdog] driver ended after 3 turns (0 successful; rc=1)
2026-09-24T12:10:01+00:00 [watchdog] previous failure looks like quota/context exhaustion
2026-09-24T12:10:01+00:00 [watchdog] forcing free model: opencode/mimo-v2.6-flash-free
2026-09-24T12:10:01+00:00 [watchdog] agent idle (hb 2178s, transcript 297s, run_alive=0) -> launching driver (model_args='--model opencode/mimo-v2.6-flash-free')
2026-09-24T12:10:01+00:00 [watchdog] driver turn #1: model=--model opencode/mimo-v2.6-flash-free | opencode run fresh
2026-09-24T12:10:02+00:00 [watchdog] driver turn #1 exited rc=1 (transcript 3321757->3321822B)
2026-09-24T12:10:02+00:00 [watchdog] turn rc=1 looks quota-limited -> rotate to opencode/muse-spark-1.3-contributor-free (hit 1/3)
2026-09-24T12:10:02+00:00 [watchdog] driver turn #2: model=--model opencode/muse-spark-1.3-contributor-free | opencode run --session ses_f31799c77ffeTq9gcYgqc4hBhg
2026-09-24T12:10:03+00:00 [watchdog] driver turn #2 exited rc=1 (transcript 3321822->3321887B)
2026-09-24T12:10:03+00:00 [watchdog] turn rc=1 looks quota-limited -> rotate to opencode/ling-3.0-flash-fin-free (hit 2/3)
2026-09-24T12:10:03+00:00 [watchdog] driver turn #3: model=--model opencode/ling-3.0-flash-fin-free | opencode run --session ses_f31799c77ffeTq9gcYgqc4hBhg
2026-09-24T12:10:04+00:00 [watchdog] driver turn #3 exited rc=1 (transcript 3321887->3321952B)
2026-09-24T12:10:04+00:00 [watchdog] turn rc=1 looks quota-limited -> rotate to opencode/nemotron-3.5-lightning-free (hit 3/3)
2026-09-24T12:10:04+00:00 [watchdog] driver giving up after 3 quota-limited runs; cron will retry
2026-09-24T12:10:04+00:00 [watchdog] driver ended after 3 turns (0 successful; rc=1)
2026-09-24T12:13:02+00:00 [watchdog] previous failure looks like quota/context exhaustion
2026-09-24T12:13:02+00:00 [watchdog] forcing free model: opencode/mimo-v2.6-flash-free
2026-09-24T12:13:02+00:00 [watchdog] agent idle (hb 2359s, transcript 178s, run_alive=0) -> launching driver (model_args='--model opencode/mimo-v2.6-flash-free')
2026-09-24T12:13:02+00:00 [watchdog] driver turn #1: model=--model opencode/mimo-v2.6-flash-free | opencode run fresh
2026-09-24T12:13:03+00:00 [watchdog] driver turn #1 exited rc=1 (transcript 3321952->3322017B)
2026-09-24T12:13:03+00:00 [watchdog] turn rc=1 looks quota-limited -> rotate to opencode/muse-spark-1.3-contributor-free (hit 1/3)
2026-09-24T12:13:03+00:00 [watchdog] driver turn #2: model=--model opencode/muse-spark-1.3-contributor-free | opencode run --session ses_f31799c77ffeTq9gcYgqc4hBhg
2026-09-24T12:13:03+00:00 [watchdog] driver turn #2 exited rc=1 (transcript 3322017->3322082B)
2026-09-24T12:13:03+00:00 [watchdog] turn rc=1 looks quota-limited -> rotate to opencode/ling-3.0-flash-fin-free (hit 2/3)
2026-09-24T12:13:03+00:00 [watchdog] driver turn #3: model=--model opencode/ling-3.0-flash-fin-free | opencode run --session ses_f31799c77ffeTq9gcYgqc4hBhg
2026-09-24T12:13:04+00:00 [watchdog] driver turn #3 exited rc=1 (transcript 3322082->3322147B)
2026-09-24T12:13:04+00:00 [watchdog] turn rc=1 looks quota-limited -> rotate to opencode/nemotron-3.5-lightning-free (hit 3/3)
2026-09-24T12:13:04+00:00 [watchdog] driver giving up after 3 quota-limited runs; cron will retry
2026-09-24T12:13:04+00:00 [watchdog] driver ended after 3 turns (0 successful; rc=1)
2026-09-24T12:15:01+00:00 [watchdog] previous failure looks like quota/context exhaustion
2026-09-24T12:15:01+00:00 [watchdog] forcing free model: opencode/mimo-v2.6-flash-free
2026-09-24T12:15:01+00:00 [watchdog] agent idle (hb 2478s, transcript 117s, run_alive=0) -> launching driver (model_args='--model opencode/mimo-v2.6-flash-free')
2026-09-24T12:15:01+00:00 [watchdog] driver turn #1: model=--model opencode/mimo-v2.6-flash-free | opencode run fresh
2026-09-24T12:15:02+00:00 [watchdog] driver turn #1 exited rc=1 (transcript 3322147->3322212B)
2026-09-24T12:15:02+00:00 [watchdog] turn rc=1 looks quota-limited -> rotate to opencode/muse-spark-1.3-contributor-free (hit 1/3)
2026-09-24T12:15:02+00:00 [watchdog] driver turn #2: model=--model opencode/muse-spark-1.3-contributor-free | opencode run --session ses_f31799c77ffeTq9gcYgqc4hBhg
2026-09-24T12:15:03+00:00 [watchdog] driver turn #2 exited rc=1 (transcript 3322212->3322277B)
2026-09-24T12:15:03+00:00 [watchdog] turn rc=1 looks quota-limited -> rotate to opencode/ling-3.0-flash-fin-free (hit 2/3)
2026-09-24T12:15:03+00:00 [watchdog] driver turn #3: model=--model opencode/ling-3.0-flash-fin-free | opencode run --session ses_f31799c77ffeTq9gcYgqc4hBhg
2026-09-24T12:15:03+00:00 [watchdog] driver turn #3 exited rc=1 (transcript 3322277->3322342B)
2026-09-24T12:15:03+00:00 [watchdog] turn rc=1 looks quota-limited -> rotate to opencode/nemotron-3.5-lightning-free (hit 3/3)
2026-09-24T12:15:03+00:00 [watchdog] driver giving up after 3 quota-limited runs; cron will retry
2026-09-24T12:15:03+00:00 [watchdog] driver ended after 3 turns (0 successful; rc=1)
2026-09-24T12:20:01+00:00 [watchdog] previous failure looks like quota/context exhaustion
2026-09-24T12:20:01+00:00 [watchdog] forcing free model: opencode/mimo-v2.6-flash-free
2026-09-24T12:20:01+00:00 [watchdog] agent idle (hb 2778s, transcript 298s, run_alive=0) -> launching driver (model_args='--model opencode/mimo-v2.6-flash-free')
2026-09-24T12:20:01+00:00 [watchdog] driver turn #1: model=--model opencode/mimo-v2.6-flash-free | opencode run fresh
2026-09-24T12:20:02+00:00 [watchdog] driver turn #1 exited rc=1 (transcript 3322342->3322407B)
2026-09-24T12:20:02+00:00 [watchdog] turn rc=1 looks quota-limited -> rotate to opencode/muse-spark-1.3-contributor-free (hit 1/3)
2026-09-24T12:20:02+00:00 [watchdog] driver turn #2: model=--model opencode/muse-spark-1.3-contributor-free | opencode run --session ses_f31799c77ffeTq9gcYgqc4hBhg
2026-09-24T12:20:03+00:00 [watchdog] driver turn #2 exited rc=1 (transcript 3322407->3322472B)
2026-09-24T12:20:03+00:00 [watchdog] turn rc=1 looks quota-limited -> rotate to opencode/ling-3.0-flash-fin-free (hit 2/3)
2026-09-24T12:20:03+00:00 [watchdog] driver turn #3: model=--model opencode/ling-3.0-flash-fin-free | opencode run --session ses_f31799c77ffeTq9gcYgqc4hBhg
2026-09-24T12:20:03+00:00 [watchdog] driver turn #3 exited rc=1 (transcript 3322472->3322537B)
2026-09-24T12:20:03+00:00 [watchdog] turn rc=1 looks quota-limited -> rotate to opencode/nemotron-3.5-lightning-free (hit 3/3)
2026-09-24T12:20:03+00:00 [watchdog] driver giving up after 3 quota-limited runs; cron will retry
2026-09-24T12:20:03+00:00 [watchdog] driver ended after 3 turns (0 successful; rc=1)
2026-09-24T12:23:02+00:00 [watchdog] previous failure looks like quota/context exhaustion
2026-09-24T12:23:02+00:00 [watchdog] forcing free model: opencode/mimo-v2.6-flash-free
2026-09-24T12:23:02+00:00 [watchdog] agent idle (hb 2959s, transcript 179s, run_alive=0) -> launching driver (model_args='--model opencode/mimo-v2.6-flash-free')
2026-09-24T12:23:02+00:00 [watchdog] driver turn #1: model=--model opencode/mimo-v2.6-flash-free | opencode run fresh
2026-09-24T12:23:02+00:00 [watchdog] driver turn #1 exited rc=1 (transcript 3322537->3322602B)
2026-09-24T12:23:02+00:00 [watchdog] turn rc=1 looks quota-limited -> rotate to opencode/muse-spark-1.3-contributor-free (hit 1/3)
2026-09-24T12:23:03+00:00 [watchdog] driver turn #2: model=--model opencode/muse-spark-1.3-contributor-free | opencode run --session ses_f31799c77ffeTq9gcYgqc4hBhg
2026-09-24T12:23:03+00:00 [watchdog] driver turn #2 exited rc=1 (transcript 3322602->3322667B)
2026-09-24T12:23:03+00:00 [watchdog] turn rc=1 looks quota-limited -> rotate to opencode/ling-3.0-flash-fin-free (hit 2/3)
2026-09-24T12:23:03+00:00 [watchdog] driver turn #3: model=--model opencode/ling-3.0-flash-fin-free | opencode run --session ses_f31799c77ffeTq9gcYgqc4hBhg
2026-09-24T12:23:04+00:00 [watchdog] driver turn #3 exited rc=1 (transcript 3322667->3322732B)
2026-09-24T12:23:04+00:00 [watchdog] turn rc=1 looks quota-limited -> rotate to opencode/nemotron-3.5-lightning-free (hit 3/3)
2026-09-24T12:23:04+00:00 [watchdog] driver giving up after 3 quota-limited runs; cron will retry
2026-09-24T12:23:04+00:00 [watchdog] driver ended after 3 turns (0 successful; rc=1)
2026-09-24T12:25:01+00:00 [watchdog] previous failure looks like quota/context exhaustion
2026-09-24T12:25:01+00:00 [watchdog] forcing free model: opencode/mimo-v2.6-flash-free
2026-09-24T12:25:01+00:00 [watchdog] agent idle (hb 3078s, transcript 117s, run_alive=0) -> launching driver (model_args='--model opencode/mimo-v2.6-flash-free')
2026-09-24T12:25:01+00:00 [watchdog] driver turn #1: model=--model opencode/mimo-v2.6-flash-free | opencode run fresh
2026-09-24T12:25:02+00:00 [watchdog] driver turn #1 exited rc=1 (transcript 3322732->3322797B)
2026-09-24T12:25:02+00:00 [watchdog] turn rc=1 looks quota-limited -> rotate to opencode/muse-spark-1.3-contributor-free (hit 1/3)
2026-09-24T12:25:02+00:00 [watchdog] driver turn #2: model=--model opencode/muse-spark-1.3-contributor-free | opencode run --session ses_f31799c77ffeTq9gcYgqc4hBhg
2026-09-24T12:25:02+00:00 [watchdog] driver turn #2 exited rc=1 (transcript 3322797->3322862B)
2026-09-24T12:25:02+00:00 [watchdog] turn rc=1 looks quota-limited -> rotate to opencode/ling-3.0-flash-fin-free (hit 2/3)
2026-09-24T12:25:02+00:00 [watchdog] driver turn #3: model=--model opencode/ling-3.0-flash-fin-free | opencode run --session ses_f31799c77ffeTq9gcYgqc4hBhg
2026-09-24T12:25:03+00:00 [watchdog] driver turn #3 exited rc=1 (transcript 3322862->3322927B)
2026-09-24T12:25:03+00:00 [watchdog] turn rc=1 looks quota-limited -> rotate to opencode/nemotron-3.5-lightning-free (hit 3/3)
2026-09-24T12:25:03+00:00 [watchdog] driver giving up after 3 quota-limited runs; cron will retry
2026-09-24T12:25:03+00:00 [watchdog] driver ended after 3 turns (0 successful; rc=1)
2026-09-24T12:30:02+00:00 [watchdog] previous failure looks like quota/context exhaustion
2026-09-24T12:30:02+00:00 [watchdog] forcing free model: opencode/mimo-v2.6-flash-free
2026-09-24T12:30:02+00:00 [watchdog] agent idle (hb 3378s, transcript 298s, run_alive=0) -> launching driver (model_args='--model opencode/mimo-v2.6-flash-free')
2026-09-24T12:30:02+00:00 [watchdog] driver turn #1: model=--model opencode/mimo-v2.6-flash-free | opencode run fresh
2026-09-24T12:30:02+00:00 [watchdog] driver turn #1 exited rc=1 (transcript 3322927->3322992B)
2026-09-24T12:30:02+00:00 [watchdog] turn rc=1 looks quota-limited -> rotate to opencode/muse-spark-1.3-contributor-free (hit 1/3)
2026-09-24T12:30:02+00:00 [watchdog] driver turn #2: model=--model opencode/muse-spark-1.3-contributor-free | opencode run --session ses_f31799c77ffeTq9gcYgqc4hBhg
2026-09-24T12:30:03+00:00 [watchdog] driver turn #2 exited rc=1 (transcript 3322992->3323057B)
2026-09-24T12:30:03+00:00 [watchdog] turn rc=1 looks quota-limited -> rotate to opencode/ling-3.0-flash-fin-free (hit 2/3)
2026-09-24T12:30:03+00:00 [watchdog] driver turn #3: model=--model opencode/ling-3.0-flash-fin-free | opencode run --session ses_f31799c77ffeTq9gcYgqc4hBhg
2026-09-24T12:30:04+00:00 [watchdog] driver turn #3 exited rc=1 (transcript 3323057->3323122B)
2026-09-24T12:30:04+00:00 [watchdog] turn rc=1 looks quota-limited -> rotate to opencode/nemotron-3.5-lightning-free (hit 3/3)
2026-09-24T12:30:04+00:00 [watchdog] driver giving up after 3 quota-limited runs; cron will retry
2026-09-24T12:30:04+00:00 [watchdog] driver ended after 3 turns (0 successful; rc=1)
2026-09-24T12:33:01+00:00 [watchdog] previous failure looks like quota/context exhaustion
2026-09-24T12:33:01+00:00 [watchdog] forcing free model: opencode/mimo-v2.6-flash-free
2026-09-24T12:33:01+00:00 [watchdog] agent idle (hb 3558s, transcript 177s, run_alive=0) -> launching driver (model_args='--model opencode/mimo-v2.6-flash-free')
2026-09-24T12:33:01+00:00 [watchdog] driver turn #1: model=--model opencode/mimo-v2.6-flash-free | opencode run fresh
2026-09-24T12:33:02+00:00 [watchdog] driver turn #1 exited rc=1 (transcript 3323122->3323187B)
2026-09-24T12:33:02+00:00 [watchdog] turn rc=1 looks quota-limited -> rotate to opencode/muse-spark-1.3-contributor-free (hit 1/3)
2026-09-24T12:33:02+00:00 [watchdog] driver turn #2: model=--model opencode/muse-spark-1.3-contributor-free | opencode run --session ses_f31799c77ffeTq9gcYgqc4hBhg
2026-09-24T12:33:03+00:00 [watchdog] driver turn #2 exited rc=1 (transcript 3323187->3323252B)
2026-09-24T12:33:03+00:00 [watchdog] turn rc=1 looks quota-limited -> rotate to opencode/ling-3.0-flash-fin-free (hit 2/3)
2026-09-24T12:33:03+00:00 [watchdog] driver turn #3: model=--model opencode/ling-3.0-flash-fin-free | opencode run --session ses_f31799c77ffeTq9gcYgqc4hBhg
2026-09-24T12:33:03+00:00 [watchdog] driver turn #3 exited rc=1 (transcript 3323252->3323317B)
2026-09-24T12:33:03+00:00 [watchdog] turn rc=1 looks quota-limited -> rotate to opencode/nemotron-3.5-lightning-free (hit 3/3)
2026-09-24T12:33:03+00:00 [watchdog] driver giving up after 3 quota-limited runs; cron will retry
2026-09-24T12:33:03+00:00 [watchdog] driver ended after 3 turns (0 successful; rc=1)
2026-09-24T12:35:01+00:00 [watchdog] previous failure looks like quota/context exhaustion
2026-09-24T12:35:01+00:00 [watchdog] forcing free model: opencode/mimo-v2.6-flash-free
2026-09-24T12:35:01+00:00 [watchdog] agent idle (hb 3678s, transcript 118s, run_alive=0) -> launching driver (model_args='--model opencode/mimo-v2.6-flash-free')
2026-09-24T12:35:01+00:00 [watchdog] driver turn #1: model=--model opencode/mimo-v2.6-flash-free | opencode run fresh
2026-09-24T12:35:02+00:00 [watchdog] driver turn #1 exited rc=1 (transcript 3323317->3323382B)
2026-09-24T12:35:02+00:00 [watchdog] turn rc=1 looks quota-limited -> rotate to opencode/muse-spark-1.3-contributor-free (hit 1/3)
2026-09-24T12:35:02+00:00 [watchdog] driver turn #2: model=--model opencode/muse-spark-1.3-contributor-free | opencode run --session ses_f31799c77ffeTq9gcYgqc4hBhg
2026-09-24T12:35:02+00:00 [watchdog] driver turn #2 exited rc=1 (transcript 3323382->3323447B)
2026-09-24T12:35:02+00:00 [watchdog] turn rc=1 looks quota-limited -> rotate to opencode/ling-3.0-flash-fin-free (hit 2/3)
2026-09-24T12:35:02+00:00 [watchdog] driver turn #3: model=--model opencode/ling-3.0-flash-fin-free | opencode run --session ses_f31799c77ffeTq9gcYgqc4hBhg
2026-09-24T12:35:03+00:00 [watchdog] driver turn #3 exited rc=1 (transcript 3323447->3323512B)
2026-09-24T12:35:03+00:00 [watchdog] turn rc=1 looks quota-limited -> rotate to opencode/nemotron-3.5-lightning-free (hit 3/3)
2026-09-24T12:35:03+00:00 [watchdog] driver giving up after 3 quota-limited runs; cron will retry
2026-09-24T12:35:03+00:00 [watchdog] driver ended after 3 turns (0 successful; rc=1)
2026-09-24T12:40:02+00:00 [watchdog] previous failure looks like quota/context exhaustion
2026-09-24T12:40:02+00:00 [watchdog] forcing free model: opencode/mimo-v2.6-flash-free
2026-09-24T12:40:02+00:00 [watchdog] agent idle (hb 3978s, transcript 299s, run_alive=0) -> launching driver (model_args='--model opencode/mimo-v2.6-flash-free')
2026-09-24T12:40:02+00:00 [watchdog] driver turn #1: model=--model opencode/mimo-v2.6-flash-free | opencode run fresh
2026-09-24T12:40:03+00:00 [watchdog] driver turn #1 exited rc=1 (transcript 3323512->3323614B)
2026-09-24T12:40:03+00:00 [watchdog] turn rc=1 looks quota-limited -> rotate to opencode/muse-spark-1.3-contributor-free (hit 1/3)
2026-09-24T12:40:03+00:00 [watchdog] driver turn #2: model=--model opencode/muse-spark-1.3-contributor-free | opencode run --session ses_f31799c77ffeTq9gcYgqc4hBhg
2026-09-24T12:40:03+00:00 [watchdog] driver turn #2 exited rc=1 (transcript 3323614->3323679B)
2026-09-24T12:40:03+00:00 [watchdog] turn rc=1 looks quota-limited -> rotate to opencode/ling-3.0-flash-fin-free (hit 2/3)
2026-09-24T12:40:03+00:00 [watchdog] driver turn #3: model=--model opencode/ling-3.0-flash-fin-free | opencode run --session ses_f31799c77ffeTq9gcYgqc4hBhg
2026-09-24T12:40:04+00:00 [watchdog] driver turn #3 exited rc=1 (transcript 3323679->3323744B)
2026-09-24T12:40:04+00:00 [watchdog] turn rc=1 looks quota-limited -> rotate to opencode/nemotron-3.5-lightning-free (hit 3/3)
2026-09-24T12:40:04+00:00 [watchdog] driver giving up after 3 quota-limited runs; cron will retry
2026-09-24T12:40:04+00:00 [watchdog] driver ended after 3 turns (0 successful; rc=1)
2026-09-24T12:43:02+00:00 [watchdog] previous failure looks like quota/context exhaustion
2026-09-24T12:43:02+00:00 [watchdog] forcing free model: opencode/mimo-v2.6-flash-free
2026-09-24T12:43:02+00:00 [watchdog] agent idle (hb 4159s, transcript 178s, run_alive=0) -> launching driver (model_args='--model opencode/mimo-v2.6-flash-free')
2026-09-24T12:43:02+00:00 [watchdog] driver turn #1: model=--model opencode/mimo-v2.6-flash-free | opencode run fresh
2026-09-24T12:43:02+00:00 [watchdog] driver turn #1 exited rc=1 (transcript 3323744->3323809B)
2026-09-24T12:43:02+00:00 [watchdog] turn rc=1 looks quota-limited -> rotate to opencode/muse-spark-1.3-contributor-free (hit 1/3)
2026-09-24T12:43:02+00:00 [watchdog] driver turn #2: model=--model opencode/muse-spark-1.3-contributor-free | opencode run --session ses_f31799c77ffeTq9gcYgqc4hBhg
2026-09-24T12:43:03+00:00 [watchdog] driver turn #2 exited rc=1 (transcript 3323809->3323874B)
2026-09-24T12:43:03+00:00 [watchdog] turn rc=1 looks quota-limited -> rotate to opencode/ling-3.0-flash-fin-free (hit 2/3)
2026-09-24T12:43:03+00:00 [watchdog] driver turn #3: model=--model opencode/ling-3.0-flash-fin-free | opencode run --session ses_f31799c77ffeTq9gcYgqc4hBhg
2026-09-24T12:43:04+00:00 [watchdog] driver turn #3 exited rc=1 (transcript 3323874->3323939B)
2026-09-24T12:43:04+00:00 [watchdog] turn rc=1 looks quota-limited -> rotate to opencode/nemotron-3.5-lightning-free (hit 3/3)
2026-09-24T12:43:04+00:00 [watchdog] driver giving up after 3 quota-limited runs; cron will retry
2026-09-24T12:43:04+00:00 [watchdog] driver ended after 3 turns (0 successful; rc=1)
2026-09-24T12:45:01+00:00 [watchdog] previous failure looks like quota/context exhaustion
2026-09-24T12:45:01+00:00 [watchdog] forcing free model: opencode/mimo-v2.6-flash-free
2026-09-24T12:45:01+00:00 [watchdog] agent idle (hb 4278s, transcript 117s, run_alive=0) -> launching driver (model_args='--model opencode/mimo-v2.6-flash-free')
2026-09-24T12:45:01+00:00 [watchdog] driver turn #1: model=--model opencode/mimo-v2.6-flash-free | opencode run fresh
2026-09-24T12:45:01+00:00 [watchdog] driver turn #1 exited rc=1 (transcript 3323939->3324004B)
2026-09-24T12:45:01+00:00 [watchdog] turn rc=1 looks quota-limited -> rotate to opencode/muse-spark-1.3-contributor-free (hit 1/3)
2026-09-24T12:45:01+00:00 [watchdog] driver turn #2: model=--model opencode/muse-spark-1.3-contributor-free | opencode run --session ses_f31799c77ffeTq9gcYgqc4hBhg
2026-09-24T12:45:02+00:00 [watchdog] driver turn #2 exited rc=1 (transcript 3324004->3324069B)
2026-09-24T12:45:02+00:00 [watchdog] turn rc=1 looks quota-limited -> rotate to opencode/ling-3.0-flash-fin-free (hit 2/3)
2026-09-24T12:45:02+00:00 [watchdog] driver turn #3: model=--model opencode/ling-3.0-flash-fin-free | opencode run --session ses_f31799c77ffeTq9gcYgqc4hBhg
2026-09-24T12:45:03+00:00 [watchdog] driver turn #3 exited rc=1 (transcript 3324069->3324134B)
2026-09-24T12:45:03+00:00 [watchdog] turn rc=1 looks quota-limited -> rotate to opencode/nemotron-3.5-lightning-free (hit 3/3)
2026-09-24T12:45:03+00:00 [watchdog] driver giving up after 3 quota-limited runs; cron will retry
2026-09-24T12:45:03+00:00 [watchdog] driver ended after 3 turns (0 successful; rc=1)
2026-09-24T12:50:01+00:00 [watchdog] previous failure looks like quota/context exhaustion
2026-09-24T12:50:01+00:00 [watchdog] forcing free model: opencode/mimo-v2.6-flash-free
2026-09-24T12:50:01+00:00 [watchdog] agent idle (hb 4578s, transcript 298s, run_alive=0) -> launching driver (model_args='--model opencode/mimo-v2.6-flash-free')
2026-09-24T12:50:01+00:00 [watchdog] driver turn #1: model=--model opencode/mimo-v2.6-flash-free | opencode run fresh
2026-09-24T12:50:02+00:00 [watchdog] driver turn #1 exited rc=1 (transcript 3324134->3324236B)
2026-09-24T12:50:02+00:00 [watchdog] turn rc=1 looks quota-limited -> rotate to opencode/muse-spark-1.3-contributor-free (hit 1/3)
2026-09-24T12:50:02+00:00 [watchdog] driver turn #2: model=--model opencode/muse-spark-1.3-contributor-free | opencode run --session ses_f31799c77ffeTq9gcYgqc4hBhg
2026-09-24T12:50:03+00:00 [watchdog] driver turn #2 exited rc=1 (transcript 3324236->3324301B)
2026-09-24T12:50:03+00:00 [watchdog] turn rc=1 looks quota-limited -> rotate to opencode/ling-3.0-flash-fin-free (hit 2/3)
2026-09-24T12:50:03+00:00 [watchdog] driver turn #3: model=--model opencode/ling-3.0-flash-fin-free | opencode run --session ses_f31799c77ffeTq9gcYgqc4hBhg
2026-09-24T12:50:03+00:00 [watchdog] driver turn #3 exited rc=1 (transcript 3324301->3324366B)
2026-09-24T12:50:03+00:00 [watchdog] turn rc=1 looks quota-limited -> rotate to opencode/nemotron-3.5-lightning-free (hit 3/3)
2026-09-24T12:50:03+00:00 [watchdog] driver giving up after 3 quota-limited runs; cron will retry
2026-09-24T12:50:03+00:00 [watchdog] driver ended after 3 turns (0 successful; rc=1)
2026-09-24T12:53:02+00:00 [watchdog] previous failure looks like quota/context exhaustion
2026-09-24T12:53:02+00:00 [watchdog] forcing free model: opencode/mimo-v2.6-flash-free
2026-09-24T12:53:02+00:00 [watchdog] agent idle (hb 4759s, transcript 179s, run_alive=0) -> launching driver (model_args='--model opencode/mimo-v2.6-flash-free')
2026-09-24T12:53:02+00:00 [watchdog] driver turn #1: model=--model opencode/mimo-v2.6-flash-free | opencode run fresh
2026-09-24T12:53:02+00:00 [watchdog] driver turn #1 exited rc=1 (transcript 3324366->3324431B)
2026-09-24T12:53:02+00:00 [watchdog] turn rc=1 looks quota-limited -> rotate to opencode/muse-spark-1.3-contributor-free (hit 1/3)
2026-09-24T12:53:02+00:00 [watchdog] driver turn #2: model=--model opencode/muse-spark-1.3-contributor-free | opencode run --session ses_f31799c77ffeTq9gcYgqc4hBhg
2026-09-24T12:53:03+00:00 [watchdog] driver turn #2 exited rc=1 (transcript 3324431->3324496B)
2026-09-24T12:53:03+00:00 [watchdog] turn rc=1 looks quota-limited -> rotate to opencode/ling-3.0-flash-fin-free (hit 2/3)
2026-09-24T12:53:03+00:00 [watchdog] driver turn #3: model=--model opencode/ling-3.0-flash-fin-free | opencode run --session ses_f31799c77ffeTq9gcYgqc4hBhg
2026-09-24T12:53:04+00:00 [watchdog] driver turn #3 exited rc=1 (transcript 3324496->3324561B)
2026-09-24T12:53:04+00:00 [watchdog] turn rc=1 looks quota-limited -> rotate to opencode/nemotron-3.5-lightning-free (hit 3/3)
2026-09-24T12:53:04+00:00 [watchdog] driver giving up after 3 quota-limited runs; cron will retry
2026-09-24T12:53:04+00:00 [watchdog] driver ended after 3 turns (0 successful; rc=1)
2026-09-24T12:55:01+00:00 [watchdog] previous failure looks like quota/context exhaustion
2026-09-24T12:55:01+00:00 [watchdog] forcing free model: opencode/mimo-v2.6-flash-free
2026-09-24T12:55:01+00:00 [watchdog] agent idle (hb 4878s, transcript 117s, run_alive=0) -> launching driver (model_args='--model opencode/mimo-v2.6-flash-free')
2026-09-24T12:55:01+00:00 [watchdog] driver turn #1: model=--model opencode/mimo-v2.6-flash-free | opencode run fresh
2026-09-24T12:55:02+00:00 [watchdog] driver turn #1 exited rc=1 (transcript 3324561->3324626B)
2026-09-24T12:55:02+00:00 [watchdog] turn rc=1 looks quota-limited -> rotate to opencode/muse-spark-1.3-contributor-free (hit 1/3)
2026-09-24T12:55:02+00:00 [watchdog] driver turn #2: model=--model opencode/muse-spark-1.3-contributor-free | opencode run --session ses_f31799c77ffeTq9gcYgqc4hBhg
2026-09-24T12:55:03+00:00 [watchdog] driver turn #2 exited rc=1 (transcript 3324626->3324691B)
2026-09-24T12:55:03+00:00 [watchdog] turn rc=1 looks quota-limited -> rotate to opencode/ling-3.0-flash-fin-free (hit 2/3)
2026-09-24T12:55:03+00:00 [watchdog] driver turn #3: model=--model opencode/ling-3.0-flash-fin-free | opencode run --session ses_f31799c77ffeTq9gcYgqc4hBhg
2026-09-24T12:55:03+00:00 [watchdog] driver turn #3 exited rc=1 (transcript 3324691->3324756B)
2026-09-24T12:55:03+00:00 [watchdog] turn rc=1 looks quota-limited -> rotate to opencode/nemotron-3.5-lightning-free (hit 3/3)
2026-09-24T12:55:03+00:00 [watchdog] driver giving up after 3 quota-limited runs; cron will retry
2026-09-24T12:55:03+00:00 [watchdog] driver ended after 3 turns (0 successful; rc=1)
2026-09-24T13:00:01+00:00 [watchdog] previous failure looks like quota/context exhaustion
2026-09-24T13:00:01+00:00 [watchdog] forcing free model: opencode/mimo-v2.6-flash-free
2026-09-24T13:00:01+00:00 [watchdog] agent idle (hb 5178s, transcript 298s, run_alive=0) -> launching driver (model_args='--model opencode/mimo-v2.6-flash-free')
2026-09-24T13:00:01+00:00 [watchdog] driver turn #1: model=--model opencode/mimo-v2.6-flash-free | opencode run fresh
2026-09-24T13:00:02+00:00 [watchdog] driver turn #1 exited rc=1 (transcript 3324756->3324858B)
2026-09-24T13:00:02+00:00 [watchdog] turn rc=1 looks quota-limited -> rotate to opencode/muse-spark-1.3-contributor-free (hit 1/3)
2026-09-24T13:00:02+00:00 [watchdog] driver turn #2: model=--model opencode/muse-spark-1.3-contributor-free | opencode run --session ses_f31799c77ffeTq9gcYgqc4hBhg
2026-09-24T13:00:02+00:00 [watchdog] driver turn #2 exited rc=1 (transcript 3324858->3324923B)
2026-09-24T13:00:02+00:00 [watchdog] turn rc=1 looks quota-limited -> rotate to opencode/ling-3.0-flash-fin-free (hit 2/3)
2026-09-24T13:00:02+00:00 [watchdog] driver turn #3: model=--model opencode/ling-3.0-flash-fin-free | opencode run --session ses_f31799c77ffeTq9gcYgqc4hBhg
2026-09-24T13:00:03+00:00 [watchdog] driver turn #3 exited rc=1 (transcript 3324923->3324988B)
2026-09-24T13:00:03+00:00 [watchdog] turn rc=1 looks quota-limited -> rotate to opencode/nemotron-3.5-lightning-free (hit 3/3)
2026-09-24T13:00:03+00:00 [watchdog] driver giving up after 3 quota-limited runs; cron will retry
2026-09-24T13:00:03+00:00 [watchdog] driver ended after 3 turns (0 successful; rc=1)
2026-09-24T13:03:01+00:00 [watchdog] previous failure looks like quota/context exhaustion
2026-09-24T13:03:01+00:00 [watchdog] forcing free model: opencode/mimo-v2.6-flash-free
2026-09-24T13:03:01+00:00 [watchdog] agent idle (hb 5358s, transcript 178s, run_alive=0) -> launching driver (model_args='--model opencode/mimo-v2.6-flash-free')
2026-09-24T13:03:01+00:00 [watchdog] driver turn #1: model=--model opencode/mimo-v2.6-flash-free | opencode run fresh
2026-09-24T13:03:02+00:00 [watchdog] driver turn #1 exited rc=1 (transcript 3324988->3325053B)
2026-09-24T13:03:02+00:00 [watchdog] turn rc=1 looks quota-limited -> rotate to opencode/muse-spark-1.3-contributor-free (hit 1/3)
2026-09-24T13:03:02+00:00 [watchdog] driver turn #2: model=--model opencode/muse-spark-1.3-contributor-free | opencode run --session ses_f31799c77ffeTq9gcYgqc4hBhg
2026-09-24T13:03:03+00:00 [watchdog] driver turn #2 exited rc=1 (transcript 3325053->3325118B)
2026-09-24T13:03:03+00:00 [watchdog] turn rc=1 looks quota-limited -> rotate to opencode/ling-3.0-flash-fin-free (hit 2/3)
2026-09-24T13:03:03+00:00 [watchdog] driver turn #3: model=--model opencode/ling-3.0-flash-fin-free | opencode run --session ses_f31799c77ffeTq9gcYgqc4hBhg
2026-09-24T13:03:03+00:00 [watchdog] driver turn #3 exited rc=1 (transcript 3325118->3325183B)
2026-09-24T13:03:03+00:00 [watchdog] turn rc=1 looks quota-limited -> rotate to opencode/nemotron-3.5-lightning-free (hit 3/3)
2026-09-24T13:03:03+00:00 [watchdog] driver giving up after 3 quota-limited runs; cron will retry
2026-09-24T13:03:03+00:00 [watchdog] driver ended after 3 turns (0 successful; rc=1)
2026-09-24T13:05:01+00:00 [watchdog] previous failure looks like quota/context exhaustion
2026-09-24T13:05:01+00:00 [watchdog] forcing free model: opencode/mimo-v2.6-flash-free
2026-09-24T13:05:01+00:00 [watchdog] agent idle (hb 5478s, transcript 118s, run_alive=0) -> launching driver (model_args='--model opencode/mimo-v2.6-flash-free')
2026-09-24T13:05:01+00:00 [watchdog] driver turn #1: model=--model opencode/mimo-v2.6-flash-free | opencode run fresh
2026-09-24T13:05:02+00:00 [watchdog] driver turn #1 exited rc=1 (transcript 3325183->3325248B)
2026-09-24T13:05:02+00:00 [watchdog] turn rc=1 looks quota-limited -> rotate to opencode/muse-spark-1.3-contributor-free (hit 1/3)
2026-09-24T13:05:02+00:00 [watchdog] driver turn #2: model=--model opencode/muse-spark-1.3-contributor-free | opencode run --session ses_f31799c77ffeTq9gcYgqc4hBhg
2026-09-24T13:05:03+00:00 [watchdog] driver turn #2 exited rc=1 (transcript 3325248->3325313B)
2026-09-24T13:05:03+00:00 [watchdog] turn rc=1 looks quota-limited -> rotate to opencode/ling-3.0-flash-fin-free (hit 2/3)
2026-09-24T13:05:03+00:00 [watchdog] driver turn #3: model=--model opencode/ling-3.0-flash-fin-free | opencode run --session ses_f31799c77ffeTq9gcYgqc4hBhg
2026-09-24T13:05:04+00:00 [watchdog] driver turn #3 exited rc=1 (transcript 3325313->3325378B)
2026-09-24T13:05:04+00:00 [watchdog] turn rc=1 looks quota-limited -> rotate to opencode/nemotron-3.5-lightning-free (hit 3/3)
2026-09-24T13:05:04+00:00 [watchdog] driver giving up after 3 quota-limited runs; cron will retry
2026-09-24T13:05:04+00:00 [watchdog] driver ended after 3 turns (0 successful; rc=1)
2026-09-24T13:10:01+00:00 [watchdog] previous failure looks like quota/context exhaustion
2026-09-24T13:10:01+00:00 [watchdog] forcing free model: opencode/mimo-v2.6-flash-free
2026-09-24T13:10:01+00:00 [watchdog] agent idle (hb 5778s, transcript 297s, run_alive=0) -> launching driver (model_args='--model opencode/mimo-v2.6-flash-free')
2026-09-24T13:10:01+00:00 [watchdog] driver turn #1: model=--model opencode/mimo-v2.6-flash-free | opencode run fresh
2026-09-24T13:10:02+00:00 [watchdog] driver turn #1 exited rc=1 (transcript 3325378->3325443B)
2026-09-24T13:10:02+00:00 [watchdog] turn rc=1 looks quota-limited -> rotate to opencode/muse-spark-1.3-contributor-free (hit 1/3)
2026-09-24T13:10:02+00:00 [watchdog] driver turn #2: model=--model opencode/muse-spark-1.3-contributor-free | opencode run --session ses_f31799c77ffeTq9gcYgqc4hBhg
2026-09-24T13:10:03+00:00 [watchdog] driver turn #2 exited rc=1 (transcript 3325443->3325508B)
2026-09-24T13:10:03+00:00 [watchdog] turn rc=1 looks quota-limited -> rotate to opencode/ling-3.0-flash-fin-free (hit 2/3)
2026-09-24T13:10:03+00:00 [watchdog] driver turn #3: model=--model opencode/ling-3.0-flash-fin-free | opencode run --session ses_f31799c77ffeTq9gcYgqc4hBhg
2026-09-24T13:10:04+00:00 [watchdog] driver turn #3 exited rc=1 (transcript 3325508->3325573B)
2026-09-24T13:10:04+00:00 [watchdog] turn rc=1 looks quota-limited -> rotate to opencode/nemotron-3.5-lightning-free (hit 3/3)
2026-09-24T13:10:04+00:00 [watchdog] driver giving up after 3 quota-limited runs; cron will retry
2026-09-24T13:10:04+00:00 [watchdog] driver ended after 3 turns (0 successful; rc=1)
2026-09-24T13:13:01+00:00 [watchdog] previous failure looks like quota/context exhaustion
2026-09-24T13:13:01+00:00 [watchdog] forcing free model: opencode/mimo-v2.6-flash-free
2026-09-24T13:13:01+00:00 [watchdog] agent idle (hb 5958s, transcript 177s, run_alive=0) -> launching driver (model_args='--model opencode/mimo-v2.6-flash-free')
2026-09-24T13:13:01+00:00 [watchdog] driver turn #1: model=--model opencode/mimo-v2.6-flash-free | opencode run fresh
2026-09-24T13:13:02+00:00 [watchdog] driver turn #1 exited rc=1 (transcript 3325573->3325638B)
2026-09-24T13:13:02+00:00 [watchdog] turn rc=1 looks quota-limited -> rotate to opencode/muse-spark-1.3-contributor-free (hit 1/3)
2026-09-24T13:13:02+00:00 [watchdog] driver turn #2: model=--model opencode/muse-spark-1.3-contributor-free | opencode run --session ses_f31799c77ffeTq9gcYgqc4hBhg
2026-09-24T13:13:02+00:00 [watchdog] driver turn #2 exited rc=1 (transcript 3325638->3325703B)
2026-09-24T13:13:02+00:00 [watchdog] turn rc=1 looks quota-limited -> rotate to opencode/ling-3.0-flash-fin-free (hit 2/3)
2026-09-24T13:13:02+00:00 [watchdog] driver turn #3: model=--model opencode/ling-3.0-flash-fin-free | opencode run --session ses_f31799c77ffeTq9gcYgqc4hBhg
2026-09-24T13:13:03+00:00 [watchdog] driver turn #3 exited rc=1 (transcript 3325703->3325768B)
2026-09-24T13:13:03+00:00 [watchdog] turn rc=1 looks quota-limited -> rotate to opencode/nemotron-3.5-lightning-free (hit 3/3)
2026-09-24T13:13:03+00:00 [watchdog] driver giving up after 3 quota-limited runs; cron will retry
2026-09-24T13:13:03+00:00 [watchdog] driver ended after 3 turns (0 successful; rc=1)
2026-09-24T13:15:01+00:00 [watchdog] rate-limited: 6 launches in last 360min, not restarting
2026-09-24T13:20:01+00:00 [watchdog] rate-limited: 6 launches in last 360min, not restarting
2026-09-24T13:23:01+00:00 [watchdog] rate-limited: 6 launches in last 360min, not restarting
2026-09-24T13:25:01+00:00 [watchdog] rate-limited: 6 launches in last 360min, not restarting
2026-09-24T13:30:01+00:00 [watchdog] rate-limited: 6 launches in last 360min, not restarting
2026-09-24T13:33:01+00:00 [watchdog] rate-limited: 6 launches in last 360min, not restarting
2026-09-24T13:35:01+00:00 [watchdog] rate-limited: 6 launches in last 360min, not restarting
2026-09-24T13:40:02+00:00 [watchdog] rate-limited: 6 launches in last 360min, not restarting
2026-09-24T13:43:02+00:00 [watchdog] rate-limited: 6 launches in last 360min, not restarting
2026-09-24T13:45:01+00:00 [watchdog] rate-limited: 6 launches in last 360min, not restarting
2026-09-24T13:50:02+00:00 [watchdog] rate-limited: 6 launches in last 360min, not restarting
2026-09-24T13:53:02+00:00 [watchdog] rate-limited: 6 launches in last 360min, not restarting
2026-09-24T13:55:01+00:00 [watchdog] rate-limited: 6 launches in last 360min, not restarting
2026-09-24T14:00:01+00:00 [watchdog] rate-limited: 6 launches in last 360min, not restarting
2026-09-24T14:03:02+00:00 [watchdog] rate-limited: 6 launches in last 360min, not restarting
2026-09-24T14:05:01+00:00 [watchdog] rate-limited: 6 launches in last 360min, not restarting
2026-09-24T14:10:01+00:00 [watchdog] rate-limited: 6 launches in last 360min, not restarting
2026-09-24T14:13:01+00:00 [watchdog] rate-limited: 6 launches in last 360min, not restarting
2026-09-24T14:15:01+00:00 [watchdog] rate-limited: 6 launches in last 360min, not restarting
2026-09-24T14:20:01+00:00 [watchdog] rate-limited: 6 launches in last 360min, not restarting
2026-09-24T14:23:02+00:00 [watchdog] rate-limited: 6 launches in last 360min, not restarting
2026-09-24T14:25:01+00:00 [watchdog] rate-limited: 6 launches in last 360min, not restarting
2026-09-24T14:30:01+00:00 [watchdog] rate-limited: 6 launches in last 360min, not restarting
2026-09-24T14:33:02+00:00 [watchdog] rate-limited: 6 launches in last 360min, not restarting
2026-09-24T14:35:01+00:00 [watchdog] rate-limited: 6 launches in last 360min, not restarting
2026-09-24T14:40:01+00:00 [watchdog] rate-limited: 6 launches in last 360min, not restarting
2026-09-24T14:43:01+00:00 [watchdog] rate-limited: 6 launches in last 360min, not restarting
2026-09-24T14:45:01+00:00 [watchdog] rate-limited: 6 launches in last 360min, not restarting
2026-09-24T14:50:01+00:00 [watchdog] rate-limited: 6 launches in last 360min, not restarting
2026-09-24T14:53:01+00:00 [watchdog] rate-limited: 6 launches in last 360min, not restarting
2026-09-24T14:55:01+00:00 [watchdog] rate-limited: 6 launches in last 360min, not restarting
2026-09-24T15:00:01+00:00 [watchdog] rate-limited: 6 launches in last 360min, not restarting
2026-09-24T15:03:01+00:00 [watchdog] rate-limited: 6 launches in last 360min, not restarting
2026-09-24T15:05:01+00:00 [watchdog] rate-limited: 6 launches in last 360min, not restarting
2026-09-24T15:10:02+00:00 [watchdog] rate-limited: 6 launches in last 360min, not restarting
2026-09-24T15:13:02+00:00 [watchdog] rate-limited: 6 launches in last 360min, not restarting
2026-09-24T15:15:01+00:00 [watchdog] rate-limited: 6 launches in last 360min, not restarting
2026-09-24T15:20:01+00:00 [watchdog] rate-limited: 6 launches in last 360min, not restarting
2026-09-24T15:23:02+00:00 [watchdog] rate-limited: 6 launches in last 360min, not restarting
2026-09-24T15:25:01+00:00 [watchdog] rate-limited: 6 launches in last 360min, not restarting
2026-09-24T15:30:01+00:00 [watchdog] rate-limited: 6 launches in last 360min, not restarting
2026-09-24T15:33:02+00:00 [watchdog] rate-limited: 6 launches in last 360min, not restarting
2026-09-24T15:35:02+00:00 [watchdog] rate-limited: 6 launches in last 360min, not restarting
2026-09-24T15:40:01+00:00 [watchdog] rate-limited: 6 launches in last 360min, not restarting
2026-09-24T15:43:01+00:00 [watchdog] rate-limited: 6 launches in last 360min, not restarting
2026-09-24T15:45:01+00:00 [watchdog] rate-limited: 6 launches in last 360min, not restarting
2026-09-24T15:50:01+00:00 [watchdog] rate-limited: 6 launches in last 360min, not restarting
2026-09-24T15:53:02+00:00 [watchdog] rate-limited: 6 launches in last 360min, not restarting
2026-09-24T15:55:01+00:00 [watchdog] rate-limited: 6 launches in last 360min, not restarting
2026-09-24T16:00:01+00:00 [watchdog] rate-limited: 6 launches in last 360min, not restarting
2026-09-24T16:03:02+00:00 [watchdog] rate-limited: 6 launches in last 360min, not restarting
2026-09-24T16:05:02+00:00 [watchdog] rate-limited: 6 launches in last 360min, not restarting
2026-09-24T16:10:01+00:00 [watchdog] rate-limited: 6 launches in last 360min, not restarting
2026-09-24T16:13:01+00:00 [watchdog] rate-limited: 6 launches in last 360min, not restarting
2026-09-24T16:15:01+00:00 [watchdog] rate-limited: 6 launches in last 360min, not restarting
2026-09-24T16:20:02+00:00 [watchdog] rate-limited: 6 launches in last 360min, not restarting
2026-09-24T16:23:01+00:00 [watchdog] rate-limited: 6 launches in last 360min, not restarting
2026-09-24T16:25:02+00:00 [watchdog] rate-limited: 6 launches in last 360min, not restarting
2026-09-24T16:30:01+00:00 [watchdog] rate-limited: 6 launches in last 360min, not restarting
2026-09-24T16:33:01+00:00 [watchdog] rate-limited: 6 launches in last 360min, not restarting
2026-09-24T16:35:01+00:00 [watchdog] rate-limited: 6 launches in last 360min, not restarting
2026-09-24T16:40:01+00:00 [watchdog] rate-limited: 6 launches in last 360min, not restarting
2026-09-24T16:43:02+00:00 [watchdog] rate-limited: 6 launches in last 360min, not restarting
2026-09-24T16:45:01+00:00 [watchdog] rate-limited: 6 launches in last 360min, not restarting
2026-09-24T16:50:01+00:00 [watchdog] rate-limited: 6 launches in last 360min, not restarting
2026-09-24T16:53:02+00:00 [watchdog] rate-limited: 6 launches in last 360min, not restarting
2026-09-24T16:55:01+00:00 [watchdog] rate-limited: 6 launches in last 360min, not restarting
2026-09-24T17:00:01+00:00 [watchdog] rate-limited: 6 launches in last 360min, not restarting
2026-09-24T17:03:02+00:00 [watchdog] rate-limited: 6 launches in last 360min, not restarting
2026-09-24T17:05:01+00:00 [watchdog] rate-limited: 6 launches in last 360min, not restarting
2026-09-24T17:10:01+00:00 [watchdog] rate-limited: 6 launches in last 360min, not restarting
2026-09-24T17:13:02+00:00 [watchdog] rate-limited: 6 launches in last 360min, not restarting
2026-09-24T17:15:01+00:00 [watchdog] rate-limited: 6 launches in last 360min, not restarting
2026-09-24T17:20:02+00:00 [watchdog] rate-limited: 6 launches in last 360min, not restarting
2026-09-24T17:23:02+00:00 [watchdog] rate-limited: 6 launches in last 360min, not restarting
2026-09-24T17:25:01+00:00 [watchdog] rate-limited: 6 launches in last 360min, not restarting
2026-09-24T17:30:01+00:00 [watchdog] rate-limited: 6 launches in last 360min, not restarting
2026-09-24T17:33:02+00:00 [watchdog] rate-limited: 6 launches in last 360min, not restarting
2026-09-24T17:35:02+00:00 [watchdog] rate-limited: 6 launches in last 360min, not restarting
2026-09-24T17:40:01+00:00 [watchdog] rate-limited: 6 launches in last 360min, not restarting
2026-09-24T17:43:01+00:00 [watchdog] rate-limited: 6 launches in last 360min, not restarting
2026-09-24T17:45:01+00:00 [watchdog] rate-limited: 6 launches in last 360min, not restarting
2026-09-24T17:50:01+00:00 [watchdog] rate-limited: 6 launches in last 360min, not restarting
2026-09-24T17:53:02+00:00 [watchdog] rate-limited: 6 launches in last 360min, not restarting
2026-09-24T17:55:02+00:00 [watchdog] rate-limited: 6 launches in last 360min, not restarting
2026-09-24T18:00:01+00:00 [watchdog] rate-limited: 6 launches in last 360min, not restarting
2026-09-24T18:03:01+00:00 [watchdog] rate-limited: 6 launches in last 360min, not restarting
2026-09-24T18:05:01+00:00 [watchdog] rate-limited: 6 launches in last 360min, not restarting
2026-09-24T18:10:01+00:00 [watchdog] rate-limited: 6 launches in last 360min, not restarting
2026-09-24T18:13:01+00:00 [watchdog] rate-limited: 6 launches in last 360min, not restarting
2026-09-24T18:15:01+00:00 [watchdog] rate-limited: 6 launches in last 360min, not restarting
2026-09-24T18:20:01+00:00 [watchdog] rate-limited: 6 launches in last 360min, not restarting
2026-09-24T18:23:02+00:00 [watchdog] rate-limited: 6 launches in last 360min, not restarting
2026-09-24T18:25:01+00:00 [watchdog] rate-limited: 6 launches in last 360min, not restarting
2026-09-24T18:30:01+00:00 [watchdog] rate-limited: 6 launches in last 360min, not restarting
2026-09-24T18:33:01+00:00 [watchdog] rate-limited: 6 launches in last 360min, not restarting
2026-09-24T18:35:01+00:00 [watchdog] rate-limited: 6 launches in last 360min, not restarting
2026-09-24T18:40:01+00:00 [watchdog] rate-limited: 6 launches in last 360min, not restarting
2026-09-24T18:43:01+00:00 [watchdog] rate-limited: 6 launches in last 360min, not restarting
2026-09-24T18:45:01+00:00 [watchdog] rate-limited: 6 launches in last 360min, not restarting
2026-09-24T18:50:01+00:00 [watchdog] rate-limited: 6 launches in last 360min, not restarting
2026-09-24T18:53:01+00:00 [watchdog] rate-limited: 6 launches in last 360min, not restarting
2026-09-24T18:55:01+00:00 [watchdog] rate-limited: 6 launches in last 360min, not restarting
2026-09-24T19:00:01+00:00 [watchdog] previous failure looks like quota/context exhaustion
2026-09-24T19:00:01+00:00 [watchdog] forcing free model: opencode/mimo-v2.6-flash-free
2026-09-24T19:00:01+00:00 [watchdog] agent idle (hb 26778s, transcript 20818s, run_alive=0) -> launching driver (model_args='--model opencode/mimo-v2.6-flash-free')
2026-09-24T19:00:01+00:00 [watchdog] driver turn #1: model=--model opencode/mimo-v2.6-flash-free | opencode run fresh
2026-09-24T19:00:02+00:00 [watchdog] driver turn #1 exited rc=1 (transcript 3325768->3325833B)
2026-09-24T19:00:02+00:00 [watchdog] turn rc=1 looks quota-limited -> rotate to opencode/muse-spark-1.3-contributor-free (hit 1/3)
2026-09-24T19:00:02+00:00 [watchdog] driver turn #2: model=--model opencode/muse-spark-1.3-contributor-free | opencode run --session ses_f31799c77ffeTq9gcYgqc4hBhg
2026-09-24T19:00:03+00:00 [watchdog] driver turn #2 exited rc=1 (transcript 3325833->3325898B)
2026-09-24T19:00:03+00:00 [watchdog] turn rc=1 looks quota-limited -> rotate to opencode/ling-3.0-flash-fin-free (hit 2/3)
2026-09-24T19:00:03+00:00 [watchdog] driver turn #3: model=--model opencode/ling-3.0-flash-fin-free | opencode run --session ses_f31799c77ffeTq9gcYgqc4hBhg
2026-09-24T19:00:04+00:00 [watchdog] driver turn #3 exited rc=1 (transcript 3325898->3325963B)
2026-09-24T19:00:04+00:00 [watchdog] turn rc=1 looks quota-limited -> rotate to opencode/nemotron-3.5-lightning-free (hit 3/3)
2026-09-24T19:00:04+00:00 [watchdog] driver giving up after 3 quota-limited runs; cron will retry
2026-09-24T19:00:04+00:00 [watchdog] driver ended after 3 turns (0 successful; rc=1)
2026-09-24T19:03:01+00:00 [watchdog] previous failure looks like quota/context exhaustion
2026-09-24T19:03:01+00:00 [watchdog] forcing free model: opencode/mimo-v2.6-flash-free
2026-09-24T19:03:01+00:00 [watchdog] agent idle (hb 26958s, transcript 177s, run_alive=0) -> launching driver (model_args='--model opencode/mimo-v2.6-flash-free')
2026-09-24T19:03:01+00:00 [watchdog] driver turn #1: model=--model opencode/mimo-v2.6-flash-free | opencode run fresh
2026-09-24T19:03:01+00:00 [watchdog] driver turn #1 exited rc=1 (transcript 3325963->3326028B)
2026-09-24T19:03:01+00:00 [watchdog] turn rc=1 looks quota-limited -> rotate to opencode/muse-spark-1.3-contributor-free (hit 1/3)
2026-09-24T19:03:01+00:00 [watchdog] driver turn #2: model=--model opencode/muse-spark-1.3-contributor-free | opencode run --session ses_f31799c77ffeTq9gcYgqc4hBhg
2026-09-24T19:03:02+00:00 [watchdog] driver turn #2 exited rc=1 (transcript 3326028->3326093B)
2026-09-24T19:03:02+00:00 [watchdog] turn rc=1 looks quota-limited -> rotate to opencode/ling-3.0-flash-fin-free (hit 2/3)
2026-09-24T19:03:02+00:00 [watchdog] driver turn #3: model=--model opencode/ling-3.0-flash-fin-free | opencode run --session ses_f31799c77ffeTq9gcYgqc4hBhg
2026-09-24T19:03:02+00:00 [watchdog] driver turn #3 exited rc=1 (transcript 3326093->3326158B)
2026-09-24T19:03:02+00:00 [watchdog] turn rc=1 looks quota-limited -> rotate to opencode/nemotron-3.5-lightning-free (hit 3/3)
2026-09-24T19:03:02+00:00 [watchdog] driver giving up after 3 quota-limited runs; cron will retry
2026-09-24T19:03:02+00:00 [watchdog] driver ended after 3 turns (0 successful; rc=1)
2026-09-24T19:05:01+00:00 [watchdog] previous failure looks like quota/context exhaustion
2026-09-24T19:05:01+00:00 [watchdog] forcing free model: opencode/mimo-v2.6-flash-free
2026-09-24T19:05:01+00:00 [watchdog] agent idle (hb 27078s, transcript 119s, run_alive=0) -> launching driver (model_args='--model opencode/mimo-v2.6-flash-free')
2026-09-24T19:05:01+00:00 [watchdog] driver turn #1: model=--model opencode/mimo-v2.6-flash-free | opencode run fresh
2026-09-24T19:05:01+00:00 [watchdog] driver turn #1 exited rc=1 (transcript 3326158->3326223B)
2026-09-24T19:05:01+00:00 [watchdog] turn rc=1 looks quota-limited -> rotate to opencode/muse-spark-1.3-contributor-free (hit 1/3)
2026-09-24T19:05:01+00:00 [watchdog] driver turn #2: model=--model opencode/muse-spark-1.3-contributor-free | opencode run --session ses_f31799c77ffeTq9gcYgqc4hBhg
2026-09-24T19:05:02+00:00 [watchdog] driver turn #2 exited rc=1 (transcript 3326223->3326288B)
2026-09-24T19:05:02+00:00 [watchdog] turn rc=1 looks quota-limited -> rotate to opencode/ling-3.0-flash-fin-free (hit 2/3)
2026-09-24T19:05:02+00:00 [watchdog] driver turn #3: model=--model opencode/ling-3.0-flash-fin-free | opencode run --session ses_f31799c77ffeTq9gcYgqc4hBhg
2026-09-24T19:05:02+00:00 [watchdog] driver turn #3 exited rc=1 (transcript 3326288->3326353B)
2026-09-24T19:05:02+00:00 [watchdog] turn rc=1 looks quota-limited -> rotate to opencode/nemotron-3.5-lightning-free (hit 3/3)
2026-09-24T19:05:02+00:00 [watchdog] driver giving up after 3 quota-limited runs; cron will retry
2026-09-24T19:05:02+00:00 [watchdog] driver ended after 3 turns (0 successful; rc=1)
2026-09-24T19:10:01+00:00 [watchdog] previous failure looks like quota/context exhaustion
2026-09-24T19:10:01+00:00 [watchdog] forcing free model: opencode/mimo-v2.6-flash-free
2026-09-24T19:10:01+00:00 [watchdog] agent idle (hb 27378s, transcript 299s, run_alive=0) -> launching driver (model_args='--model opencode/mimo-v2.6-flash-free')
2026-09-24T19:10:01+00:00 [watchdog] driver turn #1: model=--model opencode/mimo-v2.6-flash-free | opencode run fresh
2026-09-24T19:10:01+00:00 [watchdog] driver turn #1 exited rc=1 (transcript 3326353->3326418B)
2026-09-24T19:10:01+00:00 [watchdog] turn rc=1 looks quota-limited -> rotate to opencode/muse-spark-1.3-contributor-free (hit 1/3)
2026-09-24T19:10:01+00:00 [watchdog] driver turn #2: model=--model opencode/muse-spark-1.3-contributor-free | opencode run --session ses_f31799c77ffeTq9gcYgqc4hBhg
2026-09-24T19:10:02+00:00 [watchdog] driver turn #2 exited rc=1 (transcript 3326418->3326483B)
2026-09-24T19:10:02+00:00 [watchdog] turn rc=1 looks quota-limited -> rotate to opencode/ling-3.0-flash-fin-free (hit 2/3)
2026-09-24T19:10:02+00:00 [watchdog] driver turn #3: model=--model opencode/ling-3.0-flash-fin-free | opencode run --session ses_f31799c77ffeTq9gcYgqc4hBhg
2026-09-24T19:10:03+00:00 [watchdog] driver turn #3 exited rc=1 (transcript 3326483->3326548B)
2026-09-24T19:10:03+00:00 [watchdog] turn rc=1 looks quota-limited -> rotate to opencode/nemotron-3.5-lightning-free (hit 3/3)
2026-09-24T19:10:03+00:00 [watchdog] driver giving up after 3 quota-limited runs; cron will retry
2026-09-24T19:10:03+00:00 [watchdog] driver ended after 3 turns (0 successful; rc=1)
2026-09-24T19:13:02+00:00 [watchdog] previous failure looks like quota/context exhaustion
2026-09-24T19:13:02+00:00 [watchdog] forcing free model: opencode/mimo-v2.6-flash-free
2026-09-24T19:13:02+00:00 [watchdog] agent idle (hb 27559s, transcript 180s, run_alive=0) -> launching driver (model_args='--model opencode/mimo-v2.6-flash-free')
2026-09-24T19:13:02+00:00 [watchdog] driver turn #1: model=--model opencode/mimo-v2.6-flash-free | opencode run fresh
2026-09-24T19:13:02+00:00 [watchdog] driver turn #1 exited rc=1 (transcript 3326548->3326613B)
2026-09-24T19:13:02+00:00 [watchdog] turn rc=1 looks quota-limited -> rotate to opencode/muse-spark-1.3-contributor-free (hit 1/3)
2026-09-24T19:13:02+00:00 [watchdog] driver turn #2: model=--model opencode/muse-spark-1.3-contributor-free | opencode run --session ses_f31799c77ffeTq9gcYgqc4hBhg
2026-09-24T19:13:03+00:00 [watchdog] driver turn #2 exited rc=1 (transcript 3326613->3326678B)
2026-09-24T19:13:03+00:00 [watchdog] turn rc=1 looks quota-limited -> rotate to opencode/ling-3.0-flash-fin-free (hit 2/3)
2026-09-24T19:13:03+00:00 [watchdog] driver turn #3: model=--model opencode/ling-3.0-flash-fin-free | opencode run --session ses_f31799c77ffeTq9gcYgqc4hBhg
2026-09-24T19:13:03+00:00 [watchdog] driver turn #3 exited rc=1 (transcript 3326678->3326743B)
2026-09-24T19:13:03+00:00 [watchdog] turn rc=1 looks quota-limited -> rotate to opencode/nemotron-3.5-lightning-free (hit 3/3)
2026-09-24T19:13:03+00:00 [watchdog] driver giving up after 3 quota-limited runs; cron will retry
2026-09-24T19:13:03+00:00 [watchdog] driver ended after 3 turns (0 successful; rc=1)
2026-09-24T19:15:02+00:00 [watchdog] previous failure looks like quota/context exhaustion
2026-09-24T19:15:02+00:00 [watchdog] forcing free model: opencode/mimo-v2.6-flash-free
2026-09-24T19:15:02+00:00 [watchdog] agent idle (hb 27678s, transcript 118s, run_alive=0) -> launching driver (model_args='--model opencode/mimo-v2.6-flash-free')
2026-09-24T19:15:02+00:00 [watchdog] driver turn #1: model=--model opencode/mimo-v2.6-flash-free | opencode run fresh
2026-09-24T19:15:02+00:00 [watchdog] driver turn #1 exited rc=1 (transcript 3326743->3326808B)
2026-09-24T19:15:02+00:00 [watchdog] turn rc=1 looks quota-limited -> rotate to opencode/muse-spark-1.3-contributor-free (hit 1/3)
2026-09-24T19:15:02+00:00 [watchdog] driver turn #2: model=--model opencode/muse-spark-1.3-contributor-free | opencode run --session ses_f31799c77ffeTq9gcYgqc4hBhg
2026-09-24T19:15:03+00:00 [watchdog] driver turn #2 exited rc=1 (transcript 3326808->3326873B)
2026-09-24T19:15:03+00:00 [watchdog] turn rc=1 looks quota-limited -> rotate to opencode/ling-3.0-flash-fin-free (hit 2/3)
2026-09-24T19:15:03+00:00 [watchdog] driver turn #3: model=--model opencode/ling-3.0-flash-fin-free | opencode run --session ses_f31799c77ffeTq9gcYgqc4hBhg
2026-09-24T19:15:03+00:00 [watchdog] driver turn #3 exited rc=1 (transcript 3326873->3326938B)
2026-09-24T19:15:03+00:00 [watchdog] turn rc=1 looks quota-limited -> rotate to opencode/nemotron-3.5-lightning-free (hit 3/3)
2026-09-24T19:15:03+00:00 [watchdog] driver giving up after 3 quota-limited runs; cron will retry
2026-09-24T19:15:03+00:00 [watchdog] driver ended after 3 turns (0 successful; rc=1)
2026-09-24T19:20:01+00:00 [watchdog] rate-limited: 6 launches in last 360min, not restarting
2026-09-24T19:23:01+00:00 [watchdog] rate-limited: 6 launches in last 360min, not restarting
2026-09-24T19:25:02+00:00 [watchdog] rate-limited: 6 launches in last 360min, not restarting
2026-09-24T19:30:01+00:00 [watchdog] rate-limited: 6 launches in last 360min, not restarting
2026-09-24T19:33:01+00:00 [watchdog] rate-limited: 6 launches in last 360min, not restarting
2026-09-24T19:35:01+00:00 [watchdog] rate-limited: 6 launches in last 360min, not restarting
2026-09-24T19:40:01+00:00 [watchdog] rate-limited: 6 launches in last 360min, not restarting
2026-09-24T19:43:01+00:00 [watchdog] rate-limited: 6 launches in last 360min, not restarting
2026-09-24T19:45:01+00:00 [watchdog] rate-limited: 6 launches in last 360min, not restarting
2026-09-24T19:50:01+00:00 [watchdog] rate-limited: 6 launches in last 360min, not restarting
2026-09-24T19:53:02+00:00 [watchdog] rate-limited: 6 launches in last 360min, not restarting
2026-09-24T19:55:01+00:00 [watchdog] rate-limited: 6 launches in last 360min, not restarting
2026-09-24T20:00:01+00:00 [watchdog] rate-limited: 6 launches in last 360min, not restarting
2026-09-24T20:03:01+00:00 [watchdog] rate-limited: 6 launches in last 360min, not restarting
2026-09-24T20:05:01+00:00 [watchdog] rate-limited: 6 launches in last 360min, not restarting
2026-09-24T20:10:02+00:00 [watchdog] rate-limited: 6 launches in last 360min, not restarting
2026-09-24T20:13:02+00:00 [watchdog] rate-limited: 6 launches in last 360min, not restarting
2026-09-24T20:15:01+00:00 [watchdog] rate-limited: 6 launches in last 360min, not restarting
2026-09-24T20:20:01+00:00 [watchdog] rate-limited: 6 launches in last 360min, not restarting
2026-09-24T20:23:02+00:00 [watchdog] rate-limited: 6 launches in last 360min, not restarting
2026-09-24T20:25:01+00:00 [watchdog] rate-limited: 6 launches in last 360min, not restarting
2026-09-24T20:30:01+00:00 [watchdog] rate-limited: 6 launches in last 360min, not restarting
2026-09-24T20:33:01+00:00 [watchdog] rate-limited: 6 launches in last 360min, not restarting
2026-09-24T20:35:01+00:00 [watchdog] rate-limited: 6 launches in last 360min, not restarting
2026-09-24T20:40:01+00:00 [watchdog] rate-limited: 6 launches in last 360min, not restarting
2026-09-24T20:43:01+00:00 [watchdog] rate-limited: 6 launches in last 360min, not restarting
2026-09-24T20:45:01+00:00 [watchdog] rate-limited: 6 launches in last 360min, not restarting
2026-09-24T20:50:01+00:00 [watchdog] rate-limited: 6 launches in last 360min, not restarting
2026-09-24T20:53:01+00:00 [watchdog] rate-limited: 6 launches in last 360min, not restarting
2026-09-24T20:55:01+00:00 [watchdog] rate-limited: 6 launches in last 360min, not restarting
2026-09-24T21:00:02+00:00 [watchdog] rate-limited: 6 launches in last 360min, not restarting
2026-09-24T21:03:01+00:00 [watchdog] rate-limited: 6 launches in last 360min, not restarting
2026-09-24T21:05:01+00:00 [watchdog] rate-limited: 6 launches in last 360min, not restarting
2026-09-24T21:10:01+00:00 [watchdog] rate-limited: 6 launches in last 360min, not restarting
2026-09-24T21:13:01+00:00 [watchdog] rate-limited: 6 launches in last 360min, not restarting
2026-09-24T21:15:01+00:00 [watchdog] rate-limited: 6 launches in last 360min, not restarting
2026-09-24T21:20:01+00:00 [watchdog] rate-limited: 6 launches in last 360min, not restarting
2026-09-24T21:23:02+00:00 [watchdog] rate-limited: 6 launches in last 360min, not restarting
2026-09-24T21:25:01+00:00 [watchdog] rate-limited: 6 launches in last 360min, not restarting
2026-09-24T21:30:01+00:00 [watchdog] rate-limited: 6 launches in last 360min, not restarting
2026-09-24T21:33:01+00:00 [watchdog] rate-limited: 6 launches in last 360min, not restarting
2026-09-24T21:35:01+00:00 [watchdog] rate-limited: 6 launches in last 360min, not restarting
2026-09-24T21:40:01+00:00 [watchdog] rate-limited: 6 launches in last 360min, not restarting
2026-09-24T21:43:02+00:00 [watchdog] rate-limited: 6 launches in last 360min, not restarting
2026-09-24T21:45:01+00:00 [watchdog] rate-limited: 6 launches in last 360min, not restarting
2026-09-24T21:50:01+00:00 [watchdog] rate-limited: 6 launches in last 360min, not restarting
2026-09-24T21:53:02+00:00 [watchdog] rate-limited: 6 launches in last 360min, not restarting
2026-09-24T21:55:01+00:00 [watchdog] rate-limited: 6 launches in last 360min, not restarting
2026-09-24T22:00:01+00:00 [watchdog] rate-limited: 6 launches in last 360min, not restarting
2026-09-24T22:03:02+00:00 [watchdog] rate-limited: 6 launches in last 360min, not restarting
2026-09-24T22:05:01+00:00 [watchdog] rate-limited: 6 launches in last 360min, not restarting
2026-09-24T22:10:01+00:00 [watchdog] rate-limited: 6 launches in last 360min, not restarting
2026-09-24T22:13:01+00:00 [watchdog] rate-limited: 6 launches in last 360min, not restarting
2026-09-24T22:15:01+00:00 [watchdog] rate-limited: 6 launches in last 360min, not restarting
2026-09-24T22:20:01+00:00 [watchdog] rate-limited: 6 launches in last 360min, not restarting
2026-09-24T22:23:02+00:00 [watchdog] rate-limited: 6 launches in last 360min, not restarting
2026-09-24T22:25:01+00:00 [watchdog] rate-limited: 6 launches in last 360min, not restarting
2026-09-24T22:30:01+00:00 [watchdog] rate-limited: 6 launches in last 360min, not restarting
2026-09-24T22:33:02+00:00 [watchdog] rate-limited: 6 launches in last 360min, not restarting
2026-09-24T22:35:01+00:00 [watchdog] rate-limited: 6 launches in last 360min, not restarting
2026-09-24T22:40:01+00:00 [watchdog] rate-limited: 6 launches in last 360min, not restarting
2026-09-24T22:43:01+00:00 [watchdog] rate-limited: 6 launches in last 360min, not restarting
2026-09-24T22:45:01+00:00 [watchdog] rate-limited: 6 launches in last 360min, not restarting
2026-09-24T22:50:01+00:00 [watchdog] rate-limited: 6 launches in last 360min, not restarting
2026-09-24T22:53:01+00:00 [watchdog] rate-limited: 6 launches in last 360min, not restarting
2026-09-24T22:55:01+00:00 [watchdog] rate-limited: 6 launches in last 360min, not restarting
2026-09-24T23:00:01+00:00 [watchdog] rate-limited: 6 launches in last 360min, not restarting
2026-09-24T23:03:01+00:00 [watchdog] rate-limited: 6 launches in last 360min, not restarting
2026-09-24T23:05:01+00:00 [watchdog] rate-limited: 6 launches in last 360min, not restarting
2026-09-24T23:10:01+00:00 [watchdog] rate-limited: 6 launches in last 360min, not restarting
2026-09-24T23:13:01+00:00 [watchdog] rate-limited: 6 launches in last 360min, not restarting
2026-09-24T23:15:01+00:00 [watchdog] rate-limited: 6 launches in last 360min, not restarting
2026-09-24T23:20:01+00:00 [watchdog] rate-limited: 6 launches in last 360min, not restarting
2026-09-24T23:23:01+00:00 [watchdog] rate-limited: 6 launches in last 360min, not restarting
2026-09-24T23:25:01+00:00 [watchdog] rate-limited: 6 launches in last 360min, not restarting
2026-09-24T23:30:01+00:00 [watchdog] rate-limited: 6 launches in last 360min, not restarting
2026-09-24T23:33:02+00:00 [watchdog] rate-limited: 6 launches in last 360min, not restarting
2026-09-24T23:35:01+00:00 [watchdog] rate-limited: 6 launches in last 360min, not restarting
2026-09-24T23:40:01+00:00 [watchdog] rate-limited: 6 launches in last 360min, not restarting
2026-09-24T23:43:01+00:00 [watchdog] rate-limited: 6 launches in last 360min, not restarting
2026-09-24T23:45:01+00:00 [watchdog] rate-limited: 6 launches in last 360min, not restarting
2026-09-24T23:50:01+00:00 [watchdog] rate-limited: 6 launches in last 360min, not restarting
2026-09-24T23:53:01+00:00 [watchdog] rate-limited: 6 launches in last 360min, not restarting
2026-09-24T23:55:01+00:00 [watchdog] rate-limited: 6 launches in last 360min, not restarting
2026-09-25T00:00:01+00:00 [watchdog] rate-limited: 6 launches in last 360min, not restarting
2026-09-25T00:03:01+00:00 [watchdog] rate-limited: 6 launches in last 360min, not restarting
2026-09-25T00:05:01+00:00 [watchdog] rate-limited: 6 launches in last 360min, not restarting
2026-09-25T00:10:01+00:00 [watchdog] rate-limited: 6 launches in last 360min, not restarting
2026-09-25T00:13:02+00:00 [watchdog] rate-limited: 6 launches in last 360min, not restarting
2026-09-25T00:15:01+00:00 [watchdog] rate-limited: 6 launches in last 360min, not restarting
2026-09-25T00:20:01+00:00 [watchdog] rate-limited: 6 launches in last 360min, not restarting
2026-09-25T00:23:01+00:00 [watchdog] rate-limited: 6 launches in last 360min, not restarting
2026-09-25T00:25:01+00:00 [watchdog] rate-limited: 6 launches in last 360min, not restarting
2026-09-25T00:30:01+00:00 [watchdog] rate-limited: 6 launches in last 360min, not restarting
2026-09-25T00:33:01+00:00 [watchdog] rate-limited: 6 launches in last 360min, not restarting
2026-09-25T00:35:01+00:00 [watchdog] rate-limited: 6 launches in last 360min, not restarting
2026-09-25T00:40:01+00:00 [watchdog] rate-limited: 6 launches in last 360min, not restarting
2026-09-25T00:43:01+00:00 [watchdog] rate-limited: 6 launches in last 360min, not restarting
2026-09-25T00:45:01+00:00 [watchdog] rate-limited: 6 launches in last 360min, not restarting
2026-09-25T00:50:01+00:00 [watchdog] rate-limited: 6 launches in last 360min, not restarting
2026-09-25T00:53:02+00:00 [watchdog] rate-limited: 6 launches in last 360min, not restarting
2026-09-25T00:55:01+00:00 [watchdog] rate-limited: 6 launches in last 360min, not restarting
2026-09-25T01:00:01+00:00 [watchdog] rate-limited: 6 launches in last 360min, not restarting
2026-09-25T01:03:01+00:00 [watchdog] previous failure looks like quota/context exhaustion
2026-09-25T01:03:01+00:00 [watchdog] forcing free model: opencode/mimo-v2.6-flash-free
2026-09-25T01:03:01+00:00 [watchdog] agent idle (hb 48558s, transcript 20878s, run_alive=0) -> launching driver (model_args='--model opencode/mimo-v2.6-flash-free')
2026-09-25T01:03:01+00:00 [watchdog] driver turn #1: model=--model opencode/mimo-v2.6-flash-free | opencode run fresh
2026-09-25T01:05:01+00:00 [watchdog] skipped: another driver holds the lock
2026-09-25T01:10:01+00:00 [watchdog] skipped: another driver holds the lock
2026-09-25T01:15:01+00:00 [watchdog] skipped: another driver holds the lock
2026-09-25T01:20:01+00:00 [watchdog] skipped: another driver holds the lock
2026-09-25T01:25:01+00:00 [watchdog] skipped: another driver holds the lock
2026-09-25T01:30:01+00:00 [watchdog] skipped: another driver holds the lock
2026-09-25T01:35:01+00:00 [watchdog] skipped: another driver holds the lock
2026-09-25T01:40:01+00:00 [watchdog] skipped: another driver holds the lock
2026-09-25T01:45:01+00:00 [watchdog] skipped: another driver holds the lock
2026-09-25T01:50:01+00:00 [watchdog] skipped: another driver holds the lock
2026-09-25T01:55:02+00:00 [watchdog] skipped: another driver holds the lock
2026-09-25T02:00:01+00:00 [watchdog] skipped: another driver holds the lock
2026-09-25T02:03:01+00:00 [watchdog] driver turn #1 exited rc=124 (transcript 3326938->3646906B)
2026-09-25T02:03:01+00:00 [watchdog] turn rc=124 looks quota-limited -> rotate to opencode/muse-spark-1.3-contributor-free (hit 1/3)
2026-09-25T02:03:01+00:00 [watchdog] driver turn #2: model=--model opencode/muse-spark-1.3-contributor-free | opencode run --session ses_f31799c77ffeTq9gcYgqc4hBhg
2026-09-25T02:05:01+00:00 [watchdog] skipped: another driver holds the lock
2026-09-25T02:05:14+00:00 [watchdog] driver turn #2 exited rc=0 (transcript 3646906->3675209B)
2026-09-25T02:05:14+00:00 [watchdog] driver turn #3 healthy; next turn in 30s
2026-09-25T02:05:44+00:00 [watchdog] driver turn #3: model=--model opencode/big-pickle | opencode run --session ses_f31799c77ffeTq9gcYgqc4hBhg
2026-09-25T02:06:22+00:00 [watchdog] driver turn #3 exited rc=0 (transcript 3675209->3684362B)
2026-09-25T02:06:22+00:00 [watchdog] driver turn #4 healthy; next turn in 600s
2026-09-25T02:10:01+00:00 [watchdog] skipped: another driver holds the lock
2026-09-25T02:15:01+00:00 [watchdog] skipped: another driver holds the lock
2026-09-25T02:16:22+00:00 [watchdog] driver turn #4: model=--model opencode/big-pickle | opencode run --session ses_f31799c77ffeTq9gcYgqc4hBhg
2026-09-25T02:18:16+00:00 [watchdog] driver turn #4 exited rc=0 (transcript 3684362->3702999B)
2026-09-25T02:18:16+00:00 [watchdog] driver turn #5 healthy; next turn in 30s
2026-09-25T02:18:46+00:00 [watchdog] driver turn #5: model=--model opencode/big-pickle | opencode run --session ses_f31799c77ffeTq9gcYgqc4hBhg
2026-09-25T02:19:03+00:00 [watchdog] driver turn #5 exited rc=0 (transcript 3702999->3707851B)
2026-09-25T02:19:03+00:00 [watchdog] driver turn #6 healthy; next turn in 600s
2026-09-25T02:20:01+00:00 [watchdog] skipped: another driver holds the lock
2026-09-25T02:25:01+00:00 [watchdog] skipped: another driver holds the lock
2026-09-25T02:29:03+00:00 [watchdog] driver turn #6: model=--model opencode/big-pickle | opencode run --session ses_f31799c77ffeTq9gcYgqc4hBhg
2026-09-25T02:29:28+00:00 [watchdog] driver turn #6 exited rc=0 (transcript 3707851->3715517B)
2026-09-25T02:29:28+00:00 [watchdog] driver turn #7 healthy; next turn in 30s
2026-09-25T02:29:58+00:00 [watchdog] driver turn #7: model=--model opencode/big-pickle | opencode run --session ses_f31799c77ffeTq9gcYgqc4hBhg
2026-09-25T02:30:01+00:00 [watchdog] skipped: another driver holds the lock
2026-09-25T02:30:19+00:00 [watchdog] driver turn #7 exited rc=0 (transcript 3715517->3719311B)
2026-09-25T02:30:19+00:00 [watchdog] driver turn #8 healthy; next turn in 600s
2026-09-25T02:35:01+00:00 [watchdog] skipped: another driver holds the lock
2026-09-25T02:40:01+00:00 [watchdog] skipped: another driver holds the lock
2026-09-25T02:40:19+00:00 [watchdog] driver turn #8: model=--model opencode/big-pickle | opencode run --session ses_f31799c77ffeTq9gcYgqc4hBhg
2026-09-25T02:40:30+00:00 [watchdog] driver turn #8 exited rc=0 (transcript 3719311->3722315B)
2026-09-25T02:40:30+00:00 [watchdog] driver turn #9 healthy; next turn in 600s
2026-09-25T02:45:01+00:00 [watchdog] skipped: another driver holds the lock
2026-09-25T02:50:01+00:00 [watchdog] skipped: another driver holds the lock
2026-09-25T02:50:30+00:00 [watchdog] driver turn #9: model=--model opencode/big-pickle | opencode run --session ses_f31799c77ffeTq9gcYgqc4hBhg
2026-09-25T02:50:41+00:00 [watchdog] driver turn #9 exited rc=0 (transcript 3722315->3725321B)
2026-09-25T02:50:41+00:00 [watchdog] driver turn #10 healthy; next turn in 600s
2026-09-25T02:55:01+00:00 [watchdog] skipped: another driver holds the lock
2026-09-25T03:00:01+00:00 [watchdog] skipped: another driver holds the lock
2026-09-25T03:00:41+00:00 [watchdog] driver turn #10: model=--model opencode/big-pickle | opencode run --session ses_f31799c77ffeTq9gcYgqc4hBhg
2026-09-25T03:01:11+00:00 [watchdog] driver turn #10 exited rc=0 (transcript 3725321->3728285B)
2026-09-25T03:01:11+00:00 [watchdog] driver turn #11 healthy; next turn in 600s
2026-09-25T03:05:01+00:00 [watchdog] skipped: another driver holds the lock
2026-09-25T03:10:01+00:00 [watchdog] skipped: another driver holds the lock
2026-09-25T03:11:11+00:00 [watchdog] driver turn #11: model=--model opencode/big-pickle | opencode run --session ses_f31799c77ffeTq9gcYgqc4hBhg
2026-09-25T03:11:25+00:00 [watchdog] driver turn #11 exited rc=0 (transcript 3728285->3731276B)
2026-09-25T03:11:25+00:00 [watchdog] driver turn #12 healthy; next turn in 600s
2026-09-25T03:15:01+00:00 [watchdog] skipped: another driver holds the lock
2026-09-25T03:20:01+00:00 [watchdog] skipped: another driver holds the lock
2026-09-25T03:21:25+00:00 [watchdog] driver turn #12: model=--model opencode/big-pickle | opencode run --session ses_f31799c77ffeTq9gcYgqc4hBhg
2026-09-25T03:21:39+00:00 [watchdog] driver turn #12 exited rc=0 (transcript 3731276->3734575B)
2026-09-25T03:21:39+00:00 [watchdog] driver turn #13 healthy; next turn in 600s
2026-09-25T03:25:01+00:00 [watchdog] skipped: another driver holds the lock
2026-09-25T03:30:01+00:00 [watchdog] skipped: another driver holds the lock
2026-09-25T03:31:39+00:00 [watchdog] driver turn #13: model=--model opencode/big-pickle | opencode run --session ses_f31799c77ffeTq9gcYgqc4hBhg
2026-09-25T03:31:50+00:00 [watchdog] driver turn #13 exited rc=0 (transcript 3734575->3737722B)
2026-09-25T03:31:50+00:00 [watchdog] driver turn #14 healthy; next turn in 600s
2026-09-25T03:35:01+00:00 [watchdog] skipped: another driver holds the lock
2026-09-25T03:40:01+00:00 [watchdog] skipped: another driver holds the lock
2026-09-25T03:41:50+00:00 [watchdog] driver turn #14: model=--model opencode/big-pickle | opencode run --session ses_f31799c77ffeTq9gcYgqc4hBhg
2026-09-25T03:45:01+00:00 [watchdog] skipped: another driver holds the lock
2026-09-25T03:50:01+00:00 [watchdog] skipped: another driver holds the lock
2026-09-25T03:55:01+00:00 [watchdog] skipped: another driver holds the lock
2026-09-25T04:00:01+00:00 [watchdog] skipped: another driver holds the lock
2026-09-25T04:02:16+00:00 [watchdog] driver turn #14 exited rc=0 (transcript 3737722->3798244B)
2026-09-25T04:02:16+00:00 [watchdog] driver turn #15 healthy; next turn in 30s
2026-09-25T04:02:46+00:00 [watchdog] driver turn #15: model=--model opencode/big-pickle | opencode run --session ses_f31799c77ffeTq9gcYgqc4hBhg
2026-09-25T04:05:01+00:00 [watchdog] skipped: another driver holds the lock
2026-09-25T04:10:01+00:00 [watchdog] skipped: another driver holds the lock
2026-09-25T04:15:01+00:00 [watchdog] skipped: another driver holds the lock
2026-09-25T04:16:16+00:00 [watchdog] driver turn #15 exited rc=0 (transcript 3798244->3826965B)
2026-09-25T04:16:16+00:00 [watchdog] driver turn #16 healthy; next turn in 600s
2026-09-25T04:20:01+00:00 [watchdog] skipped: another driver holds the lock
2026-09-25T04:25:01+00:00 [watchdog] skipped: another driver holds the lock
2026-09-25T04:26:16+00:00 [watchdog] driver turn #16: model=--model opencode/big-pickle | opencode run --session ses_f31799c77ffeTq9gcYgqc4hBhg
2026-09-25T04:30:02+00:00 [watchdog] skipped: another driver holds the lock
2026-09-25T04:30:16+00:00 [watchdog] driver turn #16 exited rc=0 (transcript 3826965->3831812B)
2026-09-25T04:30:16+00:00 [watchdog] driver turn #17 healthy; next turn in 600s
2026-09-25T04:35:01+00:00 [watchdog] skipped: another driver holds the lock
2026-09-25T04:40:01+00:00 [watchdog] skipped: another driver holds the lock
2026-09-25T04:40:16+00:00 [watchdog] driver turn #17: model=--model opencode/big-pickle | opencode run --session ses_f31799c77ffeTq9gcYgqc4hBhg
2026-09-25T04:40:30+00:00 [watchdog] driver turn #17 exited rc=0 (transcript 3831812->3834805B)
2026-09-25T04:40:30+00:00 [watchdog] driver turn #18 healthy; next turn in 600s
2026-09-25T04:45:01+00:00 [watchdog] skipped: another driver holds the lock
2026-09-25T04:50:01+00:00 [watchdog] skipped: another driver holds the lock
2026-09-25T04:50:30+00:00 [watchdog] driver turn #18: model=--model opencode/big-pickle | opencode run --session ses_f31799c77ffeTq9gcYgqc4hBhg
2026-09-25T04:50:41+00:00 [watchdog] driver turn #18 exited rc=0 (transcript 3834805->3837639B)
2026-09-25T04:50:41+00:00 [watchdog] driver turn #19 healthy; next turn in 600s
2026-09-25T04:55:01+00:00 [watchdog] skipped: another driver holds the lock
2026-09-25T05:00:01+00:00 [watchdog] skipped: another driver holds the lock
2026-09-25T05:00:41+00:00 [watchdog] driver turn #19: model=--model opencode/big-pickle | opencode run --session ses_f31799c77ffeTq9gcYgqc4hBhg
2026-09-25T05:00:52+00:00 [watchdog] driver turn #19 exited rc=0 (transcript 3837639->3840362B)
2026-09-25T05:00:52+00:00 [watchdog] driver turn #20 healthy; next turn in 600s
2026-09-25T05:05:01+00:00 [watchdog] skipped: another driver holds the lock
2026-09-25T05:10:01+00:00 [watchdog] skipped: another driver holds the lock
2026-09-25T05:10:52+00:00 [watchdog] driver turn #20: model=--model opencode/big-pickle | opencode run --session ses_f31799c77ffeTq9gcYgqc4hBhg
2026-09-25T05:11:07+00:00 [watchdog] driver turn #20 exited rc=0 (transcript 3840362->3843047B)
2026-09-25T05:11:07+00:00 [watchdog] driver turn #21 healthy; next turn in 600s
2026-09-25T05:15:02+00:00 [watchdog] skipped: another driver holds the lock
2026-09-25T05:20:01+00:00 [watchdog] skipped: another driver holds the lock
2026-09-25T05:21:07+00:00 [watchdog] driver turn #21: model=--model opencode/big-pickle | opencode run --session ses_f31799c77ffeTq9gcYgqc4hBhg
2026-09-25T05:21:25+00:00 [watchdog] driver turn #21 exited rc=0 (transcript 3843047->3845505B)
2026-09-25T05:21:25+00:00 [watchdog] driver turn #22 healthy; next turn in 600s
2026-09-25T05:25:01+00:00 [watchdog] skipped: another driver holds the lock
2026-09-25T05:30:01+00:00 [watchdog] skipped: another driver holds the lock
2026-09-25T05:31:25+00:00 [watchdog] driver turn #22: model=--model opencode/big-pickle | opencode run --session ses_f31799c77ffeTq9gcYgqc4hBhg
2026-09-25T05:31:35+00:00 [watchdog] driver turn #22 exited rc=0 (transcript 3845505->3847964B)
2026-09-25T05:31:35+00:00 [watchdog] driver turn #23 healthy; next turn in 600s
2026-09-25T05:35:01+00:00 [watchdog] skipped: another driver holds the lock
2026-09-25T05:40:01+00:00 [watchdog] skipped: another driver holds the lock
2026-09-25T05:41:35+00:00 [watchdog] driver turn #23: model=--model opencode/big-pickle | opencode run --session ses_f31799c77ffeTq9gcYgqc4hBhg
2026-09-25T05:41:46+00:00 [watchdog] driver turn #23 exited rc=0 (transcript 3847964->3850517B)
2026-09-25T05:41:46+00:00 [watchdog] driver turn #24 healthy; next turn in 600s
2026-09-25T05:45:01+00:00 [watchdog] skipped: another driver holds the lock
2026-09-25T05:50:01+00:00 [watchdog] skipped: another driver holds the lock
2026-09-25T05:51:46+00:00 [watchdog] driver turn #24: model=--model opencode/big-pickle | opencode run --session ses_f31799c77ffeTq9gcYgqc4hBhg
2026-09-25T05:51:58+00:00 [watchdog] driver turn #24 exited rc=0 (transcript 3850517->3852751B)
2026-09-25T05:51:58+00:00 [watchdog] driver turn #25 healthy; next turn in 600s
2026-09-25T05:55:01+00:00 [watchdog] skipped: another driver holds the lock
2026-09-25T06:00:01+00:00 [watchdog] skipped: another driver holds the lock
2026-09-25T06:01:58+00:00 [watchdog] driver turn #25: model=--model opencode/big-pickle | opencode run --session ses_f31799c77ffeTq9gcYgqc4hBhg
2026-09-25T06:02:09+00:00 [watchdog] driver turn #25 exited rc=0 (transcript 3852751->3855422B)
2026-09-25T06:02:09+00:00 [watchdog] driver turn #26 healthy; next turn in 600s
2026-09-25T06:05:01+00:00 [watchdog] skipped: another driver holds the lock
2026-09-25T06:10:01+00:00 [watchdog] skipped: another driver holds the lock
2026-09-25T06:12:09+00:00 [watchdog] driver turn #26: model=--model opencode/big-pickle | opencode run --session ses_f31799c77ffeTq9gcYgqc4hBhg
2026-09-25T06:12:20+00:00 [watchdog] driver turn #26 exited rc=0 (transcript 3855422->3857654B)
2026-09-25T06:12:20+00:00 [watchdog] driver turn #27 healthy; next turn in 600s
2026-09-25T06:15:01+00:00 [watchdog] skipped: another driver holds the lock
2026-09-25T06:20:01+00:00 [watchdog] skipped: another driver holds the lock
2026-09-25T06:22:20+00:00 [watchdog] driver turn #27: model=--model opencode/big-pickle | opencode run --session ses_f31799c77ffeTq9gcYgqc4hBhg
2026-09-25T06:22:28+00:00 [watchdog] driver turn #27 exited rc=0 (transcript 3857654->3859886B)
2026-09-25T06:22:28+00:00 [watchdog] driver turn #28 healthy; next turn in 600s
2026-09-25T06:25:01+00:00 [watchdog] skipped: another driver holds the lock
2026-09-25T06:30:01+00:00 [watchdog] skipped: another driver holds the lock
2026-09-25T06:32:28+00:00 [watchdog] driver turn #28: model=--model opencode/big-pickle | opencode run --session ses_f31799c77ffeTq9gcYgqc4hBhg
2026-09-25T06:32:37+00:00 [watchdog] driver turn #28 exited rc=0 (transcript 3859886->3862097B)
2026-09-25T06:32:37+00:00 [watchdog] driver turn #29 healthy; next turn in 600s
2026-09-25T06:35:01+00:00 [watchdog] skipped: another driver holds the lock
2026-09-25T06:40:01+00:00 [watchdog] skipped: another driver holds the lock
2026-09-25T06:42:37+00:00 [watchdog] driver turn #29: model=--model opencode/big-pickle | opencode run --session ses_f31799c77ffeTq9gcYgqc4hBhg
2026-09-25T06:42:48+00:00 [watchdog] driver turn #29 exited rc=0 (transcript 3862097->3864308B)
2026-09-25T06:42:48+00:00 [watchdog] driver turn #30 healthy; next turn in 600s
2026-09-25T06:45:01+00:00 [watchdog] skipped: another driver holds the lock
2026-09-25T06:50:01+00:00 [watchdog] skipped: another driver holds the lock
2026-09-25T06:52:48+00:00 [watchdog] driver turn #30: model=--model opencode/big-pickle | opencode run --session ses_f31799c77ffeTq9gcYgqc4hBhg
2026-09-25T06:52:57+00:00 [watchdog] driver turn #30 exited rc=0 (transcript 3864308->3866531B)
2026-09-25T06:52:57+00:00 [watchdog] driver turn #31 healthy; next turn in 600s
2026-09-25T06:55:01+00:00 [watchdog] skipped: another driver holds the lock
2026-09-25T07:00:02+00:00 [watchdog] skipped: another driver holds the lock
2026-09-25T07:02:57+00:00 [watchdog] driver turn #31: model=--model opencode/big-pickle | opencode run --session ses_f31799c77ffeTq9gcYgqc4hBhg
2026-09-25T07:03:08+00:00 [watchdog] driver turn #31 exited rc=0 (transcript 3866531->3868743B)
2026-09-25T07:03:08+00:00 [watchdog] driver turn #32 healthy; next turn in 600s
2026-09-25T07:05:01+00:00 [watchdog] skipped: another driver holds the lock
2026-09-25T07:10:01+00:00 [watchdog] skipped: another driver holds the lock
2026-09-25T07:13:08+00:00 [watchdog] driver turn #32: model=--model opencode/big-pickle | opencode run --session ses_f31799c77ffeTq9gcYgqc4hBhg
2026-09-25T07:13:18+00:00 [watchdog] driver turn #32 exited rc=0 (transcript 3868743->3870967B)
2026-09-25T07:13:19+00:00 [watchdog] driver turn #33 healthy; next turn in 600s
2026-09-25T07:15:01+00:00 [watchdog] skipped: another driver holds the lock
2026-09-25T07:20:01+00:00 [watchdog] skipped: another driver holds the lock
2026-09-25T07:23:19+00:00 [watchdog] driver turn #33: model=--model opencode/big-pickle | opencode run --session ses_f31799c77ffeTq9gcYgqc4hBhg
2026-09-25T07:23:27+00:00 [watchdog] driver turn #33 exited rc=0 (transcript 3870967->3873180B)
2026-09-25T07:23:27+00:00 [watchdog] driver turn #34 healthy; next turn in 600s
2026-09-25T07:25:01+00:00 [watchdog] skipped: another driver holds the lock
2026-09-25T07:30:01+00:00 [watchdog] skipped: another driver holds the lock
2026-09-25T07:33:27+00:00 [watchdog] driver turn #34: model=--model opencode/big-pickle | opencode run --session ses_f31799c77ffeTq9gcYgqc4hBhg
2026-09-25T07:33:36+00:00 [watchdog] driver turn #34 exited rc=0 (transcript 3873180->3875393B)
2026-09-25T07:33:36+00:00 [watchdog] driver turn #35 healthy; next turn in 600s
2026-09-25T07:35:01+00:00 [watchdog] skipped: another driver holds the lock
2026-09-25T07:40:01+00:00 [watchdog] skipped: another driver holds the lock
2026-09-25T07:43:36+00:00 [watchdog] driver turn #35: model=--model opencode/big-pickle | opencode run --session ses_f31799c77ffeTq9gcYgqc4hBhg
2026-09-25T07:43:43+00:00 [watchdog] driver turn #35 exited rc=0 (transcript 3875393->3877617B)
2026-09-25T07:43:43+00:00 [watchdog] driver turn #36 healthy; next turn in 600s
2026-09-25T07:45:01+00:00 [watchdog] skipped: another driver holds the lock
2026-09-25T07:50:01+00:00 [watchdog] skipped: another driver holds the lock
2026-09-25T07:53:43+00:00 [watchdog] driver turn #36: model=--model opencode/big-pickle | opencode run --session ses_f31799c77ffeTq9gcYgqc4hBhg
2026-09-25T07:55:01+00:00 [watchdog] skipped: another driver holds the lock
2026-09-25T07:56:12+00:00 [watchdog] driver turn #36 exited rc=1 (transcript 3877617->3904921B)
2026-09-25T07:56:12+00:00 [watchdog] turn rc=1 looks quota-limited -> rotate to opencode/mimo-v2.6-flash-free (hit 1/3)
2026-09-25T07:56:12+00:00 [watchdog] driver turn #37: model=--model opencode/mimo-v2.6-flash-free | opencode run --session ses_f31799c77ffeTq9gcYgqc4hBhg
2026-09-25T08:00:01+00:00 [watchdog] skipped: another driver holds the lock
2026-09-25T08:04:33+00:00 [watchdog] driver turn #37 exited rc=1 (transcript 3904921->3963223B)
2026-09-25T08:04:33+00:00 [watchdog] turn rc=1 looks quota-limited -> rotate to opencode/muse-spark-1.3-contributor-free (hit 2/3)
2026-09-25T08:04:33+00:00 [watchdog] driver turn #38: model=--model opencode/muse-spark-1.3-contributor-free | opencode run --session ses_f31799c77ffeTq9gcYgqc4hBhg
2026-09-25T08:04:33+00:00 [watchdog] driver turn #38 exited rc=1 (transcript 3963223->3963288B)
2026-09-25T08:04:33+00:00 [watchdog] turn rc=1 looks quota-limited -> rotate to opencode/ling-3.0-flash-fin-free (hit 3/3)
2026-09-25T08:04:33+00:00 [watchdog] driver giving up after 3 quota-limited runs; cron will retry
2026-09-25T08:04:33+00:00 [watchdog] driver healthy after 34 successful turns: crash-guard markers cleared
2026-09-25T08:04:33+00:00 [watchdog] driver ended after 38 turns (34 successful; rc=1)
2026-09-25T08:05:01+00:00 [watchdog] previous failure looks like quota/context exhaustion
2026-09-25T08:05:01+00:00 [watchdog] forcing free model: opencode/nemotron-3.5-lightning-free
2026-09-25T08:05:01+00:00 [watchdog] agent idle (hb 40s, transcript 28s, run_alive=0) -> launching driver (model_args='--model opencode/nemotron-3.5-lightning-free')
2026-09-25T08:05:01+00:00 [watchdog] driver turn #1: model=--model opencode/nemotron-3.5-lightning-free | opencode run fresh
2026-09-25T08:10:01+00:00 [watchdog] skipped: another driver holds the lock
2026-09-25T08:15:01+00:00 [watchdog] skipped: another driver holds the lock
2026-09-25T08:19:21+00:00 [watchdog] driver turn #1 exited rc=1 (transcript 3963288->4102351B)
2026-09-25T08:19:21+00:00 [watchdog] turn rc=1 looks quota-limited -> rotate to opencode/mimo-v2.6-flash-free (hit 1/3)
2026-09-25T08:19:21+00:00 [watchdog] driver turn #2: model=--model opencode/mimo-v2.6-flash-free | opencode run --session ses_f31799c77ffeTq9gcYgqc4hBhg
2026-09-25T08:19:22+00:00 [watchdog] driver turn #2 exited rc=1 (transcript 4102351->4102416B)
2026-09-25T08:19:22+00:00 [watchdog] turn rc=1 looks quota-limited -> rotate to opencode/muse-spark-1.3-contributor-free (hit 2/3)
2026-09-25T08:19:22+00:00 [watchdog] driver turn #3: model=--model opencode/muse-spark-1.3-contributor-free | opencode run --session ses_f31799c77ffeTq9gcYgqc4hBhg
2026-09-25T08:19:23+00:00 [watchdog] driver turn #3 exited rc=1 (transcript 4102416->4102481B)
2026-09-25T08:19:23+00:00 [watchdog] turn rc=1 looks quota-limited -> rotate to opencode/ling-3.0-flash-fin-free (hit 3/3)
2026-09-25T08:19:23+00:00 [watchdog] driver giving up after 3 quota-limited runs; cron will retry
2026-09-25T08:19:23+00:00 [watchdog] driver ended after 3 turns (0 successful; rc=1)
2026-09-25T08:20:01+00:00 [watchdog] previous failure looks like quota/context exhaustion
2026-09-25T08:20:01+00:00 [watchdog] forcing free model: opencode/nemotron-3.5-lightning-free
2026-09-25T08:20:01+00:00 [watchdog] agent idle (hb 170s, transcript 38s, run_alive=0) -> launching driver (model_args='--model opencode/nemotron-3.5-lightning-free')
2026-09-25T08:20:01+00:00 [watchdog] driver turn #1: model=--model opencode/nemotron-3.5-lightning-free | opencode run fresh
2026-09-25T08:25:01+00:00 [watchdog] skipped: another driver holds the lock
2026-09-25T08:30:01+00:00 [watchdog] skipped: another driver holds the lock
2026-09-25T08:30:48+00:00 [watchdog] driver turn #1 exited rc=0 (transcript 4102481->4169005B)
2026-09-25T08:30:48+00:00 [watchdog] driver turn #2 healthy; next turn in 30s
2026-09-25T08:31:18+00:00 [watchdog] driver turn #2: model=--model opencode/big-pickle | opencode run --session ses_f31799c77ffeTq9gcYgqc4hBhg
2026-09-25T08:31:19+00:00 [watchdog] driver turn #2 exited rc=1 (transcript 4169005->4169097B)
2026-09-25T08:31:19+00:00 [watchdog] turn rc=1 looks quota-limited -> rotate to opencode/mimo-v2.6-flash-free (hit 1/3)
2026-09-25T08:31:19+00:00 [watchdog] driver turn #3: model=--model opencode/mimo-v2.6-flash-free | opencode run --session ses_f31799c77ffeTq9gcYgqc4hBhg
2026-09-25T08:31:20+00:00 [watchdog] driver turn #3 exited rc=1 (transcript 4169097->4169199B)
2026-09-25T08:31:20+00:00 [watchdog] turn rc=1 looks quota-limited -> rotate to opencode/muse-spark-1.3-contributor-free (hit 2/3)
2026-09-25T08:31:20+00:00 [watchdog] driver turn #4: model=--model opencode/muse-spark-1.3-contributor-free | opencode run --session ses_f31799c77ffeTq9gcYgqc4hBhg
2026-09-25T08:31:21+00:00 [watchdog] driver turn #4 exited rc=1 (transcript 4169199->4169264B)
2026-09-25T08:31:21+00:00 [watchdog] turn rc=1 looks quota-limited -> rotate to opencode/ling-3.0-flash-fin-free (hit 3/3)
2026-09-25T08:31:21+00:00 [watchdog] driver giving up after 3 quota-limited runs; cron will retry
2026-09-25T08:31:21+00:00 [watchdog] driver ended after 4 turns (1 successful; rc=1)
2026-09-25T08:33:02+00:00 [watchdog] previous failure looks like quota/context exhaustion
2026-09-25T08:33:02+00:00 [watchdog] forcing free model: opencode/nemotron-3.5-lightning-free
2026-09-25T08:33:02+00:00 [watchdog] agent idle (hb 951s, transcript 101s, run_alive=0) -> launching driver (model_args='--model opencode/nemotron-3.5-lightning-free')
2026-09-25T08:33:02+00:00 [watchdog] driver turn #1: model=--model opencode/nemotron-3.5-lightning-free | opencode run fresh
2026-09-25T08:35:01+00:00 [watchdog] skipped: another driver holds the lock
2026-09-25T08:40:01+00:00 [watchdog] skipped: another driver holds the lock
2026-09-25T08:45:01+00:00 [watchdog] skipped: another driver holds the lock
2026-09-25T08:48:16+00:00 [watchdog] driver turn #1 exited rc=1 (transcript 4169264->4330218B)
2026-09-25T08:48:16+00:00 [watchdog] turn rc=1 looks quota-limited -> rotate to opencode/mimo-v2.6-flash-free (hit 1/3)
2026-09-25T08:48:16+00:00 [watchdog] driver turn #2: model=--model opencode/mimo-v2.6-flash-free | opencode run --session ses_f31799c77ffeTq9gcYgqc4hBhg
2026-09-25T08:48:17+00:00 [watchdog] driver turn #2 exited rc=1 (transcript 4330218->4330320B)
2026-09-25T08:48:17+00:00 [watchdog] turn rc=1 looks quota-limited -> rotate to opencode/muse-spark-1.3-contributor-free (hit 2/3)
2026-09-25T08:48:17+00:00 [watchdog] driver turn #3: model=--model opencode/muse-spark-1.3-contributor-free | opencode run --session ses_f31799c77ffeTq9gcYgqc4hBhg
2026-09-25T08:48:18+00:00 [watchdog] driver turn #3 exited rc=1 (transcript 4330320->4330385B)
2026-09-25T08:48:18+00:00 [watchdog] turn rc=1 looks quota-limited -> rotate to opencode/ling-3.0-flash-fin-free (hit 3/3)
2026-09-25T08:48:18+00:00 [watchdog] driver giving up after 3 quota-limited runs; cron will retry
2026-09-25T08:48:18+00:00 [watchdog] driver ended after 3 turns (0 successful; rc=1)
2026-09-25T08:50:01+00:00 [watchdog] previous failure looks like quota/context exhaustion
2026-09-25T08:50:01+00:00 [watchdog] forcing free model: opencode/nemotron-3.5-lightning-free
2026-09-25T08:50:01+00:00 [watchdog] agent idle (hb 1970s, transcript 103s, run_alive=0) -> launching driver (model_args='--model opencode/nemotron-3.5-lightning-free')
2026-09-25T08:50:01+00:00 [watchdog] driver turn #1: model=--model opencode/nemotron-3.5-lightning-free | opencode run fresh
2026-09-25T08:51:59+00:00 [watchdog] driver turn #1 exited rc=0 (transcript 4330385->4482605B)
2026-09-25T08:51:59+00:00 [watchdog] driver turn #2 healthy; next turn in 30s
2026-09-25T08:52:29+00:00 [watchdog] driver turn #2: model=--model opencode/big-pickle | opencode run --session ses_f31799c77ffeTq9gcYgqc4hBhg
2026-09-25T08:52:30+00:00 [watchdog] driver turn #2 exited rc=1 (transcript 4482605->4482697B)
2026-09-25T08:52:30+00:00 [watchdog] turn rc=1 looks quota-limited -> rotate to opencode/mimo-v2.6-flash-free (hit 1/3)
2026-09-25T08:52:30+00:00 [watchdog] driver turn #3: model=--model opencode/mimo-v2.6-flash-free | opencode run --session ses_f31799c77ffeTq9gcYgqc4hBhg
2026-09-25T08:52:30+00:00 [watchdog] driver turn #3 exited rc=1 (transcript 4482697->4482762B)
2026-09-25T08:52:30+00:00 [watchdog] turn rc=1 looks quota-limited -> rotate to opencode/muse-spark-1.3-contributor-free (hit 2/3)
2026-09-25T08:52:30+00:00 [watchdog] driver turn #4: model=--model opencode/muse-spark-1.3-contributor-free | opencode run --session ses_f31799c77ffeTq9gcYgqc4hBhg
2026-09-25T08:52:31+00:00 [watchdog] driver turn #4 exited rc=1 (transcript 4482762->4482827B)
2026-09-25T08:52:31+00:00 [watchdog] turn rc=1 looks quota-limited -> rotate to opencode/ling-3.0-flash-fin-free (hit 3/3)
2026-09-25T08:52:31+00:00 [watchdog] driver giving up after 3 quota-limited runs; cron will retry
2026-09-25T08:52:31+00:00 [watchdog] driver ended after 4 turns (1 successful; rc=1)
2026-09-25T08:53:02+00:00 [watchdog] previous failure looks like quota/context exhaustion
2026-09-25T08:53:02+00:00 [watchdog] forcing free model: opencode/nemotron-3.5-lightning-free
2026-09-25T08:53:02+00:00 [watchdog] agent idle (hb 105s, transcript 31s, run_alive=0) -> launching driver (model_args='--model opencode/nemotron-3.5-lightning-free')
2026-09-25T08:53:02+00:00 [watchdog] driver turn #1: model=--model opencode/nemotron-3.5-lightning-free | opencode run fresh
2026-09-25T08:53:50+00:00 [watchdog] driver turn #1 exited rc=0 (transcript 4482827->4482896B)
2026-09-25T08:53:50+00:00 [watchdog] driver turn #2 healthy; next turn in 30s
2026-09-25T08:54:20+00:00 [watchdog] driver turn #2: model=--model opencode/big-pickle | opencode run --session ses_f31799c77ffeTq9gcYgqc4hBhg
2026-09-25T08:54:21+00:00 [watchdog] driver turn #2 exited rc=1 (transcript 4482896->4482988B)
2026-09-25T08:54:22+00:00 [watchdog] turn rc=1 looks quota-limited -> rotate to opencode/mimo-v2.6-flash-free (hit 1/3)
2026-09-25T08:54:22+00:00 [watchdog] driver turn #3: model=--model opencode/mimo-v2.6-flash-free | opencode run --session ses_f31799c77ffeTq9gcYgqc4hBhg
2026-09-25T08:54:22+00:00 [watchdog] driver turn #3 exited rc=1 (transcript 4482988->4483053B)
2026-09-25T08:54:22+00:00 [watchdog] turn rc=1 looks quota-limited -> rotate to opencode/muse-spark-1.3-contributor-free (hit 2/3)
2026-09-25T08:54:22+00:00 [watchdog] driver turn #4: model=--model opencode/muse-spark-1.3-contributor-free | opencode run --session ses_f31799c77ffeTq9gcYgqc4hBhg
2026-09-25T08:54:23+00:00 [watchdog] driver turn #4 exited rc=1 (transcript 4483053->4483118B)
2026-09-25T08:54:23+00:00 [watchdog] turn rc=1 looks quota-limited -> rotate to opencode/ling-3.0-flash-fin-free (hit 3/3)
2026-09-25T08:54:23+00:00 [watchdog] driver giving up after 3 quota-limited runs; cron will retry
2026-09-25T08:54:23+00:00 [watchdog] driver ended after 4 turns (1 successful; rc=1)
2026-09-25T08:55:02+00:00 [watchdog] previous failure looks like quota/context exhaustion
2026-09-25T08:55:02+00:00 [watchdog] forcing free model: opencode/nemotron-3.5-lightning-free
2026-09-25T08:55:02+00:00 [watchdog] agent idle (hb 224s, transcript 38s, run_alive=0) -> launching driver (model_args='--model opencode/nemotron-3.5-lightning-free')
2026-09-25T08:55:02+00:00 [watchdog] driver turn #1: model=--model opencode/nemotron-3.5-lightning-free | opencode run fresh
2026-09-25T09:00:01+00:00 [watchdog] skipped: another driver holds the lock
2026-09-25T09:05:01+00:00 [watchdog] skipped: another driver holds the lock
2026-09-25T09:10:01+00:00 [watchdog] skipped: another driver holds the lock
2026-09-25T09:15:01+00:00 [watchdog] skipped: another driver holds the lock
2026-09-25T09:16:15+00:00 [watchdog] driver turn #1 exited rc=1 (transcript 4483118->4550494B)
2026-09-25T09:16:15+00:00 [watchdog] turn rc=1 looks quota-limited -> rotate to opencode/mimo-v2.6-flash-free (hit 1/3)
2026-09-25T09:16:15+00:00 [watchdog] driver turn #2: model=--model opencode/mimo-v2.6-flash-free | opencode run --session ses_f31799c77ffeTq9gcYgqc4hBhg
2026-09-25T09:16:16+00:00 [watchdog] driver turn #2 exited rc=1 (transcript 4550494->4550559B)
2026-09-25T09:16:16+00:00 [watchdog] turn rc=1 looks quota-limited -> rotate to opencode/muse-spark-1.3-contributor-free (hit 2/3)
2026-09-25T09:16:16+00:00 [watchdog] driver turn #3: model=--model opencode/muse-spark-1.3-contributor-free | opencode run --session ses_f31799c77ffeTq9gcYgqc4hBhg
2026-09-25T09:16:17+00:00 [watchdog] driver turn #3 exited rc=1 (transcript 4550559->4550624B)
2026-09-25T09:16:17+00:00 [watchdog] turn rc=1 looks quota-limited -> rotate to opencode/ling-3.0-flash-fin-free (hit 3/3)
2026-09-25T09:16:17+00:00 [watchdog] driver giving up after 3 quota-limited runs; cron will retry
2026-09-25T09:16:17+00:00 [watchdog] driver ended after 3 turns (0 successful; rc=1)
2026-09-25T09:20:01+00:00 [watchdog] previous failure looks like quota/context exhaustion
2026-09-25T09:20:01+00:00 [watchdog] forcing free model: opencode/nemotron-3.5-lightning-free
2026-09-25T09:20:01+00:00 [watchdog] agent idle (hb 909s, transcript 224s, run_alive=0) -> launching driver (model_args='--model opencode/nemotron-3.5-lightning-free')
2026-09-25T09:20:01+00:00 [watchdog] driver turn #1: model=--model opencode/nemotron-3.5-lightning-free | opencode run fresh
2026-09-25T09:25:01+00:00 [watchdog] skipped: another driver holds the lock
2026-09-25T09:30:01+00:00 [watchdog] skipped: another driver holds the lock
2026-09-25T09:33:14+00:00 [watchdog] driver turn #1 exited rc=0 (transcript 4550624->4593000B)
2026-09-25T09:33:14+00:00 [watchdog] driver turn #2 healthy; next turn in 600s
2026-09-25T09:35:01+00:00 [watchdog] skipped: another driver holds the lock
2026-09-25T09:40:01+00:00 [watchdog] skipped: another driver holds the lock
2026-09-25T09:43:14+00:00 [watchdog] driver turn #2: model=--model opencode/big-pickle | opencode run --session ses_f31799c77ffeTq9gcYgqc4hBhg
2026-09-25T09:43:16+00:00 [watchdog] driver turn #2 exited rc=1 (transcript 4593000->4593092B)
2026-09-25T09:43:16+00:00 [watchdog] turn rc=1 looks quota-limited -> rotate to opencode/mimo-v2.6-flash-free (hit 1/3)
2026-09-25T09:43:16+00:00 [watchdog] driver turn #3: model=--model opencode/mimo-v2.6-flash-free | opencode run --session ses_f31799c77ffeTq9gcYgqc4hBhg
2026-09-25T09:43:16+00:00 [watchdog] driver turn #3 exited rc=1 (transcript 4593092->4593157B)
2026-09-25T09:43:16+00:00 [watchdog] turn rc=1 looks quota-limited -> rotate to opencode/muse-spark-1.3-contributor-free (hit 2/3)
2026-09-25T09:43:16+00:00 [watchdog] driver turn #4: model=--model opencode/muse-spark-1.3-contributor-free | opencode run --session ses_f31799c77ffeTq9gcYgqc4hBhg
2026-09-25T09:43:17+00:00 [watchdog] driver turn #4 exited rc=1 (transcript 4593157->4593222B)
2026-09-25T09:43:17+00:00 [watchdog] turn rc=1 looks quota-limited -> rotate to opencode/ling-3.0-flash-fin-free (hit 3/3)
2026-09-25T09:43:17+00:00 [watchdog] driver giving up after 3 quota-limited runs; cron will retry
2026-09-25T09:43:17+00:00 [watchdog] driver ended after 4 turns (1 successful; rc=1)
2026-09-25T09:45:01+00:00 [watchdog] previous failure looks like quota/context exhaustion
2026-09-25T09:45:01+00:00 [watchdog] forcing free model: opencode/nemotron-3.5-lightning-free
2026-09-25T09:45:01+00:00 [watchdog] agent idle (hb 1084s, transcript 104s, run_alive=0) -> launching driver (model_args='--model opencode/nemotron-3.5-lightning-free')
2026-09-25T09:45:02+00:00 [watchdog] driver turn #1: model=--model opencode/nemotron-3.5-lightning-free | opencode run fresh
2026-09-25T09:49:26+00:00 [watchdog] driver turn #1 exited rc=0 (transcript 4593222->4605475B)
2026-09-25T09:49:26+00:00 [watchdog] driver turn #2 healthy; next turn in 600s
2026-09-25T09:50:01+00:00 [watchdog] skipped: another driver holds the lock
2026-09-25T09:55:01+00:00 [watchdog] skipped: another driver holds the lock
2026-09-25T09:59:26+00:00 [watchdog] driver turn #2: model=--model opencode/big-pickle | opencode run --session ses_f31799c77ffeTq9gcYgqc4hBhg
2026-09-25T09:59:27+00:00 [watchdog] driver turn #2 exited rc=1 (transcript 4605475->4605540B)
2026-09-25T09:59:27+00:00 [watchdog] turn rc=1 looks quota-limited -> rotate to opencode/mimo-v2.6-flash-free (hit 1/3)
2026-09-25T09:59:27+00:00 [watchdog] driver turn #3: model=--model opencode/mimo-v2.6-flash-free | opencode run --session ses_f31799c77ffeTq9gcYgqc4hBhg
2026-09-25T09:59:28+00:00 [watchdog] driver turn #3 exited rc=1 (transcript 4605540->4605605B)
2026-09-25T09:59:28+00:00 [watchdog] turn rc=1 looks quota-limited -> rotate to opencode/muse-spark-1.3-contributor-free (hit 2/3)
2026-09-25T09:59:28+00:00 [watchdog] driver turn #4: model=--model opencode/muse-spark-1.3-contributor-free | opencode run --session ses_f31799c77ffeTq9gcYgqc4hBhg
2026-09-25T09:59:29+00:00 [watchdog] driver turn #4 exited rc=1 (transcript 4605605->4605670B)
2026-09-25T09:59:29+00:00 [watchdog] turn rc=1 looks quota-limited -> rotate to opencode/ling-3.0-flash-fin-free (hit 3/3)
2026-09-25T09:59:29+00:00 [watchdog] driver giving up after 3 quota-limited runs; cron will retry
2026-09-25T09:59:29+00:00 [watchdog] driver ended after 4 turns (1 successful; rc=1)
2026-09-25T10:00:01+00:00 [watchdog] previous failure looks like quota/context exhaustion
2026-09-25T10:00:01+00:00 [watchdog] forcing free model: opencode/nemotron-3.5-lightning-free
2026-09-25T10:00:01+00:00 [watchdog] agent idle (hb 1984s, transcript 32s, run_alive=0) -> launching driver (model_args='--model opencode/nemotron-3.5-lightning-free')
2026-09-25T10:00:01+00:00 [watchdog] driver turn #1: model=--model opencode/nemotron-3.5-lightning-free | opencode run fresh
2026-09-25T10:05:01+00:00 [watchdog] skipped: another driver holds the lock
2026-09-25T10:08:09+00:00 [watchdog] driver turn #1 exited rc=0 (transcript 4605670->4623892B)
2026-09-25T10:08:09+00:00 [watchdog] driver turn #2 healthy; next turn in 30s
2026-09-25T10:08:39+00:00 [watchdog] driver turn #2: model=--model opencode/big-pickle | opencode run --session ses_f31799c77ffeTq9gcYgqc4hBhg
2026-09-25T10:08:40+00:00 [watchdog] driver turn #2 exited rc=1 (transcript 4623892->4623957B)
2026-09-25T10:08:40+00:00 [watchdog] turn rc=1 looks quota-limited -> rotate to opencode/mimo-v2.6-flash-free (hit 1/3)
2026-09-25T10:08:40+00:00 [watchdog] driver turn #3: model=--model opencode/mimo-v2.6-flash-free | opencode run --session ses_f31799c77ffeTq9gcYgqc4hBhg
2026-09-25T10:08:41+00:00 [watchdog] driver turn #3 exited rc=1 (transcript 4623957->4624022B)
2026-09-25T10:08:41+00:00 [watchdog] turn rc=1 looks quota-limited -> rotate to opencode/muse-spark-1.3-contributor-free (hit 2/3)
2026-09-25T10:08:41+00:00 [watchdog] driver turn #4: model=--model opencode/muse-spark-1.3-contributor-free | opencode run --session ses_f31799c77ffeTq9gcYgqc4hBhg
2026-09-25T10:08:41+00:00 [watchdog] driver turn #4 exited rc=1 (transcript 4624022->4624087B)
2026-09-25T10:08:41+00:00 [watchdog] turn rc=1 looks quota-limited -> rotate to opencode/ling-3.0-flash-fin-free (hit 3/3)
2026-09-25T10:08:41+00:00 [watchdog] driver giving up after 3 quota-limited runs; cron will retry
2026-09-25T10:08:41+00:00 [watchdog] driver ended after 4 turns (1 successful; rc=1)
2026-09-25T10:10:01+00:00 [watchdog] previous failure looks like quota/context exhaustion
2026-09-25T10:10:01+00:00 [watchdog] forcing free model: opencode/nemotron-3.5-lightning-free
2026-09-25T10:10:01+00:00 [watchdog] agent idle (hb 236s, transcript 80s, run_alive=0) -> launching driver (model_args='--model opencode/nemotron-3.5-lightning-free')
2026-09-25T10:10:01+00:00 [watchdog] driver turn #1: model=--model opencode/nemotron-3.5-lightning-free | opencode run fresh
2026-09-25T10:15:01+00:00 [watchdog] skipped: another driver holds the lock
2026-09-25T10:20:01+00:00 [watchdog] skipped: another driver holds the lock
2026-09-25T10:25:01+00:00 [watchdog] skipped: another driver holds the lock
2026-09-25T10:30:01+00:00 [watchdog] skipped: another driver holds the lock
2026-09-25T10:30:34+00:00 [watchdog] driver turn #1 exited rc=0 (transcript 4624087->4737817B)
2026-09-25T10:30:34+00:00 [watchdog] driver turn #2 healthy; next turn in 30s
2026-09-25T10:31:04+00:00 [watchdog] driver turn #2: model=--model opencode/big-pickle | opencode run --session ses_f31799c77ffeTq9gcYgqc4hBhg
2026-09-25T10:31:05+00:00 [watchdog] driver turn #2 exited rc=1 (transcript 4737817->4737882B)
2026-09-25T10:31:05+00:00 [watchdog] turn rc=1 looks quota-limited -> rotate to opencode/mimo-v2.6-flash-free (hit 1/3)
2026-09-25T10:31:05+00:00 [watchdog] driver turn #3: model=--model opencode/mimo-v2.6-flash-free | opencode run --session ses_f31799c77ffeTq9gcYgqc4hBhg
2026-09-25T10:31:06+00:00 [watchdog] driver turn #3 exited rc=1 (transcript 4737882->4737947B)
2026-09-25T10:31:06+00:00 [watchdog] turn rc=1 looks quota-limited -> rotate to opencode/muse-spark-1.3-contributor-free (hit 2/3)
2026-09-25T10:31:06+00:00 [watchdog] driver turn #4: model=--model opencode/muse-spark-1.3-contributor-free | opencode run --session ses_f31799c77ffeTq9gcYgqc4hBhg
2026-09-25T10:31:07+00:00 [watchdog] driver turn #4 exited rc=1 (transcript 4737947->4738060B)
2026-09-25T10:31:07+00:00 [watchdog] turn rc=1 looks quota-limited -> rotate to opencode/ling-3.0-flash-fin-free (hit 3/3)
2026-09-25T10:31:07+00:00 [watchdog] driver giving up after 3 quota-limited runs; cron will retry
2026-09-25T10:31:07+00:00 [watchdog] driver ended after 4 turns (1 successful; rc=1)
2026-09-25T10:33:02+00:00 [watchdog] previous failure looks like quota/context exhaustion
2026-09-25T10:33:02+00:00 [watchdog] forcing free model: opencode/nemotron-3.5-lightning-free
2026-09-25T10:33:02+00:00 [watchdog] agent idle (hb 582s, transcript 115s, run_alive=0) -> launching driver (model_args='--model opencode/nemotron-3.5-lightning-free')
2026-09-25T10:33:02+00:00 [watchdog] driver turn #1: model=--model opencode/nemotron-3.5-lightning-free | opencode run fresh
2026-09-25T10:35:01+00:00 [watchdog] skipped: another driver holds the lock
2026-09-25T10:40:01+00:00 [watchdog] skipped: another driver holds the lock
2026-09-25T10:45:01+00:00 [watchdog] skipped: another driver holds the lock
2026-09-25T10:50:01+00:00 [watchdog] skipped: another driver holds the lock
2026-09-25T10:55:01+00:00 [watchdog] skipped: another driver holds the lock
2026-09-25T11:00:01+00:00 [watchdog] skipped: another driver holds the lock
2026-09-25T11:00:23+00:00 [watchdog] driver turn #1 exited rc=1 (transcript 4738060->4792532B)
2026-09-25T11:00:23+00:00 [watchdog] turn rc=1 looks quota-limited -> rotate to opencode/mimo-v2.6-flash-free (hit 1/3)
2026-09-25T11:00:23+00:00 [watchdog] driver turn #2: model=--model opencode/mimo-v2.6-flash-free | opencode run --session ses_f31799c77ffeTq9gcYgqc4hBhg
2026-09-25T11:00:24+00:00 [watchdog] driver turn #2 exited rc=1 (transcript 4792532->4792634B)
2026-09-25T11:00:24+00:00 [watchdog] turn rc=1 looks quota-limited -> rotate to opencode/muse-spark-1.3-contributor-free (hit 2/3)
2026-09-25T11:00:24+00:00 [watchdog] driver turn #3: model=--model opencode/muse-spark-1.3-contributor-free | opencode run --session ses_f31799c77ffeTq9gcYgqc4hBhg
2026-09-25T11:00:24+00:00 [watchdog] driver turn #3 exited rc=1 (transcript 4792634->4792699B)
2026-09-25T11:00:24+00:00 [watchdog] turn rc=1 looks quota-limited -> rotate to opencode/ling-3.0-flash-fin-free (hit 3/3)
2026-09-25T11:00:24+00:00 [watchdog] driver giving up after 3 quota-limited runs; cron will retry
2026-09-25T11:00:24+00:00 [watchdog] driver ended after 3 turns (0 successful; rc=1)
2026-09-25T11:03:02+00:00 [watchdog] previous failure looks like quota/context exhaustion
2026-09-25T11:03:02+00:00 [watchdog] forcing free model: opencode/nemotron-3.5-lightning-free
2026-09-25T11:03:02+00:00 [watchdog] agent idle (hb 306s, transcript 158s, run_alive=0) -> launching driver (model_args='--model opencode/nemotron-3.5-lightning-free')
2026-09-25T11:03:02+00:00 [watchdog] driver turn #1: model=--model opencode/nemotron-3.5-lightning-free | opencode run fresh
2026-09-25T11:05:01+00:00 [watchdog] skipped: another driver holds the lock
2026-09-25T11:08:45+00:00 [watchdog] driver turn #1 exited rc=0 (transcript 4792699->4891928B)
2026-09-25T11:08:45+00:00 [watchdog] driver turn #2 healthy; next turn in 600s
2026-09-25T11:10:01+00:00 [watchdog] skipped: another driver holds the lock
2026-09-25T11:15:01+00:00 [watchdog] skipped: another driver holds the lock
2026-09-25T11:18:45+00:00 [watchdog] driver turn #2: model=--model opencode/big-pickle | opencode run --session ses_f31799c77ffeTq9gcYgqc4hBhg
2026-09-25T11:18:46+00:00 [watchdog] driver turn #2 exited rc=1 (transcript 4891928->4891993B)
2026-09-25T11:18:46+00:00 [watchdog] turn rc=1 looks quota-limited -> rotate to opencode/mimo-v2.6-flash-free (hit 1/3)
2026-09-25T11:18:46+00:00 [watchdog] driver turn #3: model=--model opencode/mimo-v2.6-flash-free | opencode run --session ses_f31799c77ffeTq9gcYgqc4hBhg
2026-09-25T11:18:47+00:00 [watchdog] driver turn #3 exited rc=1 (transcript 4891993->4892058B)
2026-09-25T11:18:47+00:00 [watchdog] turn rc=1 looks quota-limited -> rotate to opencode/muse-spark-1.3-contributor-free (hit 2/3)
2026-09-25T11:18:47+00:00 [watchdog] driver turn #4: model=--model opencode/muse-spark-1.3-contributor-free | opencode run --session ses_f31799c77ffeTq9gcYgqc4hBhg
2026-09-25T11:18:47+00:00 [watchdog] driver turn #4 exited rc=1 (transcript 4892058->4892123B)
2026-09-25T11:18:47+00:00 [watchdog] turn rc=1 looks quota-limited -> rotate to opencode/ling-3.0-flash-fin-free (hit 3/3)
2026-09-25T11:18:47+00:00 [watchdog] driver giving up after 3 quota-limited runs; cron will retry
2026-09-25T11:18:47+00:00 [watchdog] driver ended after 4 turns (1 successful; rc=1)
2026-09-25T11:20:01+00:00 [watchdog] previous failure looks like quota/context exhaustion
2026-09-25T11:20:01+00:00 [watchdog] forcing free model: opencode/nemotron-3.5-lightning-free
2026-09-25T11:20:01+00:00 [watchdog] agent idle (hb 748s, transcript 74s, run_alive=0) -> launching driver (model_args='--model opencode/nemotron-3.5-lightning-free')
2026-09-25T11:20:01+00:00 [watchdog] driver turn #1: model=--model opencode/nemotron-3.5-lightning-free | opencode run fresh
2026-09-25T11:23:35+00:00 [watchdog] driver turn #1 exited rc=0 (transcript 4892123->4892342B)
2026-09-25T11:23:35+00:00 [watchdog] driver turn #2 healthy; next turn in 30s
2026-09-25T11:24:05+00:00 [watchdog] driver turn #2: model=--model opencode/big-pickle | opencode run --session ses_f31799c77ffeTq9gcYgqc4hBhg
2026-09-25T11:24:06+00:00 [watchdog] driver turn #2 exited rc=1 (transcript 4892342->4892434B)
2026-09-25T11:24:06+00:00 [watchdog] turn rc=1 looks quota-limited -> rotate to opencode/mimo-v2.6-flash-free (hit 1/3)
2026-09-25T11:24:06+00:00 [watchdog] driver turn #3: model=--model opencode/mimo-v2.6-flash-free | opencode run --session ses_f31799c77ffeTq9gcYgqc4hBhg
2026-09-25T11:24:06+00:00 [watchdog] driver turn #3 exited rc=1 (transcript 4892434->4892499B)
2026-09-25T11:24:06+00:00 [watchdog] turn rc=1 looks quota-limited -> rotate to opencode/muse-spark-1.3-contributor-free (hit 2/3)
2026-09-25T11:24:06+00:00 [watchdog] driver turn #4: model=--model opencode/muse-spark-1.3-contributor-free | opencode run --session ses_f31799c77ffeTq9gcYgqc4hBhg
2026-09-25T11:24:07+00:00 [watchdog] driver turn #4 exited rc=1 (transcript 4892499->4892564B)
2026-09-25T11:24:07+00:00 [watchdog] turn rc=1 looks quota-limited -> rotate to opencode/ling-3.0-flash-fin-free (hit 3/3)
2026-09-25T11:24:07+00:00 [watchdog] driver giving up after 3 quota-limited runs; cron will retry
2026-09-25T11:24:07+00:00 [watchdog] driver ended after 4 turns (1 successful; rc=1)
2026-09-25T11:25:01+00:00 [watchdog] previous failure looks like quota/context exhaustion
2026-09-25T11:25:01+00:00 [watchdog] forcing free model: opencode/nemotron-3.5-lightning-free
2026-09-25T11:25:01+00:00 [watchdog] agent idle (hb 1048s, transcript 54s, run_alive=0) -> launching driver (model_args='--model opencode/nemotron-3.5-lightning-free')
2026-09-25T11:25:01+00:00 [watchdog] driver turn #1: model=--model opencode/nemotron-3.5-lightning-free | opencode run fresh
2026-09-25T11:30:01+00:00 [watchdog] skipped: another driver holds the lock
2026-09-25T11:35:01+00:00 [watchdog] skipped: another driver holds the lock
2026-09-25T11:40:01+00:00 [watchdog] skipped: another driver holds the lock
2026-09-25T11:45:01+00:00 [watchdog] skipped: another driver holds the lock
2026-09-25T11:50:01+00:00 [watchdog] skipped: another driver holds the lock
2026-09-25T11:55:01+00:00 [watchdog] skipped: another driver holds the lock
2026-09-25T11:57:36+00:00 [watchdog] driver turn #1 exited rc=1 (transcript 4892564->5020943B)
2026-09-25T11:57:36+00:00 [watchdog] turn rc=1 looks quota-limited -> rotate to opencode/mimo-v2.6-flash-free (hit 1/3)
2026-09-25T11:57:36+00:00 [watchdog] driver turn #2: model=--model opencode/mimo-v2.6-flash-free | opencode run --session ses_f31799c77ffeTq9gcYgqc4hBhg
2026-09-25T11:57:38+00:00 [watchdog] driver turn #2 exited rc=1 (transcript 5020943->5021045B)
2026-09-25T11:57:38+00:00 [watchdog] turn rc=1 looks quota-limited -> rotate to opencode/muse-spark-1.3-contributor-free (hit 2/3)
2026-09-25T11:57:38+00:00 [watchdog] driver turn #3: model=--model opencode/muse-spark-1.3-contributor-free | opencode run --session ses_f31799c77ffeTq9gcYgqc4hBhg
2026-09-25T11:57:38+00:00 [watchdog] driver turn #3 exited rc=1 (transcript 5021045->5021110B)
2026-09-25T11:57:38+00:00 [watchdog] turn rc=1 looks quota-limited -> rotate to opencode/ling-3.0-flash-fin-free (hit 3/3)
2026-09-25T11:57:38+00:00 [watchdog] driver giving up after 3 quota-limited runs; cron will retry
2026-09-25T11:57:38+00:00 [watchdog] driver ended after 3 turns (0 successful; rc=1)
2026-09-25T12:00:01+00:00 [watchdog] previous failure looks like quota/context exhaustion
2026-09-25T12:00:01+00:00 [watchdog] forcing free model: opencode/nemotron-3.5-lightning-free
2026-09-25T12:00:01+00:00 [watchdog] agent idle (hb 205s, transcript 143s, run_alive=0) -> launching driver (model_args='--model opencode/nemotron-3.5-lightning-free')
2026-09-25T12:00:01+00:00 [watchdog] driver turn #1: model=--model opencode/nemotron-3.5-lightning-free | opencode run fresh
2026-09-25T12:05:01+00:00 [watchdog] skipped: another driver holds the lock
2026-09-25T12:10:01+00:00 [watchdog] skipped: another driver holds the lock
2026-09-25T12:15:01+00:00 [watchdog] skipped: another driver holds the lock
2026-09-25T12:16:33+00:00 [watchdog] driver turn #1 exited rc=1 (transcript 5021110->5073777B)
2026-09-25T12:16:33+00:00 [watchdog] turn rc=1 looks quota-limited -> rotate to opencode/mimo-v2.6-flash-free (hit 1/3)
2026-09-25T12:16:33+00:00 [watchdog] driver turn #2: model=--model opencode/mimo-v2.6-flash-free | opencode run --session ses_f31799c77ffeTq9gcYgqc4hBhg
2026-09-25T12:16:34+00:00 [watchdog] driver turn #2 exited rc=1 (transcript 5073777->5073879B)
2026-09-25T12:16:34+00:00 [watchdog] turn rc=1 looks quota-limited -> rotate to opencode/muse-spark-1.3-contributor-free (hit 2/3)
2026-09-25T12:16:34+00:00 [watchdog] driver turn #3: model=--model opencode/muse-spark-1.3-contributor-free | opencode run --session ses_f31799c77ffeTq9gcYgqc4hBhg
2026-09-25T12:16:35+00:00 [watchdog] driver turn #3 exited rc=1 (transcript 5073879->5073944B)
2026-09-25T12:16:35+00:00 [watchdog] turn rc=1 looks quota-limited -> rotate to opencode/ling-3.0-flash-fin-free (hit 3/3)
2026-09-25T12:16:35+00:00 [watchdog] driver giving up after 3 quota-limited runs; cron will retry
2026-09-25T12:16:35+00:00 [watchdog] driver ended after 3 turns (0 successful; rc=1)
2026-09-25T12:20:01+00:00 [watchdog] previous failure looks like quota/context exhaustion
2026-09-25T12:20:01+00:00 [watchdog] forcing free model: opencode/nemotron-3.5-lightning-free
2026-09-25T12:20:01+00:00 [watchdog] agent idle (hb 211s, transcript 207s, run_alive=0) -> launching driver (model_args='--model opencode/nemotron-3.5-lightning-free')
2026-09-25T12:20:01+00:00 [watchdog] driver turn #1: model=--model opencode/nemotron-3.5-lightning-free | opencode run fresh
2026-09-25T12:25:01+00:00 [watchdog] skipped: another driver holds the lock
2026-09-25T12:30:01+00:00 [watchdog] skipped: another driver holds the lock
2026-09-25T12:31:08+00:00 [watchdog] driver turn #1 exited rc=1 (transcript 5073944->5136265B)
2026-09-25T12:31:08+00:00 [watchdog] turn rc=1 looks quota-limited -> rotate to opencode/mimo-v2.6-flash-free (hit 1/3)
2026-09-25T12:31:08+00:00 [watchdog] driver turn #2: model=--model opencode/mimo-v2.6-flash-free | opencode run --session ses_f31799c77ffeTq9gcYgqc4hBhg
2026-09-25T12:31:09+00:00 [watchdog] driver turn #2 exited rc=1 (transcript 5136265->5136367B)
2026-09-25T12:31:09+00:00 [watchdog] turn rc=1 looks quota-limited -> rotate to opencode/muse-spark-1.3-contributor-free (hit 2/3)
2026-09-25T12:31:09+00:00 [watchdog] driver turn #3: model=--model opencode/muse-spark-1.3-contributor-free | opencode run --session ses_f31799c77ffeTq9gcYgqc4hBhg
2026-09-25T12:31:10+00:00 [watchdog] driver turn #3 exited rc=1 (transcript 5136367->5136432B)
2026-09-25T12:31:10+00:00 [watchdog] turn rc=1 looks quota-limited -> rotate to opencode/ling-3.0-flash-fin-free (hit 3/3)
2026-09-25T12:31:10+00:00 [watchdog] driver giving up after 3 quota-limited runs; cron will retry
2026-09-25T12:31:10+00:00 [watchdog] driver ended after 3 turns (0 successful; rc=1)
2026-09-25T12:33:02+00:00 [watchdog] previous failure looks like quota/context exhaustion
2026-09-25T12:33:02+00:00 [watchdog] forcing free model: opencode/nemotron-3.5-lightning-free
2026-09-25T12:33:02+00:00 [watchdog] agent idle (hb 992s, transcript 112s, run_alive=0) -> launching driver (model_args='--model opencode/nemotron-3.5-lightning-free')
2026-09-25T12:33:02+00:00 [watchdog] driver turn #1: model=--model opencode/nemotron-3.5-lightning-free | opencode run fresh
2026-09-25T12:35:01+00:00 [watchdog] skipped: another driver holds the lock
2026-09-25T12:40:01+00:00 [watchdog] skipped: another driver holds the lock
2026-09-25T12:42:38+00:00 [watchdog] driver turn #1 exited rc=0 (transcript 5136432->5195945B)
2026-09-25T12:42:38+00:00 [watchdog] driver turn #2 healthy; next turn in 600s
2026-09-25T12:45:01+00:00 [watchdog] skipped: another driver holds the lock
2026-09-25T12:50:01+00:00 [watchdog] skipped: another driver holds the lock
2026-09-25T12:52:38+00:00 [watchdog] driver turn #2: model=--model opencode/big-pickle | opencode run --session ses_f31799c77ffeTq9gcYgqc4hBhg
2026-09-25T12:52:39+00:00 [watchdog] driver turn #2 exited rc=1 (transcript 5195945->5196037B)
2026-09-25T12:52:39+00:00 [watchdog] turn rc=1 looks quota-limited -> rotate to opencode/mimo-v2.6-flash-free (hit 1/3)
2026-09-25T12:52:39+00:00 [watchdog] driver turn #3: model=--model opencode/mimo-v2.6-flash-free | opencode run --session ses_f31799c77ffeTq9gcYgqc4hBhg
2026-09-25T12:52:39+00:00 [watchdog] driver turn #3 exited rc=1 (transcript 5196037->5196102B)
2026-09-25T12:52:39+00:00 [watchdog] turn rc=1 looks quota-limited -> rotate to opencode/muse-spark-1.3-contributor-free (hit 2/3)
2026-09-25T12:52:39+00:00 [watchdog] driver turn #4: model=--model opencode/muse-spark-1.3-contributor-free | opencode run --session ses_f31799c77ffeTq9gcYgqc4hBhg
2026-09-25T12:52:40+00:00 [watchdog] driver turn #4 exited rc=1 (transcript 5196102->5196215B)
2026-09-25T12:52:40+00:00 [watchdog] turn rc=1 looks quota-limited -> rotate to opencode/ling-3.0-flash-fin-free (hit 3/3)
2026-09-25T12:52:40+00:00 [watchdog] driver giving up after 3 quota-limited runs; cron will retry
2026-09-25T12:52:40+00:00 [watchdog] driver ended after 4 turns (1 successful; rc=1)
2026-09-25T12:53:02+00:00 [watchdog] previous failure looks like quota/context exhaustion
2026-09-25T12:53:02+00:00 [watchdog] forcing free model: opencode/nemotron-3.5-lightning-free
2026-09-25T12:53:02+00:00 [watchdog] agent idle (hb 2192s, transcript 22s, run_alive=0) -> launching driver (model_args='--model opencode/nemotron-3.5-lightning-free')
2026-09-25T12:53:02+00:00 [watchdog] driver turn #1: model=--model opencode/nemotron-3.5-lightning-free | opencode run fresh
2026-09-25T12:55:01+00:00 [watchdog] skipped: another driver holds the lock
2026-09-25T12:55:25+00:00 [watchdog] driver turn #1 exited rc=0 (transcript 5196215->5196348B)
2026-09-25T12:55:25+00:00 [watchdog] driver turn #2 healthy; next turn in 600s
2026-09-25T13:00:01+00:00 [watchdog] skipped: another driver holds the lock
2026-09-25T13:05:01+00:00 [watchdog] skipped: another driver holds the lock
2026-09-25T13:05:25+00:00 [watchdog] driver turn #2: model=--model opencode/big-pickle | opencode run --session ses_f31799c77ffeTq9gcYgqc4hBhg
2026-09-25T13:05:27+00:00 [watchdog] driver turn #2 exited rc=1 (transcript 5196348->5196440B)
2026-09-25T13:05:27+00:00 [watchdog] turn rc=1 looks quota-limited -> rotate to opencode/mimo-v2.6-flash-free (hit 1/3)
2026-09-25T13:05:27+00:00 [watchdog] driver turn #3: model=--model opencode/mimo-v2.6-flash-free | opencode run --session ses_f31799c77ffeTq9gcYgqc4hBhg
2026-09-25T13:05:27+00:00 [watchdog] driver turn #3 exited rc=1 (transcript 5196440->5196505B)
2026-09-25T13:05:27+00:00 [watchdog] turn rc=1 looks quota-limited -> rotate to opencode/muse-spark-1.3-contributor-free (hit 2/3)
2026-09-25T13:05:27+00:00 [watchdog] driver turn #4: model=--model opencode/muse-spark-1.3-contributor-free | opencode run --session ses_f31799c77ffeTq9gcYgqc4hBhg
2026-09-25T13:05:28+00:00 [watchdog] driver turn #4 exited rc=1 (transcript 5196505->5196570B)
2026-09-25T13:05:28+00:00 [watchdog] turn rc=1 looks quota-limited -> rotate to opencode/ling-3.0-flash-fin-free (hit 3/3)
2026-09-25T13:05:28+00:00 [watchdog] driver giving up after 3 quota-limited runs; cron will retry
2026-09-25T13:05:28+00:00 [watchdog] driver ended after 4 turns (1 successful; rc=1)
2026-09-25T13:10:01+00:00 [watchdog] previous failure looks like quota/context exhaustion
2026-09-25T13:10:01+00:00 [watchdog] forcing free model: opencode/nemotron-3.5-lightning-free
2026-09-25T13:10:01+00:00 [watchdog] agent idle (hb 3211s, transcript 273s, run_alive=0) -> launching driver (model_args='--model opencode/nemotron-3.5-lightning-free')
2026-09-25T13:10:01+00:00 [watchdog] driver turn #1: model=--model opencode/nemotron-3.5-lightning-free | opencode run fresh
2026-09-25T13:11:29+00:00 [watchdog] driver turn #1 exited rc=0 (transcript 5196570->5201352B)
2026-09-25T13:11:29+00:00 [watchdog] driver turn #2 healthy; next turn in 30s
2026-09-25T13:11:59+00:00 [watchdog] driver turn #2: model=--model opencode/big-pickle | opencode run --session ses_f31799c77ffeTq9gcYgqc4hBhg
2026-09-25T13:12:00+00:00 [watchdog] driver turn #2 exited rc=1 (transcript 5201352->5201417B)
2026-09-25T13:12:00+00:00 [watchdog] turn rc=1 looks quota-limited -> rotate to opencode/mimo-v2.6-flash-free (hit 1/3)
2026-09-25T13:12:00+00:00 [watchdog] driver turn #3: model=--model opencode/mimo-v2.6-flash-free | opencode run --session ses_f31799c77ffeTq9gcYgqc4hBhg
2026-09-25T13:12:00+00:00 [watchdog] driver turn #3 exited rc=1 (transcript 5201417->5201482B)
2026-09-25T13:12:00+00:00 [watchdog] turn rc=1 looks quota-limited -> rotate to opencode/muse-spark-1.3-contributor-free (hit 2/3)
2026-09-25T13:12:00+00:00 [watchdog] driver turn #4: model=--model opencode/muse-spark-1.3-contributor-free | opencode run --session ses_f31799c77ffeTq9gcYgqc4hBhg
2026-09-25T13:12:01+00:00 [watchdog] driver turn #4 exited rc=1 (transcript 5201482->5201547B)
2026-09-25T13:12:01+00:00 [watchdog] turn rc=1 looks quota-limited -> rotate to opencode/ling-3.0-flash-fin-free (hit 3/3)
2026-09-25T13:12:01+00:00 [watchdog] driver giving up after 3 quota-limited runs; cron will retry
2026-09-25T13:12:01+00:00 [watchdog] driver ended after 4 turns (1 successful; rc=1)
2026-09-25T13:13:01+00:00 [watchdog] previous failure looks like quota/context exhaustion
2026-09-25T13:13:01+00:00 [watchdog] forcing free model: opencode/nemotron-3.5-lightning-free
2026-09-25T13:13:01+00:00 [watchdog] agent idle (hb 3391s, transcript 60s, run_alive=0) -> launching driver (model_args='--model opencode/nemotron-3.5-lightning-free')
2026-09-25T13:13:01+00:00 [watchdog] driver turn #1: model=--model opencode/nemotron-3.5-lightning-free | opencode run fresh
2026-09-25T13:15:01+00:00 [watchdog] skipped: another driver holds the lock
2026-09-25T13:20:01+00:00 [watchdog] skipped: another driver holds the lock
2026-09-25T13:25:01+00:00 [watchdog] skipped: another driver holds the lock
2026-09-25T13:30:01+00:00 [watchdog] skipped: another driver holds the lock
2026-09-25T13:35:01+00:00 [watchdog] skipped: another driver holds the lock
2026-09-25T13:40:01+00:00 [watchdog] skipped: another driver holds the lock
2026-09-25T13:42:42+00:00 [watchdog] driver turn #1 exited rc=1 (transcript 5201547->5306141B)
2026-09-25T13:42:42+00:00 [watchdog] turn rc=1 looks quota-limited -> rotate to opencode/mimo-v2.6-flash-free (hit 1/3)
2026-09-25T13:42:42+00:00 [watchdog] driver turn #2: model=--model opencode/mimo-v2.6-flash-free | opencode run --session ses_f31799c77ffeTq9gcYgqc4hBhg
2026-09-25T13:42:43+00:00 [watchdog] driver turn #2 exited rc=1 (transcript 5306141->5306206B)
2026-09-25T13:42:43+00:00 [watchdog] turn rc=1 looks quota-limited -> rotate to opencode/muse-spark-1.3-contributor-free (hit 2/3)
2026-09-25T13:42:43+00:00 [watchdog] driver turn #3: model=--model opencode/muse-spark-1.3-contributor-free | opencode run --session ses_f31799c77ffeTq9gcYgqc4hBhg
2026-09-25T13:42:43+00:00 [watchdog] driver turn #3 exited rc=1 (transcript 5306206->5306271B)
2026-09-25T13:42:43+00:00 [watchdog] turn rc=1 looks quota-limited -> rotate to opencode/ling-3.0-flash-fin-free (hit 3/3)
2026-09-25T13:42:43+00:00 [watchdog] driver giving up after 3 quota-limited runs; cron will retry
2026-09-25T13:42:43+00:00 [watchdog] driver ended after 3 turns (0 successful; rc=1)
2026-09-25T13:43:02+00:00 [watchdog] previous failure looks like quota/context exhaustion
2026-09-25T13:43:02+00:00 [watchdog] forcing free model: opencode/nemotron-3.5-lightning-free
2026-09-25T13:43:02+00:00 [watchdog] agent idle (hb 54s, transcript 19s, run_alive=0) -> launching driver (model_args='--model opencode/nemotron-3.5-lightning-free')
2026-09-25T13:43:02+00:00 [watchdog] driver turn #1: model=--model opencode/nemotron-3.5-lightning-free | opencode run fresh
2026-09-25T13:45:01+00:00 [watchdog] skipped: another driver holds the lock
2026-09-25T13:45:02+00:00 [watchdog] driver turn #1 exited rc=0 (transcript 5306271->5347627B)
2026-09-25T13:45:02+00:00 [watchdog] driver turn #2 healthy; next turn in 600s
2026-09-25T13:50:01+00:00 [watchdog] skipped: another driver holds the lock
2026-09-25T13:55:01+00:00 [watchdog] skipped: another driver holds the lock
2026-09-25T13:55:02+00:00 [watchdog] driver turn #2: model=--model opencode/big-pickle | opencode run --session ses_f31799c77ffeTq9gcYgqc4hBhg
2026-09-25T13:55:02+00:00 [watchdog] driver turn #2 exited rc=1 (transcript 5347627->5347692B)
2026-09-25T13:55:02+00:00 [watchdog] turn rc=1 looks quota-limited -> rotate to opencode/mimo-v2.6-flash-free (hit 1/3)
2026-09-25T13:55:02+00:00 [watchdog] driver turn #3: model=--model opencode/mimo-v2.6-flash-free | opencode run --session ses_f31799c77ffeTq9gcYgqc4hBhg
2026-09-25T13:55:03+00:00 [watchdog] driver turn #3 exited rc=1 (transcript 5347692->5347757B)
2026-09-25T13:55:03+00:00 [watchdog] turn rc=1 looks quota-limited -> rotate to opencode/muse-spark-1.3-contributor-free (hit 2/3)
2026-09-25T13:55:03+00:00 [watchdog] driver turn #4: model=--model opencode/muse-spark-1.3-contributor-free | opencode run --session ses_f31799c77ffeTq9gcYgqc4hBhg
2026-09-25T13:55:04+00:00 [watchdog] driver turn #4 exited rc=1 (transcript 5347757->5347822B)
2026-09-25T13:55:04+00:00 [watchdog] turn rc=1 looks quota-limited -> rotate to opencode/ling-3.0-flash-fin-free (hit 3/3)
2026-09-25T13:55:04+00:00 [watchdog] driver giving up after 3 quota-limited runs; cron will retry
2026-09-25T13:55:04+00:00 [watchdog] driver ended after 4 turns (1 successful; rc=1)
2026-09-25T14:00:01+00:00 [watchdog] previous failure looks like quota/context exhaustion
2026-09-25T14:00:01+00:00 [watchdog] forcing free model: opencode/nemotron-3.5-lightning-free
2026-09-25T14:00:01+00:00 [watchdog] agent idle (hb 1073s, transcript 298s, run_alive=0) -> launching driver (model_args='--model opencode/nemotron-3.5-lightning-free')
2026-09-25T14:00:01+00:00 [watchdog] driver turn #1: model=--model opencode/nemotron-3.5-lightning-free | opencode run fresh
2026-09-25T14:05:01+00:00 [watchdog] skipped: another driver holds the lock
2026-09-25T14:10:01+00:00 [watchdog] skipped: another driver holds the lock
2026-09-25T14:15:01+00:00 [watchdog] skipped: another driver holds the lock
2026-09-25T14:16:06+00:00 [watchdog] driver turn #1 exited rc=1 (transcript 5347822->5388187B)
2026-09-25T14:16:06+00:00 [watchdog] turn rc=1 looks quota-limited -> rotate to opencode/mimo-v2.6-flash-free (hit 1/3)
2026-09-25T14:16:06+00:00 [watchdog] driver turn #2: model=--model opencode/mimo-v2.6-flash-free | opencode run --session ses_f31799c77ffeTq9gcYgqc4hBhg
2026-09-25T14:16:07+00:00 [watchdog] driver turn #2 exited rc=1 (transcript 5388187->5388289B)
2026-09-25T14:16:07+00:00 [watchdog] turn rc=1 looks quota-limited -> rotate to opencode/muse-spark-1.3-contributor-free (hit 2/3)
2026-09-25T14:16:07+00:00 [watchdog] driver turn #3: model=--model opencode/muse-spark-1.3-contributor-free | opencode run --session ses_f31799c77ffeTq9gcYgqc4hBhg
2026-09-25T14:16:07+00:00 [watchdog] driver turn #3 exited rc=1 (transcript 5388289->5388354B)
2026-09-25T14:16:07+00:00 [watchdog] turn rc=1 looks quota-limited -> rotate to opencode/ling-3.0-flash-fin-free (hit 3/3)
2026-09-25T14:16:07+00:00 [watchdog] driver giving up after 3 quota-limited runs; cron will retry
2026-09-25T14:16:07+00:00 [watchdog] driver ended after 3 turns (0 successful; rc=1)
2026-09-25T14:20:01+00:00 [watchdog] previous failure looks like quota/context exhaustion
2026-09-25T14:20:01+00:00 [watchdog] forcing free model: opencode/nemotron-3.5-lightning-free
2026-09-25T14:20:01+00:00 [watchdog] agent idle (hb 2273s, transcript 234s, run_alive=0) -> launching driver (model_args='--model opencode/nemotron-3.5-lightning-free')
2026-09-25T14:20:01+00:00 [watchdog] driver turn #1: model=--model opencode/nemotron-3.5-lightning-free | opencode run fresh
2026-09-25T14:21:16+00:00 [watchdog] driver turn #1 exited rc=0 (transcript 5388354->5388485B)
2026-09-25T14:21:16+00:00 [watchdog] driver turn #2 healthy; next turn in 30s
2026-09-25T14:21:46+00:00 [watchdog] driver turn #2: model=--model opencode/big-pickle | opencode run --session ses_f31799c77ffeTq9gcYgqc4hBhg
2026-09-25T14:21:47+00:00 [watchdog] driver turn #2 exited rc=1 (transcript 5388485->5388577B)
2026-09-25T14:21:47+00:00 [watchdog] turn rc=1 looks quota-limited -> rotate to opencode/mimo-v2.6-flash-free (hit 1/3)
2026-09-25T14:21:47+00:00 [watchdog] driver turn #3: model=--model opencode/mimo-v2.6-flash-free | opencode run --session ses_f31799c77ffeTq9gcYgqc4hBhg
2026-09-25T14:21:47+00:00 [watchdog] driver turn #3 exited rc=1 (transcript 5388577->5388642B)
2026-09-25T14:21:47+00:00 [watchdog] turn rc=1 looks quota-limited -> rotate to opencode/muse-spark-1.3-contributor-free (hit 2/3)
2026-09-25T14:21:47+00:00 [watchdog] driver turn #4: model=--model opencode/muse-spark-1.3-contributor-free | opencode run --session ses_f31799c77ffeTq9gcYgqc4hBhg
2026-09-25T14:21:48+00:00 [watchdog] driver turn #4 exited rc=1 (transcript 5388642->5388707B)
2026-09-25T14:21:48+00:00 [watchdog] turn rc=1 looks quota-limited -> rotate to opencode/ling-3.0-flash-fin-free (hit 3/3)
2026-09-25T14:21:48+00:00 [watchdog] driver giving up after 3 quota-limited runs; cron will retry
2026-09-25T14:21:48+00:00 [watchdog] driver ended after 4 turns (1 successful; rc=1)
2026-09-25T14:23:02+00:00 [watchdog] previous failure looks like quota/context exhaustion
2026-09-25T14:23:02+00:00 [watchdog] forcing free model: opencode/nemotron-3.5-lightning-free
2026-09-25T14:23:02+00:00 [watchdog] agent idle (hb 2454s, transcript 74s, run_alive=0) -> launching driver (model_args='--model opencode/nemotron-3.5-lightning-free')
2026-09-25T14:23:02+00:00 [watchdog] driver turn #1: model=--model opencode/nemotron-3.5-lightning-free | opencode run fresh
2026-09-25T14:25:01+00:00 [watchdog] skipped: another driver holds the lock
2026-09-25T14:30:01+00:00 [watchdog] skipped: another driver holds the lock
2026-09-25T14:32:21+00:00 [watchdog] driver turn #1 exited rc=1 (transcript 5388707->5395913B)
2026-09-25T14:32:21+00:00 [watchdog] turn rc=1 looks quota-limited -> rotate to opencode/mimo-v2.6-flash-free (hit 1/3)
2026-09-25T14:32:21+00:00 [watchdog] driver turn #2: model=--model opencode/mimo-v2.6-flash-free | opencode run --session ses_f31799c77ffeTq9gcYgqc4hBhg
2026-09-25T14:32:22+00:00 [watchdog] driver turn #2 exited rc=1 (transcript 5395913->5396015B)
2026-09-25T14:32:22+00:00 [watchdog] turn rc=1 looks quota-limited -> rotate to opencode/muse-spark-1.3-contributor-free (hit 2/3)
2026-09-25T14:32:22+00:00 [watchdog] driver turn #3: model=--model opencode/muse-spark-1.3-contributor-free | opencode run --session ses_f31799c77ffeTq9gcYgqc4hBhg
2026-09-25T14:32:22+00:00 [watchdog] driver turn #3 exited rc=1 (transcript 5396015->5396080B)
2026-09-25T14:32:22+00:00 [watchdog] turn rc=1 looks quota-limited -> rotate to opencode/ling-3.0-flash-fin-free (hit 3/3)
2026-09-25T14:32:22+00:00 [watchdog] driver giving up after 3 quota-limited runs; cron will retry
2026-09-25T14:32:22+00:00 [watchdog] driver ended after 3 turns (0 successful; rc=1)
2026-09-25T14:33:02+00:00 [watchdog] previous failure looks like quota/context exhaustion
2026-09-25T14:33:02+00:00 [watchdog] forcing free model: opencode/nemotron-3.5-lightning-free
2026-09-25T14:33:02+00:00 [watchdog] agent idle (hb 3054s, transcript 40s, run_alive=0) -> launching driver (model_args='--model opencode/nemotron-3.5-lightning-free')
2026-09-25T14:33:02+00:00 [watchdog] driver turn #1: model=--model opencode/nemotron-3.5-lightning-free | opencode run fresh
2026-09-25T14:35:01+00:00 [watchdog] skipped: another driver holds the lock
2026-09-25T14:37:33+00:00 [watchdog] driver turn #1 exited rc=0 (transcript 5396080->5433337B)
2026-09-25T14:37:33+00:00 [watchdog] driver turn #2 healthy; next turn in 30s
2026-09-25T14:38:03+00:00 [watchdog] driver turn #2: model=--model opencode/big-pickle | opencode run --session ses_f31799c77ffeTq9gcYgqc4hBhg
2026-09-25T14:38:04+00:00 [watchdog] driver turn #2 exited rc=1 (transcript 5433337->5433429B)
2026-09-25T14:38:04+00:00 [watchdog] turn rc=1 looks quota-limited -> rotate to opencode/mimo-v2.6-flash-free (hit 1/3)
2026-09-25T14:38:04+00:00 [watchdog] driver turn #3: model=--model opencode/mimo-v2.6-flash-free | opencode run --session ses_f31799c77ffeTq9gcYgqc4hBhg
2026-09-25T14:38:05+00:00 [watchdog] driver turn #3 exited rc=1 (transcript 5433429->5433494B)
2026-09-25T14:38:05+00:00 [watchdog] turn rc=1 looks quota-limited -> rotate to opencode/muse-spark-1.3-contributor-free (hit 2/3)
2026-09-25T14:38:05+00:00 [watchdog] driver turn #4: model=--model opencode/muse-spark-1.3-contributor-free | opencode run --session ses_f31799c77ffeTq9gcYgqc4hBhg
2026-09-25T14:38:05+00:00 [watchdog] driver turn #4 exited rc=1 (transcript 5433494->5433559B)
2026-09-25T14:38:05+00:00 [watchdog] turn rc=1 looks quota-limited -> rotate to opencode/ling-3.0-flash-fin-free (hit 3/3)
2026-09-25T14:38:05+00:00 [watchdog] driver giving up after 3 quota-limited runs; cron will retry
2026-09-25T14:38:05+00:00 [watchdog] driver ended after 4 turns (1 successful; rc=1)
2026-09-25T14:40:02+00:00 [watchdog] previous failure looks like quota/context exhaustion
2026-09-25T14:40:02+00:00 [watchdog] forcing free model: opencode/nemotron-3.5-lightning-free
2026-09-25T14:40:02+00:00 [watchdog] agent idle (hb 3473s, transcript 116s, run_alive=0) -> launching driver (model_args='--model opencode/nemotron-3.5-lightning-free')
2026-09-25T14:40:02+00:00 [watchdog] driver turn #1: model=--model opencode/nemotron-3.5-lightning-free | opencode run fresh
2026-09-25T14:45:01+00:00 [watchdog] skipped: another driver holds the lock
2026-09-25T14:50:01+00:00 [watchdog] skipped: another driver holds the lock
2026-09-25T14:54:48+00:00 [watchdog] driver turn #1 exited rc=1 (transcript 5433559->5434222B)
2026-09-25T14:54:48+00:00 [watchdog] turn rc=1 looks quota-limited -> rotate to opencode/mimo-v2.6-flash-free (hit 1/3)
2026-09-25T14:54:48+00:00 [watchdog] driver turn #2: model=--model opencode/mimo-v2.6-flash-free | opencode run --session ses_f31799c77ffeTq9gcYgqc4hBhg
2026-09-25T14:54:49+00:00 [watchdog] driver turn #2 exited rc=1 (transcript 5434222->5434324B)
2026-09-25T14:54:49+00:00 [watchdog] turn rc=1 looks quota-limited -> rotate to opencode/muse-spark-1.3-contributor-free (hit 2/3)
2026-09-25T14:54:49+00:00 [watchdog] driver turn #3: model=--model opencode/muse-spark-1.3-contributor-free | opencode run --session ses_f31799c77ffeTq9gcYgqc4hBhg
2026-09-25T14:54:50+00:00 [watchdog] driver turn #3 exited rc=1 (transcript 5434324->5434389B)
2026-09-25T14:54:50+00:00 [watchdog] turn rc=1 looks quota-limited -> rotate to opencode/ling-3.0-flash-fin-free (hit 3/3)
2026-09-25T14:54:50+00:00 [watchdog] driver giving up after 3 quota-limited runs; cron will retry
2026-09-25T14:54:50+00:00 [watchdog] driver ended after 3 turns (0 successful; rc=1)
2026-09-25T14:55:01+00:00 [watchdog] previous failure looks like quota/context exhaustion
2026-09-25T14:55:01+00:00 [watchdog] forcing free model: opencode/nemotron-3.5-lightning-free
2026-09-25T14:55:01+00:00 [watchdog] agent idle (hb 4373s, transcript 11s, run_alive=0) -> launching driver (model_args='--model opencode/nemotron-3.5-lightning-free')
2026-09-25T14:55:01+00:00 [watchdog] driver turn #1: model=--model opencode/nemotron-3.5-lightning-free | opencode run fresh
2026-09-25T15:00:01+00:00 [watchdog] skipped: another driver holds the lock
2026-09-25T15:05:01+00:00 [watchdog] skipped: another driver holds the lock
2026-09-25T15:10:01+00:00 [watchdog] skipped: another driver holds the lock
2026-09-25T15:15:01+00:00 [watchdog] skipped: another driver holds the lock
2026-09-25T15:19:29+00:00 [watchdog] driver turn #1 exited rc=1 (transcript 5434389->5501514B)
2026-09-25T15:19:29+00:00 [watchdog] turn rc=1 looks quota-limited -> rotate to opencode/mimo-v2.6-flash-free (hit 1/3)
2026-09-25T15:19:29+00:00 [watchdog] driver turn #2: model=--model opencode/mimo-v2.6-flash-free | opencode run --session ses_f31799c77ffeTq9gcYgqc4hBhg
2026-09-25T15:19:30+00:00 [watchdog] driver turn #2 exited rc=1 (transcript 5501514->5501579B)
2026-09-25T15:19:30+00:00 [watchdog] turn rc=1 looks quota-limited -> rotate to opencode/muse-spark-1.3-contributor-free (hit 2/3)
2026-09-25T15:19:30+00:00 [watchdog] driver turn #3: model=--model opencode/muse-spark-1.3-contributor-free | opencode run --session ses_f31799c77ffeTq9gcYgqc4hBhg
2026-09-25T15:19:31+00:00 [watchdog] driver turn #3 exited rc=1 (transcript 5501579->5501644B)
2026-09-25T15:19:31+00:00 [watchdog] turn rc=1 looks quota-limited -> rotate to opencode/ling-3.0-flash-fin-free (hit 3/3)
2026-09-25T15:19:31+00:00 [watchdog] driver giving up after 3 quota-limited runs; cron will retry
2026-09-25T15:19:31+00:00 [watchdog] driver ended after 3 turns (0 successful; rc=1)
2026-09-25T15:20:01+00:00 [watchdog] previous failure looks like quota/context exhaustion
2026-09-25T15:20:01+00:00 [watchdog] forcing free model: opencode/nemotron-3.5-lightning-free
2026-09-25T15:20:01+00:00 [watchdog] agent idle (hb 5873s, transcript 30s, run_alive=0) -> launching driver (model_args='--model opencode/nemotron-3.5-lightning-free')
2026-09-25T15:20:01+00:00 [watchdog] driver turn #1: model=--model opencode/nemotron-3.5-lightning-free | opencode run fresh
2026-09-25T15:25:01+00:00 [watchdog] skipped: another driver holds the lock
2026-09-25T15:30:01+00:00 [watchdog] skipped: another driver holds the lock
2026-09-25T15:35:01+00:00 [watchdog] skipped: another driver holds the lock
2026-09-25T15:40:01+00:00 [watchdog] skipped: another driver holds the lock
2026-09-25T15:45:01+00:00 [watchdog] skipped: another driver holds the lock
2026-09-25T15:50:01+00:00 [watchdog] skipped: another driver holds the lock
2026-09-25T15:55:01+00:00 [watchdog] skipped: another driver holds the lock
2026-09-25T16:00:01+00:00 [watchdog] skipped: another driver holds the lock
2026-09-25T16:05:01+00:00 [watchdog] skipped: another driver holds the lock
2026-09-25T16:10:01+00:00 [watchdog] skipped: another driver holds the lock
2026-09-25T16:15:01+00:00 [watchdog] skipped: another driver holds the lock
2026-09-25T16:20:01+00:00 [watchdog] driver turn #1 exited rc=124 (transcript 5501644->5625520B)
2026-09-25T16:20:01+00:00 [watchdog] turn rc=124 looks quota-limited -> rotate to opencode/mimo-v2.6-flash-free (hit 1/3)
2026-09-25T16:20:01+00:00 [watchdog] driver turn #2: model=--model opencode/mimo-v2.6-flash-free | opencode run --session ses_f31799c77ffeTq9gcYgqc4hBhg
2026-09-25T16:20:01+00:00 [watchdog] skipped: another driver holds the lock
2026-09-25T16:20:02+00:00 [watchdog] driver turn #2 exited rc=1 (transcript 5625520->5625585B)
2026-09-25T16:20:02+00:00 [watchdog] turn rc=1 looks quota-limited -> rotate to opencode/muse-spark-1.3-contributor-free (hit 2/3)
2026-09-25T16:20:02+00:00 [watchdog] driver turn #3: model=--model opencode/muse-spark-1.3-contributor-free | opencode run --session ses_f31799c77ffeTq9gcYgqc4hBhg
2026-09-25T16:20:02+00:00 [watchdog] driver turn #3 exited rc=1 (transcript 5625585->5625650B)
2026-09-25T16:20:02+00:00 [watchdog] turn rc=1 looks quota-limited -> rotate to opencode/ling-3.0-flash-fin-free (hit 3/3)
2026-09-25T16:20:02+00:00 [watchdog] driver giving up after 3 quota-limited runs; cron will retry
2026-09-25T16:20:02+00:00 [watchdog] driver ended after 3 turns (0 successful; rc=1)
2026-09-25T16:23:02+00:00 [watchdog] previous failure looks like quota/context exhaustion
2026-09-25T16:23:02+00:00 [watchdog] forcing free model: opencode/nemotron-3.5-lightning-free
2026-09-25T16:23:02+00:00 [watchdog] agent idle (hb 2876s, transcript 180s, run_alive=0) -> launching driver (model_args='--model opencode/nemotron-3.5-lightning-free')
2026-09-25T16:23:02+00:00 [watchdog] driver turn #1: model=--model opencode/nemotron-3.5-lightning-free | opencode run fresh
2026-09-25T16:25:01+00:00 [watchdog] skipped: another driver holds the lock
2026-09-25T16:26:36+00:00 [watchdog] driver turn #1 exited rc=0 (transcript 5625650->5678286B)
2026-09-25T16:26:36+00:00 [watchdog] driver turn #2 healthy; next turn in 30s
2026-09-25T16:27:06+00:00 [watchdog] driver turn #2: model=--model opencode/big-pickle | opencode run --session ses_f31799c77ffeTq9gcYgqc4hBhg
2026-09-25T16:27:07+00:00 [watchdog] driver turn #2 exited rc=1 (transcript 5678286->5678351B)
2026-09-25T16:27:07+00:00 [watchdog] turn rc=1 looks quota-limited -> rotate to opencode/mimo-v2.6-flash-free (hit 1/3)
2026-09-25T16:27:07+00:00 [watchdog] driver turn #3: model=--model opencode/mimo-v2.6-flash-free | opencode run --session ses_f31799c77ffeTq9gcYgqc4hBhg
2026-09-25T16:27:08+00:00 [watchdog] driver turn #3 exited rc=1 (transcript 5678351->5678416B)
2026-09-25T16:27:08+00:00 [watchdog] turn rc=1 looks quota-limited -> rotate to opencode/muse-spark-1.3-contributor-free (hit 2/3)
2026-09-25T16:27:08+00:00 [watchdog] driver turn #4: model=--model opencode/muse-spark-1.3-contributor-free | opencode run --session ses_f31799c77ffeTq9gcYgqc4hBhg
2026-09-25T16:27:08+00:00 [watchdog] driver turn #4 exited rc=1 (transcript 5678416->5678481B)
2026-09-25T16:27:08+00:00 [watchdog] turn rc=1 looks quota-limited -> rotate to opencode/ling-3.0-flash-fin-free (hit 3/3)
2026-09-25T16:27:08+00:00 [watchdog] driver giving up after 3 quota-limited runs; cron will retry
2026-09-25T16:27:08+00:00 [watchdog] driver ended after 4 turns (1 successful; rc=1)
2026-09-25T16:30:01+00:00 [watchdog] previous failure looks like quota/context exhaustion
2026-09-25T16:30:01+00:00 [watchdog] forcing free model: opencode/nemotron-3.5-lightning-free
2026-09-25T16:30:01+00:00 [watchdog] agent idle (hb 3295s, transcript 173s, run_alive=0) -> launching driver (model_args='--model opencode/nemotron-3.5-lightning-free')
2026-09-25T16:30:01+00:00 [watchdog] driver turn #1: model=--model opencode/nemotron-3.5-lightning-free | opencode run fresh
2026-09-25T16:31:58+00:00 [watchdog] driver turn #1 exited rc=0 (transcript 5678481->5678586B)
2026-09-25T16:31:58+00:00 [watchdog] driver turn #2 healthy; next turn in 30s
2026-09-25T16:32:28+00:00 [watchdog] driver turn #2: model=--model opencode/big-pickle | opencode run --session ses_f31799c77ffeTq9gcYgqc4hBhg
2026-09-25T16:32:29+00:00 [watchdog] driver turn #2 exited rc=1 (transcript 5678586->5678678B)
2026-09-25T16:32:29+00:00 [watchdog] turn rc=1 looks quota-limited -> rotate to opencode/mimo-v2.6-flash-free (hit 1/3)
2026-09-25T16:32:29+00:00 [watchdog] driver turn #3: model=--model opencode/mimo-v2.6-flash-free | opencode run --session ses_f31799c77ffeTq9gcYgqc4hBhg
2026-09-25T16:32:30+00:00 [watchdog] driver turn #3 exited rc=1 (transcript 5678678->5678743B)
2026-09-25T16:32:30+00:00 [watchdog] turn rc=1 looks quota-limited -> rotate to opencode/muse-spark-1.3-contributor-free (hit 2/3)
2026-09-25T16:32:30+00:00 [watchdog] driver turn #4: model=--model opencode/muse-spark-1.3-contributor-free | opencode run --session ses_f31799c77ffeTq9gcYgqc4hBhg
2026-09-25T16:32:30+00:00 [watchdog] driver turn #4 exited rc=1 (transcript 5678743->5678808B)
2026-09-25T16:32:30+00:00 [watchdog] turn rc=1 looks quota-limited -> rotate to opencode/ling-3.0-flash-fin-free (hit 3/3)
2026-09-25T16:32:30+00:00 [watchdog] driver giving up after 3 quota-limited runs; cron will retry
2026-09-25T16:32:30+00:00 [watchdog] driver ended after 4 turns (1 successful; rc=1)
2026-09-25T16:33:02+00:00 [watchdog] rate-limited: 6 launches in last 360min, not restarting
2026-09-25T16:35:01+00:00 [watchdog] rate-limited: 6 launches in last 360min, not restarting
2026-09-25T16:40:02+00:00 [watchdog] rate-limited: 6 launches in last 360min, not restarting
2026-09-25T16:43:02+00:00 [watchdog] rate-limited: 6 launches in last 360min, not restarting
2026-09-25T16:45:01+00:00 [watchdog] rate-limited: 6 launches in last 360min, not restarting
2026-09-25T16:50:01+00:00 [watchdog] rate-limited: 6 launches in last 360min, not restarting
2026-09-25T16:53:02+00:00 [watchdog] rate-limited: 6 launches in last 360min, not restarting
2026-09-25T16:55:01+00:00 [watchdog] rate-limited: 6 launches in last 360min, not restarting
2026-09-25T17:00:01+00:00 [watchdog] rate-limited: 6 launches in last 360min, not restarting
2026-09-25T17:03:02+00:00 [watchdog] rate-limited: 6 launches in last 360min, not restarting
2026-09-25T17:05:01+00:00 [watchdog] rate-limited: 6 launches in last 360min, not restarting
2026-09-25T17:10:01+00:00 [watchdog] rate-limited: 6 launches in last 360min, not restarting
2026-09-25T17:13:02+00:00 [watchdog] rate-limited: 6 launches in last 360min, not restarting
2026-09-25T17:15:01+00:00 [watchdog] rate-limited: 6 launches in last 360min, not restarting
2026-09-25T17:20:01+00:00 [watchdog] rate-limited: 6 launches in last 360min, not restarting
2026-09-25T17:23:01+00:00 [watchdog] rate-limited: 6 launches in last 360min, not restarting
2026-09-25T17:25:01+00:00 [watchdog] rate-limited: 6 launches in last 360min, not restarting
2026-09-25T17:30:01+00:00 [watchdog] rate-limited: 6 launches in last 360min, not restarting
2026-09-25T17:33:01+00:00 [watchdog] rate-limited: 6 launches in last 360min, not restarting
2026-09-25T17:35:01+00:00 [watchdog] rate-limited: 6 launches in last 360min, not restarting
2026-09-25T17:40:01+00:00 [watchdog] rate-limited: 6 launches in last 360min, not restarting
2026-09-25T17:43:02+00:00 [watchdog] rate-limited: 6 launches in last 360min, not restarting
2026-09-25T17:45:01+00:00 [watchdog] rate-limited: 6 launches in last 360min, not restarting
2026-09-25T17:50:02+00:00 [watchdog] rate-limited: 6 launches in last 360min, not restarting
2026-09-25T17:53:01+00:00 [watchdog] rate-limited: 6 launches in last 360min, not restarting
2026-09-25T17:55:01+00:00 [watchdog] rate-limited: 6 launches in last 360min, not restarting
2026-09-25T18:00:01+00:00 [watchdog] rate-limited: 6 launches in last 360min, not restarting
2026-09-25T18:03:01+00:00 [watchdog] rate-limited: 6 launches in last 360min, not restarting
2026-09-25T18:05:01+00:00 [watchdog] rate-limited: 6 launches in last 360min, not restarting
2026-09-25T18:10:01+00:00 [watchdog] rate-limited: 6 launches in last 360min, not restarting
2026-09-25T18:13:02+00:00 [watchdog] rate-limited: 6 launches in last 360min, not restarting
2026-09-25T18:15:01+00:00 [watchdog] rate-limited: 6 launches in last 360min, not restarting
2026-09-25T18:20:01+00:00 [watchdog] rate-limited: 6 launches in last 360min, not restarting
2026-09-25T18:23:02+00:00 [watchdog] rate-limited: 6 launches in last 360min, not restarting
2026-09-25T18:25:02+00:00 [watchdog] rate-limited: 6 launches in last 360min, not restarting
2026-09-25T18:30:01+00:00 [watchdog] rate-limited: 6 launches in last 360min, not restarting
2026-09-25T18:33:01+00:00 [watchdog] rate-limited: 6 launches in last 360min, not restarting
2026-09-25T18:35:01+00:00 [watchdog] rate-limited: 6 launches in last 360min, not restarting
2026-09-25T18:40:01+00:00 [watchdog] rate-limited: 6 launches in last 360min, not restarting
2026-09-25T18:43:01+00:00 [watchdog] rate-limited: 6 launches in last 360min, not restarting
2026-09-25T18:45:01+00:00 [watchdog] rate-limited: 6 launches in last 360min, not restarting
2026-09-25T18:50:01+00:00 [watchdog] rate-limited: 6 launches in last 360min, not restarting
2026-09-25T18:53:01+00:00 [watchdog] rate-limited: 6 launches in last 360min, not restarting
2026-09-25T18:55:01+00:00 [watchdog] rate-limited: 6 launches in last 360min, not restarting
2026-09-25T19:00:01+00:00 [watchdog] rate-limited: 6 launches in last 360min, not restarting
2026-09-25T19:03:02+00:00 [watchdog] rate-limited: 6 launches in last 360min, not restarting
2026-09-25T19:05:01+00:00 [watchdog] rate-limited: 6 launches in last 360min, not restarting
2026-09-25T19:10:01+00:00 [watchdog] rate-limited: 6 launches in last 360min, not restarting
2026-09-25T19:13:01+00:00 [watchdog] rate-limited: 6 launches in last 360min, not restarting
2026-09-25T19:15:01+00:00 [watchdog] rate-limited: 6 launches in last 360min, not restarting
2026-09-25T19:20:01+00:00 [watchdog] rate-limited: 6 launches in last 360min, not restarting
2026-09-25T19:23:01+00:00 [watchdog] rate-limited: 6 launches in last 360min, not restarting
2026-09-25T19:25:01+00:00 [watchdog] rate-limited: 6 launches in last 360min, not restarting
2026-09-25T19:30:01+00:00 [watchdog] rate-limited: 6 launches in last 360min, not restarting
2026-09-25T19:33:01+00:00 [watchdog] rate-limited: 6 launches in last 360min, not restarting
2026-09-25T19:35:01+00:00 [watchdog] rate-limited: 6 launches in last 360min, not restarting
2026-09-25T19:40:01+00:00 [watchdog] rate-limited: 6 launches in last 360min, not restarting
2026-09-25T19:43:01+00:00 [watchdog] rate-limited: 6 launches in last 360min, not restarting
2026-09-25T19:45:01+00:00 [watchdog] rate-limited: 6 launches in last 360min, not restarting
2026-09-25T19:50:01+00:00 [watchdog] rate-limited: 6 launches in last 360min, not restarting
2026-09-25T19:53:01+00:00 [watchdog] rate-limited: 6 launches in last 360min, not restarting
2026-09-25T19:55:01+00:00 [watchdog] rate-limited: 6 launches in last 360min, not restarting
2026-09-25T20:00:02+00:00 [watchdog] rate-limited: 6 launches in last 360min, not restarting
2026-09-25T20:03:01+00:00 [watchdog] rate-limited: 6 launches in last 360min, not restarting
2026-09-25T20:05:01+00:00 [watchdog] rate-limited: 6 launches in last 360min, not restarting
2026-09-25T20:10:01+00:00 [watchdog] rate-limited: 6 launches in last 360min, not restarting
2026-09-25T20:13:01+00:00 [watchdog] rate-limited: 6 launches in last 360min, not restarting
2026-09-25T20:15:01+00:00 [watchdog] rate-limited: 6 launches in last 360min, not restarting
2026-09-25T20:20:01+00:00 [watchdog] rate-limited: 6 launches in last 360min, not restarting
2026-09-25T20:23:01+00:00 [watchdog] rate-limited: 6 launches in last 360min, not restarting
2026-09-25T20:25:01+00:00 [watchdog] rate-limited: 6 launches in last 360min, not restarting
2026-09-25T20:30:01+00:00 [watchdog] rate-limited: 6 launches in last 360min, not restarting
2026-09-25T20:33:02+00:00 [watchdog] rate-limited: 6 launches in last 360min, not restarting
2026-09-25T20:35:01+00:00 [watchdog] previous failure looks like quota/context exhaustion
2026-09-25T20:35:01+00:00 [watchdog] forcing free model: opencode/nemotron-3.5-lightning-free
2026-09-25T20:35:01+00:00 [watchdog] agent idle (hb 17995s, transcript 14551s, run_alive=0) -> launching driver (model_args='--model opencode/nemotron-3.5-lightning-free')
2026-09-25T20:35:01+00:00 [watchdog] driver turn #1: model=--model opencode/nemotron-3.5-lightning-free | opencode run fresh
2026-09-25T20:35:08+00:00 [watchdog] driver turn #1 exited rc=0 (transcript 5678808->5678979B)
2026-09-25T20:35:08+00:00 [watchdog] driver turn #2 healthy; next turn in 30s
2026-09-25T20:35:38+00:00 [watchdog] driver turn #2: model=--model opencode/big-pickle | opencode run --session ses_f31799c77ffeTq9gcYgqc4hBhg
2026-09-25T20:35:39+00:00 [watchdog] driver turn #2 exited rc=1 (transcript 5678979->5679044B)
2026-09-25T20:35:39+00:00 [watchdog] turn rc=1 looks quota-limited -> rotate to opencode/mimo-v2.6-flash-free (hit 1/3)
2026-09-25T20:35:39+00:00 [watchdog] driver turn #3: model=--model opencode/mimo-v2.6-flash-free | opencode run --session ses_f31799c77ffeTq9gcYgqc4hBhg
2026-09-25T20:35:40+00:00 [watchdog] driver turn #3 exited rc=1 (transcript 5679044->5679109B)
2026-09-25T20:35:40+00:00 [watchdog] turn rc=1 looks quota-limited -> rotate to opencode/muse-spark-1.3-contributor-free (hit 2/3)
2026-09-25T20:35:40+00:00 [watchdog] driver turn #4: model=--model opencode/muse-spark-1.3-contributor-free | opencode run --session ses_f31799c77ffeTq9gcYgqc4hBhg
2026-09-25T20:35:40+00:00 [watchdog] driver turn #4 exited rc=1 (transcript 5679109->5679174B)
2026-09-25T20:35:40+00:00 [watchdog] turn rc=1 looks quota-limited -> rotate to opencode/ling-3.0-flash-fin-free (hit 3/3)
2026-09-25T20:35:40+00:00 [watchdog] driver giving up after 3 quota-limited runs; cron will retry
2026-09-25T20:35:40+00:00 [watchdog] driver ended after 4 turns (1 successful; rc=1)
2026-09-25T20:40:01+00:00 [watchdog] rate-limited: 6 launches in last 360min, not restarting
2026-09-25T20:43:01+00:00 [watchdog] previous failure looks like quota/context exhaustion
2026-09-25T20:43:01+00:00 [watchdog] forcing free model: opencode/nemotron-3.5-lightning-free
2026-09-25T20:43:01+00:00 [watchdog] agent idle (hb 18475s, transcript 441s, run_alive=0) -> launching driver (model_args='--model opencode/nemotron-3.5-lightning-free')
2026-09-25T20:43:01+00:00 [watchdog] driver turn #1: model=--model opencode/nemotron-3.5-lightning-free | opencode run fresh
2026-09-25T20:45:01+00:00 [watchdog] skipped: another driver holds the lock
2026-09-25T20:50:01+00:00 [watchdog] skipped: another driver holds the lock
2026-09-25T20:55:01+00:00 [watchdog] skipped: another driver holds the lock
2026-09-25T20:56:22+00:00 [watchdog] driver turn #1 exited rc=0 (transcript 5679174->5767218B)
2026-09-25T20:56:22+00:00 [watchdog] driver turn #2 healthy; next turn in 30s
2026-09-25T20:56:52+00:00 [watchdog] driver turn #2: model=--model opencode/big-pickle | opencode run --session ses_f31799c77ffeTq9gcYgqc4hBhg
2026-09-25T20:56:53+00:00 [watchdog] driver turn #2 exited rc=1 (transcript 5767218->5767283B)
2026-09-25T20:56:53+00:00 [watchdog] turn rc=1 looks quota-limited -> rotate to opencode/mimo-v2.6-flash-free (hit 1/3)
2026-09-25T20:56:53+00:00 [watchdog] driver turn #3: model=--model opencode/mimo-v2.6-flash-free | opencode run --session ses_f31799c77ffeTq9gcYgqc4hBhg
2026-09-25T20:56:53+00:00 [watchdog] driver turn #3 exited rc=1 (transcript 5767283->5767348B)
2026-09-25T20:56:53+00:00 [watchdog] turn rc=1 looks quota-limited -> rotate to opencode/muse-spark-1.3-contributor-free (hit 2/3)
2026-09-25T20:56:53+00:00 [watchdog] driver turn #4: model=--model opencode/muse-spark-1.3-contributor-free | opencode run --session ses_f31799c77ffeTq9gcYgqc4hBhg
2026-09-25T20:56:54+00:00 [watchdog] driver turn #4 exited rc=1 (transcript 5767348->5767413B)
2026-09-25T20:56:54+00:00 [watchdog] turn rc=1 looks quota-limited -> rotate to opencode/ling-3.0-flash-fin-free (hit 3/3)
2026-09-25T20:56:54+00:00 [watchdog] driver giving up after 3 quota-limited runs; cron will retry
2026-09-25T20:56:54+00:00 [watchdog] driver ended after 4 turns (1 successful; rc=1)
2026-09-25T21:00:01+00:00 [watchdog] previous failure looks like quota/context exhaustion
2026-09-25T21:00:01+00:00 [watchdog] forcing free model: opencode/nemotron-3.5-lightning-free
2026-09-25T21:00:01+00:00 [watchdog] agent idle (hb 638s, transcript 188s, run_alive=0) -> launching driver (model_args='--model opencode/nemotron-3.5-lightning-free')
2026-09-25T21:00:01+00:00 [watchdog] driver turn #1: model=--model opencode/nemotron-3.5-lightning-free | opencode run fresh
2026-09-25T21:01:19+00:00 [watchdog] driver turn #1 exited rc=0 (transcript 5767413->5768485B)
2026-09-25T21:01:19+00:00 [watchdog] driver turn #2 healthy; next turn in 30s
2026-09-25T21:01:49+00:00 [watchdog] driver turn #2: model=--model opencode/big-pickle | opencode run --session ses_f31799c77ffeTq9gcYgqc4hBhg
2026-09-25T21:01:50+00:00 [watchdog] driver turn #2 exited rc=1 (transcript 5768485->5768550B)
2026-09-25T21:01:50+00:00 [watchdog] turn rc=1 looks quota-limited -> rotate to opencode/mimo-v2.6-flash-free (hit 1/3)
2026-09-25T21:01:50+00:00 [watchdog] driver turn #3: model=--model opencode/mimo-v2.6-flash-free | opencode run --session ses_f31799c77ffeTq9gcYgqc4hBhg
2026-09-25T21:01:51+00:00 [watchdog] driver turn #3 exited rc=1 (transcript 5768550->5768615B)
2026-09-25T21:01:51+00:00 [watchdog] turn rc=1 looks quota-limited -> rotate to opencode/muse-spark-1.3-contributor-free (hit 2/3)
2026-09-25T21:01:51+00:00 [watchdog] driver turn #4: model=--model opencode/muse-spark-1.3-contributor-free | opencode run --session ses_f31799c77ffeTq9gcYgqc4hBhg
2026-09-25T21:01:51+00:00 [watchdog] driver turn #4 exited rc=1 (transcript 5768615->5768680B)
2026-09-25T21:01:51+00:00 [watchdog] turn rc=1 looks quota-limited -> rotate to opencode/ling-3.0-flash-fin-free (hit 3/3)
2026-09-25T21:01:51+00:00 [watchdog] driver giving up after 3 quota-limited runs; cron will retry
2026-09-25T21:01:51+00:00 [watchdog] driver ended after 4 turns (1 successful; rc=1)
2026-09-25T21:03:01+00:00 [watchdog] previous failure looks like quota/context exhaustion
2026-09-25T21:03:01+00:00 [watchdog] forcing free model: opencode/nemotron-3.5-lightning-free
2026-09-25T21:03:01+00:00 [watchdog] agent idle (hb 818s, transcript 70s, run_alive=0) -> launching driver (model_args='--model opencode/nemotron-3.5-lightning-free')
2026-09-25T21:03:01+00:00 [watchdog] driver turn #1: model=--model opencode/nemotron-3.5-lightning-free | opencode run fresh
2026-09-25T21:05:01+00:00 [watchdog] skipped: another driver holds the lock
2026-09-25T21:10:01+00:00 [watchdog] skipped: another driver holds the lock
2026-09-25T21:15:01+00:00 [watchdog] skipped: another driver holds the lock
2026-09-25T21:17:14+00:00 [watchdog] driver turn #1 exited rc=1 (transcript 5768680->5837650B)
2026-09-25T21:17:14+00:00 [watchdog] turn rc=1 looks quota-limited -> rotate to opencode/mimo-v2.6-flash-free (hit 1/3)
2026-09-25T21:17:14+00:00 [watchdog] driver turn #2: model=--model opencode/mimo-v2.6-flash-free | opencode run --session ses_f31799c77ffeTq9gcYgqc4hBhg
2026-09-25T21:17:16+00:00 [watchdog] driver turn #2 exited rc=1 (transcript 5837650->5837752B)
2026-09-25T21:17:16+00:00 [watchdog] turn rc=1 looks quota-limited -> rotate to opencode/muse-spark-1.3-contributor-free (hit 2/3)
2026-09-25T21:17:16+00:00 [watchdog] driver turn #3: model=--model opencode/muse-spark-1.3-contributor-free | opencode run --session ses_f31799c77ffeTq9gcYgqc4hBhg
2026-09-25T21:17:16+00:00 [watchdog] driver turn #3 exited rc=1 (transcript 5837752->5837817B)
2026-09-25T21:17:16+00:00 [watchdog] turn rc=1 looks quota-limited -> rotate to opencode/ling-3.0-flash-fin-free (hit 3/3)
2026-09-25T21:17:16+00:00 [watchdog] driver giving up after 3 quota-limited runs; cron will retry
2026-09-25T21:17:16+00:00 [watchdog] driver ended after 3 turns (0 successful; rc=1)
2026-09-25T21:20:01+00:00 [watchdog] previous failure looks like quota/context exhaustion
2026-09-25T21:20:01+00:00 [watchdog] forcing free model: opencode/nemotron-3.5-lightning-free
2026-09-25T21:20:01+00:00 [watchdog] agent idle (hb 1838s, transcript 165s, run_alive=0) -> launching driver (model_args='--model opencode/nemotron-3.5-lightning-free')
2026-09-25T21:20:01+00:00 [watchdog] driver turn #1: model=--model opencode/nemotron-3.5-lightning-free | opencode run fresh
2026-09-25T21:25:01+00:00 [watchdog] skipped: another driver holds the lock
2026-09-25T21:30:01+00:00 [watchdog] skipped: another driver holds the lock
2026-09-25T21:35:01+00:00 [watchdog] skipped: another driver holds the lock
2026-09-25T21:40:01+00:00 [watchdog] skipped: another driver holds the lock
2026-09-25T21:41:47+00:00 [watchdog] driver turn #1 exited rc=1 (transcript 5837817->5932451B)
2026-09-25T21:41:47+00:00 [watchdog] turn rc=1 looks quota-limited -> rotate to opencode/mimo-v2.6-flash-free (hit 1/3)
2026-09-25T21:41:47+00:00 [watchdog] driver turn #2: model=--model opencode/mimo-v2.6-flash-free | opencode run --session ses_f31799c77ffeTq9gcYgqc4hBhg
2026-09-25T21:41:48+00:00 [watchdog] driver turn #2 exited rc=1 (transcript 5932451->5932553B)
2026-09-25T21:41:48+00:00 [watchdog] turn rc=1 looks quota-limited -> rotate to opencode/muse-spark-1.3-contributor-free (hit 2/3)
2026-09-25T21:41:48+00:00 [watchdog] driver turn #3: model=--model opencode/muse-spark-1.3-contributor-free | opencode run --session ses_f31799c77ffeTq9gcYgqc4hBhg
2026-09-25T21:41:48+00:00 [watchdog] driver turn #3 exited rc=1 (transcript 5932553->5932618B)
2026-09-25T21:41:48+00:00 [watchdog] turn rc=1 looks quota-limited -> rotate to opencode/ling-3.0-flash-fin-free (hit 3/3)
2026-09-25T21:41:48+00:00 [watchdog] driver giving up after 3 quota-limited runs; cron will retry
2026-09-25T21:41:48+00:00 [watchdog] driver ended after 3 turns (0 successful; rc=1)
2026-09-25T21:43:02+00:00 [watchdog] previous failure looks like quota/context exhaustion
2026-09-25T21:43:02+00:00 [watchdog] forcing free model: opencode/nemotron-3.5-lightning-free
2026-09-25T21:43:02+00:00 [watchdog] agent idle (hb 486s, transcript 74s, run_alive=0) -> launching driver (model_args='--model opencode/nemotron-3.5-lightning-free')
2026-09-25T21:43:02+00:00 [watchdog] driver turn #1: model=--model opencode/nemotron-3.5-lightning-free | opencode run fresh
2026-09-25T21:45:01+00:00 [watchdog] skipped: another driver holds the lock
2026-09-25T21:50:01+00:00 [watchdog] skipped: another driver holds the lock
2026-09-25T21:55:01+00:00 [watchdog] skipped: another driver holds the lock
2026-09-25T21:56:53+00:00 [watchdog] driver turn #1 exited rc=0 (transcript 5932618->5975367B)
2026-09-25T21:56:53+00:00 [watchdog] driver turn #2 healthy; next turn in 600s
2026-09-25T22:00:01+00:00 [watchdog] skipped: another driver holds the lock
2026-09-25T22:05:01+00:00 [watchdog] skipped: another driver holds the lock
2026-09-25T22:06:53+00:00 [watchdog] driver turn #2: model=--model opencode/big-pickle | opencode run --session ses_f31799c77ffeTq9gcYgqc4hBhg
2026-09-25T22:06:54+00:00 [watchdog] driver turn #2 exited rc=1 (transcript 5975367->5975432B)
2026-09-25T22:06:54+00:00 [watchdog] turn rc=1 looks quota-limited -> rotate to opencode/mimo-v2.6-flash-free (hit 1/3)
2026-09-25T22:06:54+00:00 [watchdog] driver turn #3: model=--model opencode/mimo-v2.6-flash-free | opencode run --session ses_f31799c77ffeTq9gcYgqc4hBhg
2026-09-25T22:06:54+00:00 [watchdog] driver turn #3 exited rc=1 (transcript 5975432->5975497B)
2026-09-25T22:06:54+00:00 [watchdog] turn rc=1 looks quota-limited -> rotate to opencode/muse-spark-1.3-contributor-free (hit 2/3)
2026-09-25T22:06:54+00:00 [watchdog] driver turn #4: model=--model opencode/muse-spark-1.3-contributor-free | opencode run --session ses_f31799c77ffeTq9gcYgqc4hBhg
2026-09-25T22:06:55+00:00 [watchdog] driver turn #4 exited rc=1 (transcript 5975497->5975562B)
2026-09-25T22:06:55+00:00 [watchdog] turn rc=1 looks quota-limited -> rotate to opencode/ling-3.0-flash-fin-free (hit 3/3)
2026-09-25T22:06:55+00:00 [watchdog] driver giving up after 3 quota-limited runs; cron will retry
2026-09-25T22:06:55+00:00 [watchdog] driver ended after 4 turns (1 successful; rc=1)
2026-09-25T22:10:01+00:00 [watchdog] previous failure looks like quota/context exhaustion
2026-09-25T22:10:01+00:00 [watchdog] forcing free model: opencode/nemotron-3.5-lightning-free
2026-09-25T22:10:01+00:00 [watchdog] agent idle (hb 839s, transcript 186s, run_alive=0) -> launching driver (model_args='--model opencode/nemotron-3.5-lightning-free')
2026-09-25T22:10:01+00:00 [watchdog] driver turn #1: model=--model opencode/nemotron-3.5-lightning-free | opencode run fresh
2026-09-25T22:15:01+00:00 [watchdog] skipped: another driver holds the lock
2026-09-25T22:20:01+00:00 [watchdog] skipped: another driver holds the lock
2026-09-25T22:25:01+00:00 [watchdog] skipped: another driver holds the lock
2026-09-25T22:30:01+00:00 [watchdog] skipped: another driver holds the lock
2026-09-25T22:35:01+00:00 [watchdog] skipped: another driver holds the lock
2026-09-25T22:40:01+00:00 [watchdog] skipped: another driver holds the lock
2026-09-25T22:41:25+00:00 [watchdog] driver turn #1 exited rc=1 (transcript 5975562->6050981B)
2026-09-25T22:41:25+00:00 [watchdog] turn rc=1 looks quota-limited -> rotate to opencode/mimo-v2.6-flash-free (hit 1/3)
2026-09-25T22:41:25+00:00 [watchdog] driver turn #2: model=--model opencode/mimo-v2.6-flash-free | opencode run --session ses_f31799c77ffeTq9gcYgqc4hBhg
2026-09-25T22:41:26+00:00 [watchdog] driver turn #2 exited rc=1 (transcript 6050981->6051083B)
2026-09-25T22:41:26+00:00 [watchdog] turn rc=1 looks quota-limited -> rotate to opencode/muse-spark-1.3-contributor-free (hit 2/3)
2026-09-25T22:41:26+00:00 [watchdog] driver turn #3: model=--model opencode/muse-spark-1.3-contributor-free | opencode run --session ses_f31799c77ffeTq9gcYgqc4hBhg
2026-09-25T22:41:26+00:00 [watchdog] driver turn #3 exited rc=1 (transcript 6051083->6051148B)
2026-09-25T22:41:26+00:00 [watchdog] turn rc=1 looks quota-limited -> rotate to opencode/ling-3.0-flash-fin-free (hit 3/3)
2026-09-25T22:41:26+00:00 [watchdog] driver giving up after 3 quota-limited runs; cron will retry
2026-09-25T22:41:26+00:00 [watchdog] driver ended after 3 turns (0 successful; rc=1)
2026-09-25T22:43:02+00:00 [watchdog] previous failure looks like quota/context exhaustion
2026-09-25T22:43:02+00:00 [watchdog] forcing free model: opencode/nemotron-3.5-lightning-free
2026-09-25T22:43:02+00:00 [watchdog] agent idle (hb 2820s, transcript 96s, run_alive=0) -> launching driver (model_args='--model opencode/nemotron-3.5-lightning-free')
2026-09-25T22:43:02+00:00 [watchdog] driver turn #1: model=--model opencode/nemotron-3.5-lightning-free | opencode run fresh
2026-09-25T22:45:01+00:00 [watchdog] skipped: another driver holds the lock
2026-09-25T22:50:01+00:00 [watchdog] skipped: another driver holds the lock
2026-09-25T22:55:01+00:00 [watchdog] skipped: another driver holds the lock
2026-09-25T23:00:02+00:00 [watchdog] skipped: another driver holds the lock
2026-09-25T23:05:01+00:00 [watchdog] skipped: another driver holds the lock
2026-09-25T23:10:01+00:00 [watchdog] skipped: another driver holds the lock
2026-09-25T23:15:01+00:00 [watchdog] skipped: another driver holds the lock
2026-09-25T23:20:01+00:00 [watchdog] skipped: another driver holds the lock
2026-09-25T23:25:01+00:00 [watchdog] skipped: another driver holds the lock
2026-09-25T23:30:01+00:00 [watchdog] skipped: another driver holds the lock
2026-09-25T23:35:01+00:00 [watchdog] skipped: another driver holds the lock
2026-09-25T23:40:01+00:00 [watchdog] skipped: another driver holds the lock
2026-09-25T23:43:02+00:00 [watchdog] driver turn #1 exited rc=124 (transcript 6051148->6671200B)
2026-09-25T23:43:02+00:00 [watchdog] turn rc=124 looks quota-limited -> rotate to opencode/mimo-v2.6-flash-free (hit 1/3)
2026-09-25T23:43:02+00:00 [watchdog] driver turn #2: model=--model opencode/mimo-v2.6-flash-free | opencode run --session ses_f31799c77ffeTq9gcYgqc4hBhg
2026-09-25T23:43:03+00:00 [watchdog] driver turn #2 exited rc=1 (transcript 6671200->6671265B)
2026-09-25T23:43:03+00:00 [watchdog] turn rc=1 looks quota-limited -> rotate to opencode/muse-spark-1.3-contributor-free (hit 2/3)
2026-09-25T23:43:03+00:00 [watchdog] driver turn #3: model=--model opencode/muse-spark-1.3-contributor-free | opencode run --session ses_f31799c77ffeTq9gcYgqc4hBhg
2026-09-25T23:43:03+00:00 [watchdog] driver turn #3 exited rc=1 (transcript 6671265->6671330B)
2026-09-25T23:43:03+00:00 [watchdog] turn rc=1 looks quota-limited -> rotate to opencode/ling-3.0-flash-fin-free (hit 3/3)
2026-09-25T23:43:03+00:00 [watchdog] driver giving up after 3 quota-limited runs; cron will retry
2026-09-25T23:43:03+00:00 [watchdog] driver ended after 3 turns (0 successful; rc=1)
2026-09-25T23:45:01+00:00 [watchdog] previous failure looks like quota/context exhaustion
2026-09-25T23:45:01+00:00 [watchdog] forcing free model: opencode/nemotron-3.5-lightning-free
2026-09-25T23:45:01+00:00 [watchdog] agent idle (hb 6539s, transcript 118s, run_alive=0) -> launching driver (model_args='--model opencode/nemotron-3.5-lightning-free')
2026-09-25T23:45:01+00:00 [watchdog] driver turn #1: model=--model opencode/nemotron-3.5-lightning-free | opencode run fresh
2026-09-25T23:50:01+00:00 [watchdog] skipped: another driver holds the lock
2026-09-25T23:55:01+00:00 [watchdog] skipped: another driver holds the lock
2026-09-26T00:00:01+00:00 [watchdog] skipped: another driver holds the lock
2026-09-26T00:05:01+00:00 [watchdog] skipped: another driver holds the lock
2026-09-26T00:10:01+00:00 [watchdog] skipped: another driver holds the lock
2026-09-26T00:15:01+00:00 [watchdog] skipped: another driver holds the lock
2026-09-26T00:20:01+00:00 [watchdog] skipped: another driver holds the lock
2026-09-26T00:25:01+00:00 [watchdog] skipped: another driver holds the lock
2026-09-26T00:30:01+00:00 [watchdog] skipped: another driver holds the lock
2026-09-26T00:35:01+00:00 [watchdog] skipped: another driver holds the lock
2026-09-26T00:40:01+00:00 [watchdog] skipped: another driver holds the lock
2026-09-26T00:45:01+00:00 [watchdog] skipped: another driver holds the lock
2026-09-26T00:45:01+00:00 [watchdog] driver turn #1 exited rc=124 (transcript 6671330->6784073B)
2026-09-26T00:45:01+00:00 [watchdog] turn rc=124 looks quota-limited -> rotate to opencode/mimo-v2.6-flash-free (hit 1/3)
2026-09-26T00:45:01+00:00 [watchdog] driver turn #2: model=--model opencode/mimo-v2.6-flash-free | opencode run --session ses_f31799c77ffeTq9gcYgqc4hBhg
2026-09-26T00:50:01+00:00 [watchdog] skipped: another driver holds the lock
2026-09-26T00:55:01+00:00 [watchdog] skipped: another driver holds the lock
2026-09-26T01:00:01+00:00 [watchdog] skipped: another driver holds the lock
2026-09-26T01:05:01+00:00 [watchdog] skipped: another driver holds the lock
2026-09-26T01:10:01+00:00 [watchdog] skipped: another driver holds the lock
2026-09-26T01:15:01+00:00 [watchdog] skipped: another driver holds the lock
2026-09-26T01:20:01+00:00 [watchdog] skipped: another driver holds the lock
2026-09-26T01:25:01+00:00 [watchdog] skipped: another driver holds the lock
2026-09-26T01:30:01+00:00 [watchdog] skipped: another driver holds the lock
2026-09-26T01:35:01+00:00 [watchdog] skipped: another driver holds the lock
2026-09-26T01:40:01+00:00 [watchdog] skipped: another driver holds the lock
2026-09-26T01:45:01+00:00 [watchdog] driver turn #2 exited rc=124 (transcript 6784073->7053349B)
2026-09-26T01:45:01+00:00 [watchdog] turn rc=124 looks quota-limited -> rotate to opencode/muse-spark-1.3-contributor-free (hit 2/3)
2026-09-26T01:45:01+00:00 [watchdog] driver turn #3: model=--model opencode/muse-spark-1.3-contributor-free | opencode run --session ses_f31799c77ffeTq9gcYgqc4hBhg
2026-09-26T01:45:01+00:00 [watchdog] skipped: another driver holds the lock
2026-09-26T01:48:27+00:00 [watchdog] driver turn #3 exited rc=0 (transcript 7053349->7089374B)
2026-09-26T01:48:27+00:00 [watchdog] driver turn #4 healthy; next turn in 30s
2026-09-26T01:48:57+00:00 [watchdog] driver turn #4: model=--model opencode/big-pickle | opencode run --session ses_f31799c77ffeTq9gcYgqc4hBhg
2026-09-26T01:50:01+00:00 [watchdog] skipped: another driver holds the lock
2026-09-26T01:55:01+00:00 [watchdog] skipped: another driver holds the lock
2026-09-26T02:00:02+00:00 [watchdog] skipped: another driver holds the lock
2026-09-26T02:05:01+00:00 [watchdog] skipped: another driver holds the lock
2026-09-26T02:10:01+00:00 [watchdog] skipped: another driver holds the lock
2026-09-26T02:15:01+00:00 [watchdog] skipped: another driver holds the lock
2026-09-26T02:20:01+00:00 [watchdog] skipped: another driver holds the lock
2026-09-26T02:25:01+00:00 [watchdog] skipped: another driver holds the lock
2026-09-26T02:30:01+00:00 [watchdog] skipped: another driver holds the lock
2026-09-26T02:35:01+00:00 [watchdog] skipped: another driver holds the lock
2026-09-26T02:40:01+00:00 [watchdog] skipped: another driver holds the lock
2026-09-26T02:45:01+00:00 [watchdog] skipped: another driver holds the lock
2026-09-26T02:48:57+00:00 [watchdog] driver turn #4 exited rc=124 (transcript 7089374->7182482B)
2026-09-26T02:48:57+00:00 [watchdog] turn rc=124 looks quota-limited -> rotate to opencode/mimo-v2.6-flash-free (hit 1/3)
2026-09-26T02:48:57+00:00 [watchdog] driver turn #5: model=--model opencode/mimo-v2.6-flash-free | opencode run --session ses_f31799c77ffeTq9gcYgqc4hBhg
2026-09-26T02:50:01+00:00 [watchdog] skipped: another driver holds the lock
2026-09-26T02:55:01+00:00 [watchdog] skipped: another driver holds the lock
2026-09-26T02:57:47+00:00 [watchdog] driver turn #5 exited rc=0 (transcript 7182482->7235703B)
2026-09-26T02:57:47+00:00 [watchdog] driver turn #6 healthy; next turn in 30s
2026-09-26T02:58:17+00:00 [watchdog] driver turn #6: model=--model opencode/big-pickle | opencode run --session ses_f31799c77ffeTq9gcYgqc4hBhg
2026-09-26T03:00:01+00:00 [watchdog] skipped: another driver holds the lock
2026-09-26T03:05:01+00:00 [watchdog] skipped: another driver holds the lock
2026-09-26T03:09:46+00:00 [watchdog] driver turn #6 exited rc=0 (transcript 7235703->7282135B)
2026-09-26T03:09:46+00:00 [watchdog] driver turn #7 healthy; next turn in 30s
2026-09-26T03:10:01+00:00 [watchdog] skipped: another driver holds the lock
2026-09-26T03:10:16+00:00 [watchdog] driver turn #7: model=--model opencode/big-pickle | opencode run --session ses_f31799c77ffeTq9gcYgqc4hBhg
2026-09-26T03:15:01+00:00 [watchdog] skipped: another driver holds the lock
2026-09-26T03:20:01+00:00 [watchdog] skipped: another driver holds the lock
2026-09-26T03:25:01+00:00 [watchdog] skipped: another driver holds the lock
2026-09-26T03:30:01+00:00 [watchdog] skipped: another driver holds the lock
2026-09-26T03:35:01+00:00 [watchdog] skipped: another driver holds the lock
2026-09-26T03:40:01+00:00 [watchdog] skipped: another driver holds the lock
2026-09-26T03:45:01+00:00 [watchdog] skipped: another driver holds the lock
2026-09-26T03:50:01+00:00 [watchdog] skipped: another driver holds the lock
2026-09-26T03:55:01+00:00 [watchdog] skipped: another driver holds the lock
2026-09-26T04:00:01+00:00 [watchdog] skipped: another driver holds the lock
2026-09-26T04:05:01+00:00 [watchdog] skipped: another driver holds the lock
2026-09-26T04:10:01+00:00 [watchdog] skipped: another driver holds the lock
2026-09-26T04:10:16+00:00 [watchdog] driver turn #7 exited rc=124 (transcript 7282135->7301915B)
2026-09-26T04:10:16+00:00 [watchdog] turn rc=124 looks quota-limited -> rotate to opencode/mimo-v2.6-flash-free (hit 1/3)
2026-09-26T04:10:16+00:00 [watchdog] driver turn #8: model=--model opencode/mimo-v2.6-flash-free | opencode run --session ses_f31799c77ffeTq9gcYgqc4hBhg
2026-09-26T04:15:01+00:00 [watchdog] skipped: another driver holds the lock
2026-09-26T04:20:01+00:00 [watchdog] skipped: another driver holds the lock
2026-09-26T04:25:01+00:00 [watchdog] skipped: another driver holds the lock
2026-09-26T04:30:01+00:00 [watchdog] skipped: another driver holds the lock
2026-09-26T04:35:01+00:00 [watchdog] skipped: another driver holds the lock
2026-09-26T04:40:01+00:00 [watchdog] skipped: another driver holds the lock
2026-09-26T04:45:01+00:00 [watchdog] skipped: another driver holds the lock
2026-09-26T04:50:01+00:00 [watchdog] skipped: another driver holds the lock
2026-09-26T04:55:01+00:00 [watchdog] skipped: another driver holds the lock
2026-09-26T05:00:01+00:00 [watchdog] skipped: another driver holds the lock
2026-09-26T05:05:01+00:00 [watchdog] skipped: another driver holds the lock
2026-09-26T05:10:01+00:00 [watchdog] skipped: another driver holds the lock
2026-09-26T05:10:16+00:00 [watchdog] driver turn #8 exited rc=124 (transcript 7301915->7343366B)
2026-09-26T05:10:16+00:00 [watchdog] turn rc=124 looks quota-limited -> rotate to opencode/muse-spark-1.3-contributor-free (hit 2/3)
2026-09-26T05:10:16+00:00 [watchdog] driver turn #9: model=--model opencode/muse-spark-1.3-contributor-free | opencode run --session ses_f31799c77ffeTq9gcYgqc4hBhg
2026-09-26T05:15:02+00:00 [watchdog] skipped: another driver holds the lock
2026-09-26T05:20:01+00:00 [watchdog] skipped: another driver holds the lock
2026-09-26T05:25:01+00:00 [watchdog] skipped: another driver holds the lock
2026-09-26T05:30:01+00:00 [watchdog] skipped: another driver holds the lock
2026-09-26T05:35:01+00:00 [watchdog] skipped: another driver holds the lock
2026-09-26T05:40:01+00:00 [watchdog] skipped: another driver holds the lock
2026-09-26T05:45:01+00:00 [watchdog] skipped: another driver holds the lock
2026-09-26T05:50:01+00:00 [watchdog] skipped: another driver holds the lock
2026-09-26T05:55:01+00:00 [watchdog] skipped: another driver holds the lock
2026-09-26T06:00:01+00:00 [watchdog] skipped: another driver holds the lock
2026-09-26T06:05:01+00:00 [watchdog] skipped: another driver holds the lock
2026-09-26T06:10:01+00:00 [watchdog] skipped: another driver holds the lock
2026-09-26T06:10:16+00:00 [watchdog] driver turn #9 exited rc=124 (transcript 7343366->7350787B)
2026-09-26T06:10:16+00:00 [watchdog] turn rc=124 looks quota-limited -> rotate to opencode/ling-3.0-flash-fin-free (hit 3/3)
2026-09-26T06:10:16+00:00 [watchdog] driver giving up after 3 quota-limited runs; cron will retry
2026-09-26T06:10:16+00:00 [watchdog] driver healthy after 3 successful turns: crash-guard markers cleared
2026-09-26T06:10:16+00:00 [watchdog] driver ended after 9 turns (3 successful; rc=124)
2026-09-26T06:13:02+00:00 [watchdog] previous failure looks like quota/context exhaustion
2026-09-26T06:13:02+00:00 [watchdog] forcing free model: opencode/nemotron-3.5-lightning-free
2026-09-26T06:13:02+00:00 [watchdog] agent idle (hb 272s, transcript 264s, run_alive=0) -> launching driver (model_args='--model opencode/nemotron-3.5-lightning-free')
2026-09-26T06:13:02+00:00 [watchdog] driver turn #1: model=--model opencode/nemotron-3.5-lightning-free | opencode run fresh
2026-09-26T06:15:01+00:00 [watchdog] skipped: another driver holds the lock
2026-09-26T06:20:01+00:00 [watchdog] skipped: another driver holds the lock
2026-09-26T06:25:01+00:00 [watchdog] skipped: another driver holds the lock
2026-09-26T06:26:08+00:00 [watchdog] driver turn #1 exited rc=0 (transcript 7350787->7448526B)
2026-09-26T06:26:08+00:00 [watchdog] driver turn #2 healthy; next turn in 30s
2026-09-26T06:26:38+00:00 [watchdog] driver turn #2: model=--model opencode/big-pickle | opencode run --session ses_f31799c77ffeTq9gcYgqc4hBhg
2026-09-26T06:30:01+00:00 [watchdog] skipped: another driver holds the lock
2026-09-26T06:35:01+00:00 [watchdog] skipped: another driver holds the lock
2026-09-26T06:40:01+00:00 [watchdog] skipped: another driver holds the lock
2026-09-26T06:45:01+00:00 [watchdog] skipped: another driver holds the lock
2026-09-26T06:50:01+00:00 [watchdog] skipped: another driver holds the lock
2026-09-26T06:55:01+00:00 [watchdog] skipped: another driver holds the lock
2026-09-26T07:00:01+00:00 [watchdog] skipped: another driver holds the lock
2026-09-26T07:05:01+00:00 [watchdog] skipped: another driver holds the lock
2026-09-26T07:10:01+00:00 [watchdog] skipped: another driver holds the lock
2026-09-26T07:15:01+00:00 [watchdog] skipped: another driver holds the lock
2026-09-26T07:20:01+00:00 [watchdog] skipped: another driver holds the lock
2026-09-26T07:25:01+00:00 [watchdog] skipped: another driver holds the lock
2026-09-26T07:26:38+00:00 [watchdog] driver turn #2 exited rc=124 (transcript 7448526->7503156B)
2026-09-26T07:26:38+00:00 [watchdog] turn rc=124 looks quota-limited -> rotate to opencode/mimo-v2.6-flash-free (hit 1/3)
2026-09-26T07:26:38+00:00 [watchdog] driver turn #3: model=--model opencode/mimo-v2.6-flash-free | opencode run --session ses_f31799c77ffeTq9gcYgqc4hBhg
2026-09-26T07:30:01+00:00 [watchdog] skipped: another driver holds the lock
2026-09-26T07:35:01+00:00 [watchdog] skipped: another driver holds the lock
2026-09-26T07:40:01+00:00 [watchdog] skipped: another driver holds the lock
2026-09-26T07:45:01+00:00 [watchdog] skipped: another driver holds the lock
2026-09-26T07:50:01+00:00 [watchdog] skipped: another driver holds the lock
2026-09-26T07:55:01+00:00 [watchdog] skipped: another driver holds the lock
2026-09-26T07:57:31+00:00 [watchdog] driver turn #3 exited rc=0 (transcript 7503156->7635226B)
2026-09-26T07:57:31+00:00 [watchdog] driver turn #4 healthy; next turn in 30s
2026-09-26T07:58:01+00:00 [watchdog] driver turn #4: model=--model opencode/big-pickle | opencode run --session ses_f31799c77ffeTq9gcYgqc4hBhg
2026-09-26T08:00:01+00:00 [watchdog] skipped: another driver holds the lock
2026-09-26T08:03:36+00:00 [watchdog] driver turn #4 exited rc=0 (transcript 7635226->7649492B)
2026-09-26T08:03:36+00:00 [watchdog] driver turn #5 healthy; next turn in 30s
2026-09-26T08:04:06+00:00 [watchdog] driver turn #5: model=--model opencode/big-pickle | opencode run --session ses_f31799c77ffeTq9gcYgqc4hBhg
2026-09-26T08:05:01+00:00 [watchdog] skipped: another driver holds the lock
2026-09-26T08:10:01+00:00 [watchdog] skipped: another driver holds the lock
2026-09-26T08:13:19+00:00 [watchdog] driver turn #5 exited rc=1 (transcript 7649492->7652742B)
2026-09-26T08:13:19+00:00 [watchdog] turn rc=1 looks quota-limited -> rotate to opencode/mimo-v2.6-flash-free (hit 1/3)
2026-09-26T08:13:19+00:00 [watchdog] driver turn #6: model=--model opencode/mimo-v2.6-flash-free | opencode run --session ses_f31799c77ffeTq9gcYgqc4hBhg
2026-09-26T08:13:19+00:00 [watchdog] driver turn #6 exited rc=1 (transcript 7652742->7652807B)
2026-09-26T08:13:19+00:00 [watchdog] turn rc=1 looks quota-limited -> rotate to opencode/muse-spark-1.3-contributor-free (hit 2/3)
2026-09-26T08:13:20+00:00 [watchdog] driver turn #7: model=--model opencode/muse-spark-1.3-contributor-free | opencode run --session ses_f31799c77ffeTq9gcYgqc4hBhg
2026-09-26T08:13:20+00:00 [watchdog] driver turn #7 exited rc=1 (transcript 7652807->7652872B)
2026-09-26T08:13:20+00:00 [watchdog] turn rc=1 looks quota-limited -> rotate to opencode/ling-3.0-flash-fin-free (hit 3/3)
2026-09-26T08:13:20+00:00 [watchdog] driver giving up after 3 quota-limited runs; cron will retry
2026-09-26T08:13:20+00:00 [watchdog] driver healthy after 3 successful turns: crash-guard markers cleared
2026-09-26T08:13:20+00:00 [watchdog] driver ended after 7 turns (3 successful; rc=1)
2026-09-26T08:15:01+00:00 [watchdog] previous failure looks like quota/context exhaustion
2026-09-26T08:15:01+00:00 [watchdog] forcing free model: opencode/nemotron-3.5-lightning-free
2026-09-26T08:15:01+00:00 [watchdog] agent idle (hb 33s, transcript 101s, run_alive=0) -> launching driver (model_args='--model opencode/nemotron-3.5-lightning-free')
2026-09-26T08:15:01+00:00 [watchdog] driver turn #1: model=--model opencode/nemotron-3.5-lightning-free | opencode run fresh
2026-09-26T08:15:03+00:00 [watchdog] driver turn #1 exited rc=1 (transcript 7652872->7652978B)
2026-09-26T08:15:03+00:00 [watchdog] turn rc=1 looks quota-limited -> rotate to opencode/mimo-v2.6-flash-free (hit 1/3)
2026-09-26T08:15:03+00:00 [watchdog] driver turn #2: model=--model opencode/mimo-v2.6-flash-free | opencode run --session ses_f31799c77ffeTq9gcYgqc4hBhg
2026-09-26T08:15:04+00:00 [watchdog] driver turn #2 exited rc=1 (transcript 7652978->7653043B)
2026-09-26T08:15:04+00:00 [watchdog] turn rc=1 looks quota-limited -> rotate to opencode/muse-spark-1.3-contributor-free (hit 2/3)
2026-09-26T08:15:04+00:00 [watchdog] driver turn #3: model=--model opencode/muse-spark-1.3-contributor-free | opencode run --session ses_f31799c77ffeTq9gcYgqc4hBhg
2026-09-26T08:15:04+00:00 [watchdog] driver turn #3 exited rc=1 (transcript 7653043->7653108B)
2026-09-26T08:15:04+00:00 [watchdog] turn rc=1 looks quota-limited -> rotate to opencode/ling-3.0-flash-fin-free (hit 3/3)
2026-09-26T08:15:04+00:00 [watchdog] driver giving up after 3 quota-limited runs; cron will retry
2026-09-26T08:15:04+00:00 [watchdog] driver ended after 3 turns (0 successful; rc=1)
2026-09-26T08:20:01+00:00 [watchdog] previous failure looks like quota/context exhaustion
2026-09-26T08:20:01+00:00 [watchdog] forcing free model: opencode/nemotron-3.5-lightning-free
2026-09-26T08:20:01+00:00 [watchdog] agent idle (hb 333s, transcript 297s, run_alive=0) -> launching driver (model_args='--model opencode/nemotron-3.5-lightning-free')
2026-09-26T08:20:01+00:00 [watchdog] driver turn #1: model=--model opencode/nemotron-3.5-lightning-free | opencode run fresh
2026-09-26T08:25:01+00:00 [watchdog] skipped: another driver holds the lock
2026-09-26T08:30:01+00:00 [watchdog] skipped: another driver holds the lock
2026-09-26T08:35:01+00:00 [watchdog] skipped: another driver holds the lock
2026-09-26T08:40:01+00:00 [watchdog] skipped: another driver holds the lock
2026-09-26T08:41:33+00:00 [watchdog] driver turn #1 exited rc=1 (transcript 7653108->7717829B)
2026-09-26T08:41:33+00:00 [watchdog] turn rc=1 looks quota-limited -> rotate to opencode/mimo-v2.6-flash-free (hit 1/3)
2026-09-26T08:41:33+00:00 [watchdog] driver turn #2: model=--model opencode/mimo-v2.6-flash-free | opencode run --session ses_f31799c77ffeTq9gcYgqc4hBhg
2026-09-26T08:41:34+00:00 [watchdog] driver turn #2 exited rc=1 (transcript 7717829->7717894B)
2026-09-26T08:41:34+00:00 [watchdog] turn rc=1 looks quota-limited -> rotate to opencode/muse-spark-1.3-contributor-free (hit 2/3)
2026-09-26T08:41:34+00:00 [watchdog] driver turn #3: model=--model opencode/muse-spark-1.3-contributor-free | opencode run --session ses_f31799c77ffeTq9gcYgqc4hBhg
2026-09-26T08:41:35+00:00 [watchdog] driver turn #3 exited rc=1 (transcript 7717894->7717959B)
2026-09-26T08:41:35+00:00 [watchdog] turn rc=1 looks quota-limited -> rotate to opencode/ling-3.0-flash-fin-free (hit 3/3)
2026-09-26T08:41:35+00:00 [watchdog] driver giving up after 3 quota-limited runs; cron will retry
2026-09-26T08:41:35+00:00 [watchdog] driver ended after 3 turns (0 successful; rc=1)
2026-09-26T08:43:01+00:00 [watchdog] previous failure looks like quota/context exhaustion
2026-09-26T08:43:01+00:00 [watchdog] forcing free model: opencode/nemotron-3.5-lightning-free
2026-09-26T08:43:01+00:00 [watchdog] agent idle (hb 776s, transcript 87s, run_alive=0) -> launching driver (model_args='--model opencode/nemotron-3.5-lightning-free')
2026-09-26T08:43:01+00:00 [watchdog] driver turn #1: model=--model opencode/nemotron-3.5-lightning-free | opencode run fresh
2026-09-26T08:45:01+00:00 [watchdog] skipped: another driver holds the lock
2026-09-26T08:50:01+00:00 [watchdog] skipped: another driver holds the lock
2026-09-26T08:55:01+00:00 [watchdog] skipped: another driver holds the lock
2026-09-26T09:00:01+00:00 [watchdog] skipped: another driver holds the lock
2026-09-26T09:05:01+00:00 [watchdog] skipped: another driver holds the lock
2026-09-26T09:07:48+00:00 [watchdog] driver turn #1 exited rc=1 (transcript 7717959->7748740B)
2026-09-26T09:07:48+00:00 [watchdog] turn rc=1 looks quota-limited -> rotate to opencode/mimo-v2.6-flash-free (hit 1/3)
2026-09-26T09:07:48+00:00 [watchdog] driver turn #2: model=--model opencode/mimo-v2.6-flash-free | opencode run --session ses_f31799c77ffeTq9gcYgqc4hBhg
2026-09-26T09:07:49+00:00 [watchdog] driver turn #2 exited rc=1 (transcript 7748740->7748805B)
2026-09-26T09:07:49+00:00 [watchdog] turn rc=1 looks quota-limited -> rotate to opencode/muse-spark-1.3-contributor-free (hit 2/3)
2026-09-26T09:07:49+00:00 [watchdog] driver turn #3: model=--model opencode/muse-spark-1.3-contributor-free | opencode run --session ses_f31799c77ffeTq9gcYgqc4hBhg
2026-09-26T09:07:49+00:00 [watchdog] driver turn #3 exited rc=1 (transcript 7748805->7748870B)
2026-09-26T09:07:49+00:00 [watchdog] turn rc=1 looks quota-limited -> rotate to opencode/ling-3.0-flash-fin-free (hit 3/3)
2026-09-26T09:07:49+00:00 [watchdog] driver giving up after 3 quota-limited runs; cron will retry
2026-09-26T09:07:49+00:00 [watchdog] driver ended after 3 turns (0 successful; rc=1)
2026-09-26T09:10:01+00:00 [watchdog] previous failure looks like quota/context exhaustion
2026-09-26T09:10:01+00:00 [watchdog] forcing free model: opencode/nemotron-3.5-lightning-free
2026-09-26T09:10:01+00:00 [watchdog] agent idle (hb 403s, transcript 132s, run_alive=0) -> launching driver (model_args='--model opencode/nemotron-3.5-lightning-free')
2026-09-26T09:10:01+00:00 [watchdog] driver turn #1: model=--model opencode/nemotron-3.5-lightning-free | opencode run fresh
2026-09-26T09:15:01+00:00 [watchdog] skipped: another driver holds the lock
2026-09-26T09:20:01+00:00 [watchdog] skipped: another driver holds the lock
2026-09-26T09:25:01+00:00 [watchdog] skipped: another driver holds the lock
2026-09-26T09:27:01+00:00 [watchdog] driver turn #1 exited rc=1 (transcript 7748870->7858669B)
2026-09-26T09:27:01+00:00 [watchdog] turn rc=1 looks quota-limited -> rotate to opencode/mimo-v2.6-flash-free (hit 1/3)
2026-09-26T09:27:01+00:00 [watchdog] driver turn #2: model=--model opencode/mimo-v2.6-flash-free | opencode run --session ses_f31799c77ffeTq9gcYgqc4hBhg
2026-09-26T09:27:02+00:00 [watchdog] driver turn #2 exited rc=1 (transcript 7858669->7858734B)
2026-09-26T09:27:02+00:00 [watchdog] turn rc=1 looks quota-limited -> rotate to opencode/muse-spark-1.3-contributor-free (hit 2/3)
2026-09-26T09:27:02+00:00 [watchdog] driver turn #3: model=--model opencode/muse-spark-1.3-contributor-free | opencode run --session ses_f31799c77ffeTq9gcYgqc4hBhg
2026-09-26T09:27:03+00:00 [watchdog] driver turn #3 exited rc=1 (transcript 7858734->7858799B)
2026-09-26T09:27:03+00:00 [watchdog] turn rc=1 looks quota-limited -> rotate to opencode/ling-3.0-flash-fin-free (hit 3/3)
2026-09-26T09:27:03+00:00 [watchdog] driver giving up after 3 quota-limited runs; cron will retry
2026-09-26T09:27:03+00:00 [watchdog] driver ended after 3 turns (0 successful; rc=1)
2026-09-26T09:30:01+00:00 [watchdog] previous failure looks like quota/context exhaustion
2026-09-26T09:30:01+00:00 [watchdog] forcing free model: opencode/nemotron-3.5-lightning-free
2026-09-26T09:30:01+00:00 [watchdog] agent idle (hb 742s, transcript 178s, run_alive=0) -> launching driver (model_args='--model opencode/nemotron-3.5-lightning-free')
2026-09-26T09:30:01+00:00 [watchdog] driver turn #1: model=--model opencode/nemotron-3.5-lightning-free | opencode run fresh
2026-09-26T09:35:01+00:00 [watchdog] skipped: another driver holds the lock
2026-09-26T09:35:07+00:00 [watchdog] driver turn #1 exited rc=1 (transcript 7858799->7859437B)
2026-09-26T09:35:07+00:00 [watchdog] turn rc=1 looks quota-limited -> rotate to opencode/mimo-v2.6-flash-free (hit 1/3)
2026-09-26T09:35:07+00:00 [watchdog] driver turn #2: model=--model opencode/mimo-v2.6-flash-free | opencode run --session ses_f31799c77ffeTq9gcYgqc4hBhg
2026-09-26T09:35:07+00:00 [watchdog] driver turn #2 exited rc=1 (transcript 7859437->7859502B)
2026-09-26T09:35:08+00:00 [watchdog] turn rc=1 looks quota-limited -> rotate to opencode/muse-spark-1.3-contributor-free (hit 2/3)
2026-09-26T09:35:08+00:00 [watchdog] driver turn #3: model=--model opencode/muse-spark-1.3-contributor-free | opencode run --session ses_f31799c77ffeTq9gcYgqc4hBhg
2026-09-26T09:35:08+00:00 [watchdog] driver turn #3 exited rc=1 (transcript 7859502->7859567B)
2026-09-26T09:35:08+00:00 [watchdog] turn rc=1 looks quota-limited -> rotate to opencode/ling-3.0-flash-fin-free (hit 3/3)
2026-09-26T09:35:08+00:00 [watchdog] driver giving up after 3 quota-limited runs; cron will retry
2026-09-26T09:35:08+00:00 [watchdog] driver ended after 3 turns (0 successful; rc=1)
2026-09-26T09:40:01+00:00 [watchdog] previous failure looks like quota/context exhaustion
2026-09-26T09:40:01+00:00 [watchdog] forcing free model: opencode/nemotron-3.5-lightning-free
2026-09-26T09:40:01+00:00 [watchdog] agent idle (hb 1342s, transcript 293s, run_alive=0) -> launching driver (model_args='--model opencode/nemotron-3.5-lightning-free')
2026-09-26T09:40:01+00:00 [watchdog] driver turn #1: model=--model opencode/nemotron-3.5-lightning-free | opencode run fresh
2026-09-26T09:45:01+00:00 [watchdog] skipped: another driver holds the lock
2026-09-26T09:45:37+00:00 [watchdog] driver turn #1 exited rc=0 (transcript 7859567->7893875B)
2026-09-26T09:45:37+00:00 [watchdog] driver turn #2 healthy; next turn in 30s
2026-09-26T09:46:07+00:00 [watchdog] driver turn #2: model=--model opencode/big-pickle | opencode run --session ses_f31799c77ffeTq9gcYgqc4hBhg
2026-09-26T09:46:08+00:00 [watchdog] driver turn #2 exited rc=1 (transcript 7893875->7893940B)
2026-09-26T09:46:08+00:00 [watchdog] turn rc=1 looks quota-limited -> rotate to opencode/mimo-v2.6-flash-free (hit 1/3)
2026-09-26T09:46:08+00:00 [watchdog] driver turn #3: model=--model opencode/mimo-v2.6-flash-free | opencode run --session ses_f31799c77ffeTq9gcYgqc4hBhg
2026-09-26T09:46:08+00:00 [watchdog] driver turn #3 exited rc=1 (transcript 7893940->7894005B)
2026-09-26T09:46:08+00:00 [watchdog] turn rc=1 looks quota-limited -> rotate to opencode/muse-spark-1.3-contributor-free (hit 2/3)
2026-09-26T09:46:08+00:00 [watchdog] driver turn #4: model=--model opencode/muse-spark-1.3-contributor-free | opencode run --session ses_f31799c77ffeTq9gcYgqc4hBhg
2026-09-26T09:46:09+00:00 [watchdog] driver turn #4 exited rc=1 (transcript 7894005->7894070B)
2026-09-26T09:46:09+00:00 [watchdog] turn rc=1 looks quota-limited -> rotate to opencode/ling-3.0-flash-fin-free (hit 3/3)
2026-09-26T09:46:09+00:00 [watchdog] driver giving up after 3 quota-limited runs; cron will retry
2026-09-26T09:46:09+00:00 [watchdog] driver ended after 4 turns (1 successful; rc=1)
2026-09-26T09:50:01+00:00 [watchdog] previous failure looks like quota/context exhaustion
2026-09-26T09:50:01+00:00 [watchdog] forcing free model: opencode/nemotron-3.5-lightning-free
2026-09-26T09:50:01+00:00 [watchdog] agent idle (hb 1942s, transcript 232s, run_alive=0) -> launching driver (model_args='--model opencode/nemotron-3.5-lightning-free')
2026-09-26T09:50:01+00:00 [watchdog] driver turn #1: model=--model opencode/nemotron-3.5-lightning-free | opencode run fresh
2026-09-26T09:53:41+00:00 [watchdog] driver turn #1 exited rc=0 (transcript 7894070->7896134B)
2026-09-26T09:53:41+00:00 [watchdog] driver turn #2 healthy; next turn in 30s
2026-09-26T09:54:11+00:00 [watchdog] driver turn #2: model=--model opencode/big-pickle | opencode run --session ses_f31799c77ffeTq9gcYgqc4hBhg
2026-09-26T09:54:12+00:00 [watchdog] driver turn #2 exited rc=1 (transcript 7896134->7896199B)
2026-09-26T09:54:12+00:00 [watchdog] turn rc=1 looks quota-limited -> rotate to opencode/mimo-v2.6-flash-free (hit 1/3)
2026-09-26T09:54:12+00:00 [watchdog] driver turn #3: model=--model opencode/mimo-v2.6-flash-free | opencode run --session ses_f31799c77ffeTq9gcYgqc4hBhg
2026-09-26T09:54:12+00:00 [watchdog] driver turn #3 exited rc=1 (transcript 7896199->7896264B)
2026-09-26T09:54:12+00:00 [watchdog] turn rc=1 looks quota-limited -> rotate to opencode/muse-spark-1.3-contributor-free (hit 2/3)
2026-09-26T09:54:12+00:00 [watchdog] driver turn #4: model=--model opencode/muse-spark-1.3-contributor-free | opencode run --session ses_f31799c77ffeTq9gcYgqc4hBhg
2026-09-26T09:54:13+00:00 [watchdog] driver turn #4 exited rc=1 (transcript 7896264->7896329B)
2026-09-26T09:54:13+00:00 [watchdog] turn rc=1 looks quota-limited -> rotate to opencode/ling-3.0-flash-fin-free (hit 3/3)
2026-09-26T09:54:13+00:00 [watchdog] driver giving up after 3 quota-limited runs; cron will retry
2026-09-26T09:54:13+00:00 [watchdog] driver ended after 4 turns (1 successful; rc=1)
2026-09-26T09:55:01+00:00 [watchdog] previous failure looks like quota/context exhaustion
2026-09-26T09:55:01+00:00 [watchdog] forcing free model: opencode/nemotron-3.5-lightning-free
2026-09-26T09:55:01+00:00 [watchdog] agent idle (hb 2242s, transcript 48s, run_alive=0) -> launching driver (model_args='--model opencode/nemotron-3.5-lightning-free')
2026-09-26T09:55:01+00:00 [watchdog] driver turn #1: model=--model opencode/nemotron-3.5-lightning-free | opencode run fresh
2026-09-26T10:00:01+00:00 [watchdog] skipped: another driver holds the lock
2026-09-26T10:05:01+00:00 [watchdog] skipped: another driver holds the lock
2026-09-26T10:08:50+00:00 [watchdog] driver turn #1 exited rc=1 (transcript 7896329->7932787B)
2026-09-26T10:08:50+00:00 [watchdog] turn rc=1 looks quota-limited -> rotate to opencode/mimo-v2.6-flash-free (hit 1/3)
2026-09-26T10:08:50+00:00 [watchdog] driver turn #2: model=--model opencode/mimo-v2.6-flash-free | opencode run --session ses_f31799c77ffeTq9gcYgqc4hBhg
2026-09-26T10:08:51+00:00 [watchdog] driver turn #2 exited rc=1 (transcript 7932787->7932852B)
2026-09-26T10:08:51+00:00 [watchdog] turn rc=1 looks quota-limited -> rotate to opencode/muse-spark-1.3-contributor-free (hit 2/3)
2026-09-26T10:08:51+00:00 [watchdog] driver turn #3: model=--model opencode/muse-spark-1.3-contributor-free | opencode run --session ses_f31799c77ffeTq9gcYgqc4hBhg
2026-09-26T10:08:52+00:00 [watchdog] driver turn #3 exited rc=1 (transcript 7932852->7932917B)
2026-09-26T10:08:52+00:00 [watchdog] turn rc=1 looks quota-limited -> rotate to opencode/ling-3.0-flash-fin-free (hit 3/3)
2026-09-26T10:08:52+00:00 [watchdog] driver giving up after 3 quota-limited runs; cron will retry
2026-09-26T10:08:52+00:00 [watchdog] driver ended after 3 turns (0 successful; rc=1)
2026-09-26T10:10:01+00:00 [watchdog] previous failure looks like quota/context exhaustion
2026-09-26T10:10:01+00:00 [watchdog] forcing free model: opencode/nemotron-3.5-lightning-free
2026-09-26T10:10:01+00:00 [watchdog] agent idle (hb 407s, transcript 70s, run_alive=0) -> launching driver (model_args='--model opencode/nemotron-3.5-lightning-free')
2026-09-26T10:10:01+00:00 [watchdog] driver turn #1: model=--model opencode/nemotron-3.5-lightning-free | opencode run fresh
2026-09-26T10:11:41+00:00 [watchdog] driver turn #1 exited rc=0 (transcript 7932917->7933001B)
2026-09-26T10:11:41+00:00 [watchdog] driver turn #2 healthy; next turn in 30s
2026-09-26T10:12:11+00:00 [watchdog] driver turn #2: model=--model opencode/big-pickle | opencode run --session ses_f31799c77ffeTq9gcYgqc4hBhg
2026-09-26T10:12:11+00:00 [watchdog] driver turn #2 exited rc=1 (transcript 7933001->7933093B)
2026-09-26T10:12:12+00:00 [watchdog] turn rc=1 looks quota-limited -> rotate to opencode/mimo-v2.6-flash-free (hit 1/3)
2026-09-26T10:12:12+00:00 [watchdog] driver turn #3: model=--model opencode/mimo-v2.6-flash-free | opencode run --session ses_f31799c77ffeTq9gcYgqc4hBhg
2026-09-26T10:12:12+00:00 [watchdog] driver turn #3 exited rc=1 (transcript 7933093->7933158B)
2026-09-26T10:12:12+00:00 [watchdog] turn rc=1 looks quota-limited -> rotate to opencode/muse-spark-1.3-contributor-free (hit 2/3)
2026-09-26T10:12:12+00:00 [watchdog] driver turn #4: model=--model opencode/muse-spark-1.3-contributor-free | opencode run --session ses_f31799c77ffeTq9gcYgqc4hBhg
2026-09-26T10:12:12+00:00 [watchdog] driver turn #4 exited rc=1 (transcript 7933158->7933223B)
2026-09-26T10:12:12+00:00 [watchdog] turn rc=1 looks quota-limited -> rotate to opencode/ling-3.0-flash-fin-free (hit 3/3)
2026-09-26T10:12:12+00:00 [watchdog] driver giving up after 3 quota-limited runs; cron will retry
2026-09-26T10:12:12+00:00 [watchdog] driver ended after 4 turns (1 successful; rc=1)
2026-09-26T10:13:02+00:00 [watchdog] previous failure looks like quota/context exhaustion
2026-09-26T10:13:02+00:00 [watchdog] forcing free model: opencode/nemotron-3.5-lightning-free
2026-09-26T10:13:02+00:00 [watchdog] agent idle (hb 588s, transcript 50s, run_alive=0) -> launching driver (model_args='--model opencode/nemotron-3.5-lightning-free')
2026-09-26T10:13:02+00:00 [watchdog] driver turn #1: model=--model opencode/nemotron-3.5-lightning-free | opencode run fresh
2026-09-26T10:15:01+00:00 [watchdog] skipped: another driver holds the lock
2026-09-26T10:20:01+00:00 [watchdog] skipped: another driver holds the lock
2026-09-26T10:25:01+00:00 [watchdog] skipped: another driver holds the lock
2026-09-26T10:30:01+00:00 [watchdog] skipped: another driver holds the lock
2026-09-26T10:34:45+00:00 [watchdog] driver turn #1 exited rc=1 (transcript 7933223->7962308B)
2026-09-26T10:34:45+00:00 [watchdog] turn rc=1 looks quota-limited -> rotate to opencode/mimo-v2.6-flash-free (hit 1/3)
2026-09-26T10:34:45+00:00 [watchdog] driver turn #2: model=--model opencode/mimo-v2.6-flash-free | opencode run --session ses_f31799c77ffeTq9gcYgqc4hBhg
2026-09-26T10:34:46+00:00 [watchdog] driver turn #2 exited rc=1 (transcript 7962308->7962373B)
2026-09-26T10:34:46+00:00 [watchdog] turn rc=1 looks quota-limited -> rotate to opencode/muse-spark-1.3-contributor-free (hit 2/3)
2026-09-26T10:34:46+00:00 [watchdog] driver turn #3: model=--model opencode/muse-spark-1.3-contributor-free | opencode run --session ses_f31799c77ffeTq9gcYgqc4hBhg
2026-09-26T10:34:46+00:00 [watchdog] driver turn #3 exited rc=1 (transcript 7962373->7962438B)
2026-09-26T10:34:46+00:00 [watchdog] turn rc=1 looks quota-limited -> rotate to opencode/ling-3.0-flash-fin-free (hit 3/3)
2026-09-26T10:34:46+00:00 [watchdog] driver giving up after 3 quota-limited runs; cron will retry
2026-09-26T10:34:46+00:00 [watchdog] driver ended after 3 turns (0 successful; rc=1)
2026-09-26T10:35:01+00:00 [watchdog] previous failure looks like quota/context exhaustion
2026-09-26T10:35:01+00:00 [watchdog] forcing free model: opencode/nemotron-3.5-lightning-free
2026-09-26T10:35:01+00:00 [watchdog] agent idle (hb 1907s, transcript 15s, run_alive=0) -> launching driver (model_args='--model opencode/nemotron-3.5-lightning-free')
2026-09-26T10:35:01+00:00 [watchdog] driver turn #1: model=--model opencode/nemotron-3.5-lightning-free | opencode run fresh
2026-09-26T10:40:01+00:00 [watchdog] skipped: another driver holds the lock
2026-09-26T10:45:01+00:00 [watchdog] skipped: another driver holds the lock
2026-09-26T10:50:01+00:00 [watchdog] skipped: another driver holds the lock
2026-09-26T10:55:01+00:00 [watchdog] skipped: another driver holds the lock
2026-09-26T11:00:01+00:00 [watchdog] skipped: another driver holds the lock
2026-09-26T11:05:01+00:00 [watchdog] skipped: another driver holds the lock
2026-09-26T11:10:01+00:00 [watchdog] skipped: another driver holds the lock
2026-09-26T11:12:05+00:00 [watchdog] driver turn #1 exited rc=1 (transcript 7962438->8038922B)
2026-09-26T11:12:05+00:00 [watchdog] turn rc=1 looks quota-limited -> rotate to opencode/mimo-v2.6-flash-free (hit 1/3)
2026-09-26T11:12:05+00:00 [watchdog] driver turn #2: model=--model opencode/mimo-v2.6-flash-free | opencode run --session ses_f31799c77ffeTq9gcYgqc4hBhg
2026-09-26T11:12:06+00:00 [watchdog] driver turn #2 exited rc=1 (transcript 8038922->8038987B)
2026-09-26T11:12:06+00:00 [watchdog] turn rc=1 looks quota-limited -> rotate to opencode/muse-spark-1.3-contributor-free (hit 2/3)
2026-09-26T11:12:06+00:00 [watchdog] driver turn #3: model=--model opencode/muse-spark-1.3-contributor-free | opencode run --session ses_f31799c77ffeTq9gcYgqc4hBhg
2026-09-26T11:12:07+00:00 [watchdog] driver turn #3 exited rc=1 (transcript 8038987->8039052B)
2026-09-26T11:12:07+00:00 [watchdog] turn rc=1 looks quota-limited -> rotate to opencode/ling-3.0-flash-fin-free (hit 3/3)
2026-09-26T11:12:07+00:00 [watchdog] driver giving up after 3 quota-limited runs; cron will retry
2026-09-26T11:12:07+00:00 [watchdog] driver ended after 3 turns (0 successful; rc=1)
2026-09-26T11:13:01+00:00 [watchdog] previous failure looks like quota/context exhaustion
2026-09-26T11:13:01+00:00 [watchdog] forcing free model: opencode/nemotron-3.5-lightning-free
2026-09-26T11:13:01+00:00 [watchdog] agent idle (hb 1097s, transcript 54s, run_alive=0) -> launching driver (model_args='--model opencode/nemotron-3.5-lightning-free')
2026-09-26T11:13:01+00:00 [watchdog] driver turn #1: model=--model opencode/nemotron-3.5-lightning-free | opencode run fresh
2026-09-26T11:15:01+00:00 [watchdog] skipped: another driver holds the lock
2026-09-26T11:20:01+00:00 [watchdog] skipped: another driver holds the lock
2026-09-26T11:25:01+00:00 [watchdog] skipped: another driver holds the lock
2026-09-26T11:30:01+00:00 [watchdog] skipped: another driver holds the lock
2026-09-26T11:32:03+00:00 [watchdog] driver turn #1 exited rc=0 (transcript 8039052->8078566B)
2026-09-26T11:32:03+00:00 [watchdog] driver turn #2 healthy; next turn in 30s
2026-09-26T11:32:33+00:00 [watchdog] driver turn #2: model=--model opencode/big-pickle | opencode run --session ses_f31799c77ffeTq9gcYgqc4hBhg
2026-09-26T11:32:34+00:00 [watchdog] driver turn #2 exited rc=1 (transcript 8078566->8078631B)
2026-09-26T11:32:34+00:00 [watchdog] turn rc=1 looks quota-limited -> rotate to opencode/mimo-v2.6-flash-free (hit 1/3)
2026-09-26T11:32:34+00:00 [watchdog] driver turn #3: model=--model opencode/mimo-v2.6-flash-free | opencode run --session ses_f31799c77ffeTq9gcYgqc4hBhg
2026-09-26T11:32:34+00:00 [watchdog] driver turn #3 exited rc=1 (transcript 8078631->8078696B)
2026-09-26T11:32:34+00:00 [watchdog] turn rc=1 looks quota-limited -> rotate to opencode/muse-spark-1.3-contributor-free (hit 2/3)
2026-09-26T11:32:34+00:00 [watchdog] driver turn #4: model=--model opencode/muse-spark-1.3-contributor-free | opencode run --session ses_f31799c77ffeTq9gcYgqc4hBhg
2026-09-26T11:32:35+00:00 [watchdog] driver turn #4 exited rc=1 (transcript 8078696->8078761B)
2026-09-26T11:32:35+00:00 [watchdog] turn rc=1 looks quota-limited -> rotate to opencode/ling-3.0-flash-fin-free (hit 3/3)
2026-09-26T11:32:35+00:00 [watchdog] driver giving up after 3 quota-limited runs; cron will retry
2026-09-26T11:32:35+00:00 [watchdog] driver ended after 4 turns (1 successful; rc=1)
2026-09-26T11:33:01+00:00 [watchdog] previous failure looks like quota/context exhaustion
2026-09-26T11:33:01+00:00 [watchdog] forcing free model: opencode/nemotron-3.5-lightning-free
2026-09-26T11:33:01+00:00 [watchdog] agent idle (hb 2297s, transcript 27s, run_alive=0) -> launching driver (model_args='--model opencode/nemotron-3.5-lightning-free')
2026-09-26T11:33:01+00:00 [watchdog] driver turn #1: model=--model opencode/nemotron-3.5-lightning-free | opencode run fresh
2026-09-26T11:34:24+00:00 [watchdog] driver turn #1 exited rc=0 (transcript 8078761->8079150B)
2026-09-26T11:34:24+00:00 [watchdog] driver turn #2 healthy; next turn in 30s
2026-09-26T11:34:54+00:00 [watchdog] driver turn #2: model=--model opencode/big-pickle | opencode run --session ses_f31799c77ffeTq9gcYgqc4hBhg
2026-09-26T11:34:54+00:00 [watchdog] driver turn #2 exited rc=1 (transcript 8079150->8079215B)
2026-09-26T11:34:54+00:00 [watchdog] turn rc=1 looks quota-limited -> rotate to opencode/mimo-v2.6-flash-free (hit 1/3)
2026-09-26T11:34:54+00:00 [watchdog] driver turn #3: model=--model opencode/mimo-v2.6-flash-free | opencode run --session ses_f31799c77ffeTq9gcYgqc4hBhg
2026-09-26T11:34:55+00:00 [watchdog] driver turn #3 exited rc=1 (transcript 8079215->8079280B)
2026-09-26T11:34:55+00:00 [watchdog] turn rc=1 looks quota-limited -> rotate to opencode/muse-spark-1.3-contributor-free (hit 2/3)
2026-09-26T11:34:55+00:00 [watchdog] driver turn #4: model=--model opencode/muse-spark-1.3-contributor-free | opencode run --session ses_f31799c77ffeTq9gcYgqc4hBhg
2026-09-26T11:34:55+00:00 [watchdog] driver turn #4 exited rc=1 (transcript 8079280->8079345B)
2026-09-26T11:34:55+00:00 [watchdog] turn rc=1 looks quota-limited -> rotate to opencode/ling-3.0-flash-fin-free (hit 3/3)
2026-09-26T11:34:55+00:00 [watchdog] driver giving up after 3 quota-limited runs; cron will retry
2026-09-26T11:34:55+00:00 [watchdog] driver ended after 4 turns (1 successful; rc=1)
2026-09-26T11:35:01+00:00 [watchdog] previous failure looks like quota/context exhaustion
2026-09-26T11:35:01+00:00 [watchdog] forcing free model: opencode/nemotron-3.5-lightning-free
2026-09-26T11:35:01+00:00 [watchdog] agent idle (hb 2417s, transcript 6s, run_alive=0) -> launching driver (model_args='--model opencode/nemotron-3.5-lightning-free')
2026-09-26T11:35:01+00:00 [watchdog] driver turn #1: model=--model opencode/nemotron-3.5-lightning-free | opencode run fresh
2026-09-26T11:40:01+00:00 [watchdog] skipped: another driver holds the lock
2026-09-26T11:45:01+00:00 [watchdog] skipped: another driver holds the lock
2026-09-26T11:49:18+00:00 [watchdog] driver turn #1 exited rc=0 (transcript 8079345->8162601B)
2026-09-26T11:49:18+00:00 [watchdog] driver turn #2 healthy; next turn in 30s
2026-09-26T11:49:48+00:00 [watchdog] driver turn #2: model=--model opencode/big-pickle | opencode run --session ses_f31799c77ffeTq9gcYgqc4hBhg
2026-09-26T11:49:48+00:00 [watchdog] driver turn #2 exited rc=1 (transcript 8162601->8162666B)
2026-09-26T11:49:48+00:00 [watchdog] turn rc=1 looks quota-limited -> rotate to opencode/mimo-v2.6-flash-free (hit 1/3)
2026-09-26T11:49:48+00:00 [watchdog] driver turn #3: model=--model opencode/mimo-v2.6-flash-free | opencode run --session ses_f31799c77ffeTq9gcYgqc4hBhg
2026-09-26T11:49:49+00:00 [watchdog] driver turn #3 exited rc=1 (transcript 8162666->8162731B)
2026-09-26T11:49:49+00:00 [watchdog] turn rc=1 looks quota-limited -> rotate to opencode/muse-spark-1.3-contributor-free (hit 2/3)
2026-09-26T11:49:49+00:00 [watchdog] driver turn #4: model=--model opencode/muse-spark-1.3-contributor-free | opencode run --session ses_f31799c77ffeTq9gcYgqc4hBhg
2026-09-26T11:49:49+00:00 [watchdog] driver turn #4 exited rc=1 (transcript 8162731->8162796B)
2026-09-26T11:49:49+00:00 [watchdog] turn rc=1 looks quota-limited -> rotate to opencode/ling-3.0-flash-fin-free (hit 3/3)
2026-09-26T11:49:49+00:00 [watchdog] driver giving up after 3 quota-limited runs; cron will retry
2026-09-26T11:49:49+00:00 [watchdog] driver ended after 4 turns (1 successful; rc=1)
2026-09-26T11:50:01+00:00 [watchdog] previous failure looks like quota/context exhaustion
2026-09-26T11:50:01+00:00 [watchdog] forcing free model: opencode/nemotron-3.5-lightning-free
2026-09-26T11:50:02+00:00 [watchdog] agent idle (hb 418s, transcript 12s, run_alive=0) -> launching driver (model_args='--model opencode/nemotron-3.5-lightning-free')
2026-09-26T11:50:02+00:00 [watchdog] driver turn #1: model=--model opencode/nemotron-3.5-lightning-free | opencode run fresh
2026-09-26T11:55:01+00:00 [watchdog] skipped: another driver holds the lock
2026-09-26T12:00:01+00:00 [watchdog] skipped: another driver holds the lock
2026-09-26T12:05:01+00:00 [watchdog] skipped: another driver holds the lock
2026-09-26T12:05:15+00:00 [watchdog] driver turn #1 exited rc=1 (transcript 8162796->8200686B)
2026-09-26T12:05:15+00:00 [watchdog] turn rc=1 looks quota-limited -> rotate to opencode/mimo-v2.6-flash-free (hit 1/3)
2026-09-26T12:05:15+00:00 [watchdog] driver turn #2: model=--model opencode/mimo-v2.6-flash-free | opencode run --session ses_f31799c77ffeTq9gcYgqc4hBhg
2026-09-26T12:05:16+00:00 [watchdog] driver turn #2 exited rc=1 (transcript 8200686->8200751B)
2026-09-26T12:05:16+00:00 [watchdog] turn rc=1 looks quota-limited -> rotate to opencode/muse-spark-1.3-contributor-free (hit 2/3)
2026-09-26T12:05:16+00:00 [watchdog] driver turn #3: model=--model opencode/muse-spark-1.3-contributor-free | opencode run --session ses_f31799c77ffeTq9gcYgqc4hBhg
2026-09-26T12:05:16+00:00 [watchdog] driver turn #3 exited rc=1 (transcript 8200751->8200816B)
2026-09-26T12:05:16+00:00 [watchdog] turn rc=1 looks quota-limited -> rotate to opencode/ling-3.0-flash-fin-free (hit 3/3)
2026-09-26T12:05:16+00:00 [watchdog] driver giving up after 3 quota-limited runs; cron will retry
2026-09-26T12:05:16+00:00 [watchdog] driver ended after 3 turns (0 successful; rc=1)
2026-09-26T12:10:01+00:00 [watchdog] previous failure looks like quota/context exhaustion
2026-09-26T12:10:01+00:00 [watchdog] forcing free model: opencode/nemotron-3.5-lightning-free
2026-09-26T12:10:01+00:00 [watchdog] agent idle (hb 1618s, transcript 285s, run_alive=0) -> launching driver (model_args='--model opencode/nemotron-3.5-lightning-free')
2026-09-26T12:10:01+00:00 [watchdog] driver turn #1: model=--model opencode/nemotron-3.5-lightning-free | opencode run fresh
2026-09-26T12:15:01+00:00 [watchdog] skipped: another driver holds the lock
2026-09-26T12:20:01+00:00 [watchdog] skipped: another driver holds the lock
2026-09-26T12:25:01+00:00 [watchdog] skipped: another driver holds the lock
2026-09-26T12:30:01+00:00 [watchdog] skipped: another driver holds the lock
2026-09-26T12:35:01+00:00 [watchdog] skipped: another driver holds the lock
2026-09-26T12:40:01+00:00 [watchdog] skipped: another driver holds the lock
2026-09-26T12:41:00+00:00 [watchdog] driver turn #1 exited rc=0 (transcript 8200816->8268489B)
2026-09-26T12:41:00+00:00 [watchdog] driver turn #2 healthy; next turn in 30s
2026-09-26T12:41:30+00:00 [watchdog] driver turn #2: model=--model opencode/big-pickle | opencode run --session ses_f31799c77ffeTq9gcYgqc4hBhg
2026-09-26T12:41:31+00:00 [watchdog] driver turn #2 exited rc=1 (transcript 8268489->8268554B)
2026-09-26T12:41:31+00:00 [watchdog] turn rc=1 looks quota-limited -> rotate to opencode/mimo-v2.6-flash-free (hit 1/3)
2026-09-26T12:41:31+00:00 [watchdog] driver turn #3: model=--model opencode/mimo-v2.6-flash-free | opencode run --session ses_f31799c77ffeTq9gcYgqc4hBhg
2026-09-26T12:41:32+00:00 [watchdog] driver turn #3 exited rc=1 (transcript 8268554->8268619B)
2026-09-26T12:41:32+00:00 [watchdog] turn rc=1 looks quota-limited -> rotate to opencode/muse-spark-1.3-contributor-free (hit 2/3)
2026-09-26T12:41:32+00:00 [watchdog] driver turn #4: model=--model opencode/muse-spark-1.3-contributor-free | opencode run --session ses_f31799c77ffeTq9gcYgqc4hBhg
2026-09-26T12:41:32+00:00 [watchdog] driver turn #4 exited rc=1 (transcript 8268619->8268684B)
2026-09-26T12:41:32+00:00 [watchdog] turn rc=1 looks quota-limited -> rotate to opencode/ling-3.0-flash-fin-free (hit 3/3)
2026-09-26T12:41:32+00:00 [watchdog] driver giving up after 3 quota-limited runs; cron will retry
2026-09-26T12:41:32+00:00 [watchdog] driver ended after 4 turns (1 successful; rc=1)
2026-09-26T12:43:01+00:00 [watchdog] previous failure looks like quota/context exhaustion
2026-09-26T12:43:01+00:00 [watchdog] forcing free model: opencode/nemotron-3.5-lightning-free
2026-09-26T12:43:01+00:00 [watchdog] agent idle (hb 650s, transcript 89s, run_alive=0) -> launching driver (model_args='--model opencode/nemotron-3.5-lightning-free')
2026-09-26T12:43:01+00:00 [watchdog] driver turn #1: model=--model opencode/nemotron-3.5-lightning-free | opencode run fresh
2026-09-26T12:45:01+00:00 [watchdog] skipped: another driver holds the lock
2026-09-26T12:50:01+00:00 [watchdog] skipped: another driver holds the lock
2026-09-26T12:55:01+00:00 [watchdog] skipped: another driver holds the lock
2026-09-26T13:00:01+00:00 [watchdog] skipped: another driver holds the lock
2026-09-26T13:01:50+00:00 [watchdog] driver turn #1 exited rc=0 (transcript 8268684->8343776B)
2026-09-26T13:01:50+00:00 [watchdog] driver turn #2 healthy; next turn in 30s
2026-09-26T13:02:20+00:00 [watchdog] driver turn #2: model=--model opencode/big-pickle | opencode run --session ses_f31799c77ffeTq9gcYgqc4hBhg
2026-09-26T13:02:21+00:00 [watchdog] driver turn #2 exited rc=1 (transcript 8343776->8343841B)
2026-09-26T13:02:21+00:00 [watchdog] turn rc=1 looks quota-limited -> rotate to opencode/mimo-v2.6-flash-free (hit 1/3)
2026-09-26T13:02:21+00:00 [watchdog] driver turn #3: model=--model opencode/mimo-v2.6-flash-free | opencode run --session ses_f31799c77ffeTq9gcYgqc4hBhg
2026-09-26T13:02:22+00:00 [watchdog] driver turn #3 exited rc=1 (transcript 8343841->8343906B)
2026-09-26T13:02:22+00:00 [watchdog] turn rc=1 looks quota-limited -> rotate to opencode/muse-spark-1.3-contributor-free (hit 2/3)
2026-09-26T13:02:22+00:00 [watchdog] driver turn #4: model=--model opencode/muse-spark-1.3-contributor-free | opencode run --session ses_f31799c77ffeTq9gcYgqc4hBhg
2026-09-26T13:02:22+00:00 [watchdog] driver turn #4 exited rc=1 (transcript 8343906->8343971B)
2026-09-26T13:02:22+00:00 [watchdog] turn rc=1 looks quota-limited -> rotate to opencode/ling-3.0-flash-fin-free (hit 3/3)
2026-09-26T13:02:22+00:00 [watchdog] driver giving up after 3 quota-limited runs; cron will retry
2026-09-26T13:02:22+00:00 [watchdog] driver ended after 4 turns (1 successful; rc=1)
2026-09-26T13:03:01+00:00 [watchdog] previous failure looks like quota/context exhaustion
2026-09-26T13:03:01+00:00 [watchdog] forcing free model: opencode/nemotron-3.5-lightning-free
2026-09-26T13:03:01+00:00 [watchdog] agent idle (hb 1850s, transcript 39s, run_alive=0) -> launching driver (model_args='--model opencode/nemotron-3.5-lightning-free')
2026-09-26T13:03:01+00:00 [watchdog] driver turn #1: model=--model opencode/nemotron-3.5-lightning-free | opencode run fresh
2026-09-26T13:05:01+00:00 [watchdog] skipped: another driver holds the lock
2026-09-26T13:05:07+00:00 [watchdog] driver turn #1 exited rc=0 (transcript 8343971->8371412B)
2026-09-26T13:05:07+00:00 [watchdog] driver turn #2 healthy; next turn in 30s
2026-09-26T13:05:37+00:00 [watchdog] driver turn #2: model=--model opencode/big-pickle | opencode run --session ses_f31799c77ffeTq9gcYgqc4hBhg
2026-09-26T13:05:38+00:00 [watchdog] driver turn #2 exited rc=1 (transcript 8371412->8371477B)
2026-09-26T13:05:38+00:00 [watchdog] turn rc=1 looks quota-limited -> rotate to opencode/mimo-v2.6-flash-free (hit 1/3)
2026-09-26T13:05:38+00:00 [watchdog] driver turn #3: model=--model opencode/mimo-v2.6-flash-free | opencode run --session ses_f31799c77ffeTq9gcYgqc4hBhg
2026-09-26T13:05:38+00:00 [watchdog] driver turn #3 exited rc=1 (transcript 8371477->8371542B)
2026-09-26T13:05:38+00:00 [watchdog] turn rc=1 looks quota-limited -> rotate to opencode/muse-spark-1.3-contributor-free (hit 2/3)
2026-09-26T13:05:38+00:00 [watchdog] driver turn #4: model=--model opencode/muse-spark-1.3-contributor-free | opencode run --session ses_f31799c77ffeTq9gcYgqc4hBhg
2026-09-26T13:05:39+00:00 [watchdog] driver turn #4 exited rc=1 (transcript 8371542->8371607B)
2026-09-26T13:05:39+00:00 [watchdog] turn rc=1 looks quota-limited -> rotate to opencode/ling-3.0-flash-fin-free (hit 3/3)
2026-09-26T13:05:39+00:00 [watchdog] driver giving up after 3 quota-limited runs; cron will retry
2026-09-26T13:05:39+00:00 [watchdog] driver ended after 4 turns (1 successful; rc=1)
2026-09-26T13:10:01+00:00 [watchdog] previous failure looks like quota/context exhaustion
2026-09-26T13:10:01+00:00 [watchdog] forcing free model: opencode/nemotron-3.5-lightning-free
2026-09-26T13:10:01+00:00 [watchdog] agent idle (hb 2270s, transcript 262s, run_alive=0) -> launching driver (model_args='--model opencode/nemotron-3.5-lightning-free')
2026-09-26T13:10:01+00:00 [watchdog] driver turn #1: model=--model opencode/nemotron-3.5-lightning-free | opencode run fresh
2026-09-26T13:14:24+00:00 [watchdog] driver turn #1 exited rc=1 (transcript 8371607->8379456B)
2026-09-26T13:14:24+00:00 [watchdog] turn rc=1 looks quota-limited -> rotate to opencode/mimo-v2.6-flash-free (hit 1/3)
2026-09-26T13:14:24+00:00 [watchdog] driver turn #2: model=--model opencode/mimo-v2.6-flash-free | opencode run --session ses_f31799c77ffeTq9gcYgqc4hBhg
2026-09-26T13:14:25+00:00 [watchdog] driver turn #2 exited rc=1 (transcript 8379456->8379521B)
2026-09-26T13:14:25+00:00 [watchdog] turn rc=1 looks quota-limited -> rotate to opencode/muse-spark-1.3-contributor-free (hit 2/3)
2026-09-26T13:14:25+00:00 [watchdog] driver turn #3: model=--model opencode/muse-spark-1.3-contributor-free | opencode run --session ses_f31799c77ffeTq9gcYgqc4hBhg
2026-09-26T13:14:26+00:00 [watchdog] driver turn #3 exited rc=1 (transcript 8379521->8379586B)
2026-09-26T13:14:26+00:00 [watchdog] turn rc=1 looks quota-limited -> rotate to opencode/ling-3.0-flash-fin-free (hit 3/3)
2026-09-26T13:14:26+00:00 [watchdog] driver giving up after 3 quota-limited runs; cron will retry
2026-09-26T13:14:26+00:00 [watchdog] driver ended after 3 turns (0 successful; rc=1)
2026-09-26T13:15:01+00:00 [watchdog] previous failure looks like quota/context exhaustion
2026-09-26T13:15:01+00:00 [watchdog] forcing free model: opencode/nemotron-3.5-lightning-free
2026-09-26T13:15:01+00:00 [watchdog] agent idle (hb 2570s, transcript 35s, run_alive=0) -> launching driver (model_args='--model opencode/nemotron-3.5-lightning-free')
2026-09-26T13:15:01+00:00 [watchdog] driver turn #1: model=--model opencode/nemotron-3.5-lightning-free | opencode run fresh
2026-09-26T13:20:01+00:00 [watchdog] skipped: another driver holds the lock
2026-09-26T13:25:01+00:00 [watchdog] skipped: another driver holds the lock
2026-09-26T13:30:01+00:00 [watchdog] skipped: another driver holds the lock
2026-09-26T13:33:16+00:00 [watchdog] driver turn #1 exited rc=0 (transcript 8379586->8435102B)
2026-09-26T13:33:16+00:00 [watchdog] driver turn #2 healthy; next turn in 30s
2026-09-26T13:33:46+00:00 [watchdog] driver turn #2: model=--model opencode/big-pickle | opencode run --session ses_f31799c77ffeTq9gcYgqc4hBhg
2026-09-26T13:33:47+00:00 [watchdog] driver turn #2 exited rc=1 (transcript 8435102->8435167B)
2026-09-26T13:33:47+00:00 [watchdog] turn rc=1 looks quota-limited -> rotate to opencode/mimo-v2.6-flash-free (hit 1/3)
2026-09-26T13:33:47+00:00 [watchdog] driver turn #3: model=--model opencode/mimo-v2.6-flash-free | opencode run --session ses_f31799c77ffeTq9gcYgqc4hBhg
2026-09-26T13:33:47+00:00 [watchdog] driver turn #3 exited rc=1 (transcript 8435167->8435232B)
2026-09-26T13:33:47+00:00 [watchdog] turn rc=1 looks quota-limited -> rotate to opencode/muse-spark-1.3-contributor-free (hit 2/3)
2026-09-26T13:33:47+00:00 [watchdog] driver turn #4: model=--model opencode/muse-spark-1.3-contributor-free | opencode run --session ses_f31799c77ffeTq9gcYgqc4hBhg
2026-09-26T13:33:48+00:00 [watchdog] driver turn #4 exited rc=1 (transcript 8435232->8435297B)
2026-09-26T13:33:48+00:00 [watchdog] turn rc=1 looks quota-limited -> rotate to opencode/ling-3.0-flash-fin-free (hit 3/3)
2026-09-26T13:33:48+00:00 [watchdog] driver giving up after 3 quota-limited runs; cron will retry
2026-09-26T13:33:48+00:00 [watchdog] driver ended after 4 turns (1 successful; rc=1)
2026-09-26T13:35:01+00:00 [watchdog] previous failure looks like quota/context exhaustion
2026-09-26T13:35:01+00:00 [watchdog] forcing free model: opencode/nemotron-3.5-lightning-free
2026-09-26T13:35:01+00:00 [watchdog] agent idle (hb 563s, transcript 73s, run_alive=0) -> launching driver (model_args='--model opencode/nemotron-3.5-lightning-free')
2026-09-26T13:35:01+00:00 [watchdog] driver turn #1: model=--model opencode/nemotron-3.5-lightning-free | opencode run fresh
2026-09-26T13:40:01+00:00 [watchdog] skipped: another driver holds the lock
2026-09-26T13:45:01+00:00 [watchdog] skipped: another driver holds the lock
2026-09-26T13:50:01+00:00 [watchdog] skipped: another driver holds the lock
2026-09-26T13:55:01+00:00 [watchdog] skipped: another driver holds the lock
2026-09-26T14:00:01+00:00 [watchdog] skipped: another driver holds the lock
2026-09-26T14:05:01+00:00 [watchdog] skipped: another driver holds the lock
2026-09-26T14:08:25+00:00 [watchdog] driver turn #1 exited rc=1 (transcript 8435297->8523418B)
2026-09-26T14:08:25+00:00 [watchdog] turn rc=1 looks quota-limited -> rotate to opencode/mimo-v2.6-flash-free (hit 1/3)
2026-09-26T14:08:25+00:00 [watchdog] driver turn #2: model=--model opencode/mimo-v2.6-flash-free | opencode run --session ses_f31799c77ffeTq9gcYgqc4hBhg
2026-09-26T14:08:26+00:00 [watchdog] driver turn #2 exited rc=1 (transcript 8523418->8523483B)
2026-09-26T14:08:26+00:00 [watchdog] turn rc=1 looks quota-limited -> rotate to opencode/muse-spark-1.3-contributor-free (hit 2/3)
2026-09-26T14:08:26+00:00 [watchdog] driver turn #3: model=--model opencode/muse-spark-1.3-contributor-free | opencode run --session ses_f31799c77ffeTq9gcYgqc4hBhg
2026-09-26T14:08:27+00:00 [watchdog] driver turn #3 exited rc=1 (transcript 8523483->8523548B)
2026-09-26T14:08:27+00:00 [watchdog] turn rc=1 looks quota-limited -> rotate to opencode/ling-3.0-flash-fin-free (hit 3/3)
2026-09-26T14:08:27+00:00 [watchdog] driver giving up after 3 quota-limited runs; cron will retry
2026-09-26T14:08:27+00:00 [watchdog] driver ended after 3 turns (0 successful; rc=1)
2026-09-26T14:10:01+00:00 [watchdog] previous failure looks like quota/context exhaustion
2026-09-26T14:10:01+00:00 [watchdog] forcing free model: opencode/nemotron-3.5-lightning-free
2026-09-26T14:10:01+00:00 [watchdog] agent idle (hb 426s, transcript 94s, run_alive=0) -> launching driver (model_args='--model opencode/nemotron-3.5-lightning-free')
2026-09-26T14:10:01+00:00 [watchdog] driver turn #1: model=--model opencode/nemotron-3.5-lightning-free | opencode run fresh
2026-09-26T14:15:01+00:00 [watchdog] skipped: another driver holds the lock
2026-09-26T14:20:01+00:00 [watchdog] skipped: another driver holds the lock
2026-09-26T14:25:01+00:00 [watchdog] skipped: another driver holds the lock
2026-09-26T14:30:01+00:00 [watchdog] skipped: another driver holds the lock
2026-09-26T14:35:01+00:00 [watchdog] skipped: another driver holds the lock
2026-09-26T14:40:01+00:00 [watchdog] skipped: another driver holds the lock
2026-09-26T14:41:09+00:00 [watchdog] driver turn #1 exited rc=1 (transcript 8523548->8632503B)
2026-09-26T14:41:09+00:00 [watchdog] turn rc=1 looks quota-limited -> rotate to opencode/mimo-v2.6-flash-free (hit 1/3)
2026-09-26T14:41:09+00:00 [watchdog] driver turn #2: model=--model opencode/mimo-v2.6-flash-free | opencode run --session ses_f31799c77ffeTq9gcYgqc4hBhg
2026-09-26T14:41:10+00:00 [watchdog] driver turn #2 exited rc=1 (transcript 8632503->8632568B)
2026-09-26T14:41:10+00:00 [watchdog] turn rc=1 looks quota-limited -> rotate to opencode/muse-spark-1.3-contributor-free (hit 2/3)
2026-09-26T14:41:10+00:00 [watchdog] driver turn #3: model=--model opencode/muse-spark-1.3-contributor-free | opencode run --session ses_f31799c77ffeTq9gcYgqc4hBhg
2026-09-26T14:41:10+00:00 [watchdog] driver turn #3 exited rc=1 (transcript 8632568->8632633B)
2026-09-26T14:41:10+00:00 [watchdog] turn rc=1 looks quota-limited -> rotate to opencode/ling-3.0-flash-fin-free (hit 3/3)
2026-09-26T14:41:10+00:00 [watchdog] driver giving up after 3 quota-limited runs; cron will retry
2026-09-26T14:41:10+00:00 [watchdog] driver ended after 3 turns (0 successful; rc=1)
2026-09-26T14:43:01+00:00 [watchdog] previous failure looks like quota/context exhaustion
2026-09-26T14:43:01+00:00 [watchdog] forcing free model: opencode/nemotron-3.5-lightning-free
2026-09-26T14:43:01+00:00 [watchdog] agent idle (hb 199s, transcript 111s, run_alive=0) -> launching driver (model_args='--model opencode/nemotron-3.5-lightning-free')
2026-09-26T14:43:01+00:00 [watchdog] driver turn #1: model=--model opencode/nemotron-3.5-lightning-free | opencode run fresh
2026-09-26T14:45:01+00:00 [watchdog] skipped: another driver holds the lock
2026-09-26T14:50:01+00:00 [watchdog] skipped: another driver holds the lock
2026-09-26T14:50:33+00:00 [watchdog] driver turn #1 exited rc=0 (transcript 8632633->8705994B)
2026-09-26T14:50:33+00:00 [watchdog] driver turn #2 healthy; next turn in 30s
2026-09-26T14:51:03+00:00 [watchdog] driver turn #2: model=--model opencode/big-pickle | opencode run --session ses_f31799c77ffeTq9gcYgqc4hBhg
2026-09-26T14:51:05+00:00 [watchdog] driver turn #2 exited rc=1 (transcript 8705994->8706059B)
2026-09-26T14:51:05+00:00 [watchdog] turn rc=1 looks quota-limited -> rotate to opencode/mimo-v2.6-flash-free (hit 1/3)
2026-09-26T14:51:05+00:00 [watchdog] driver turn #3: model=--model opencode/mimo-v2.6-flash-free | opencode run --session ses_f31799c77ffeTq9gcYgqc4hBhg
2026-09-26T14:51:05+00:00 [watchdog] driver turn #3 exited rc=1 (transcript 8706059->8706124B)
2026-09-26T14:51:05+00:00 [watchdog] turn rc=1 looks quota-limited -> rotate to opencode/muse-spark-1.3-contributor-free (hit 2/3)
2026-09-26T14:51:05+00:00 [watchdog] driver turn #4: model=--model opencode/muse-spark-1.3-contributor-free | opencode run --session ses_f31799c77ffeTq9gcYgqc4hBhg
2026-09-26T14:51:06+00:00 [watchdog] driver turn #4 exited rc=1 (transcript 8706124->8706189B)
2026-09-26T14:51:06+00:00 [watchdog] turn rc=1 looks quota-limited -> rotate to opencode/ling-3.0-flash-fin-free (hit 3/3)
2026-09-26T14:51:06+00:00 [watchdog] driver giving up after 3 quota-limited runs; cron will retry
2026-09-26T14:51:06+00:00 [watchdog] driver ended after 4 turns (1 successful; rc=1)
2026-09-26T14:53:01+00:00 [watchdog] previous failure looks like quota/context exhaustion
2026-09-26T14:53:01+00:00 [watchdog] forcing free model: opencode/nemotron-3.5-lightning-free
2026-09-26T14:53:01+00:00 [watchdog] agent idle (hb 799s, transcript 115s, run_alive=0) -> launching driver (model_args='--model opencode/nemotron-3.5-lightning-free')
2026-09-26T14:53:01+00:00 [watchdog] driver turn #1: model=--model opencode/nemotron-3.5-lightning-free | opencode run fresh
2026-09-26T14:55:01+00:00 [watchdog] skipped: another driver holds the lock
2026-09-26T14:56:54+00:00 [watchdog] driver turn #1 exited rc=0 (transcript 8706189->8707755B)
2026-09-26T14:56:54+00:00 [watchdog] driver turn #2 healthy; next turn in 30s
2026-09-26T14:57:24+00:00 [watchdog] driver turn #2: model=--model opencode/big-pickle | opencode run --session ses_f31799c77ffeTq9gcYgqc4hBhg
2026-09-26T14:57:25+00:00 [watchdog] driver turn #2 exited rc=1 (transcript 8707755->8707820B)
2026-09-26T14:57:25+00:00 [watchdog] turn rc=1 looks quota-limited -> rotate to opencode/mimo-v2.6-flash-free (hit 1/3)
2026-09-26T14:57:25+00:00 [watchdog] driver turn #3: model=--model opencode/mimo-v2.6-flash-free | opencode run --session ses_f31799c77ffeTq9gcYgqc4hBhg
2026-09-26T14:57:25+00:00 [watchdog] driver turn #3 exited rc=1 (transcript 8707820->8707885B)
2026-09-26T14:57:25+00:00 [watchdog] turn rc=1 looks quota-limited -> rotate to opencode/muse-spark-1.3-contributor-free (hit 2/3)
2026-09-26T14:57:25+00:00 [watchdog] driver turn #4: model=--model opencode/muse-spark-1.3-contributor-free | opencode run --session ses_f31799c77ffeTq9gcYgqc4hBhg
2026-09-26T14:57:26+00:00 [watchdog] driver turn #4 exited rc=1 (transcript 8707885->8707950B)
2026-09-26T14:57:26+00:00 [watchdog] turn rc=1 looks quota-limited -> rotate to opencode/ling-3.0-flash-fin-free (hit 3/3)
2026-09-26T14:57:26+00:00 [watchdog] driver giving up after 3 quota-limited runs; cron will retry
2026-09-26T14:57:26+00:00 [watchdog] driver ended after 4 turns (1 successful; rc=1)
2026-09-26T15:00:01+00:00 [watchdog] previous failure looks like quota/context exhaustion
2026-09-26T15:00:01+00:00 [watchdog] forcing free model: opencode/nemotron-3.5-lightning-free
2026-09-26T15:00:01+00:00 [watchdog] agent idle (hb 1219s, transcript 155s, run_alive=0) -> launching driver (model_args='--model opencode/nemotron-3.5-lightning-free')
2026-09-26T15:00:01+00:00 [watchdog] driver turn #1: model=--model opencode/nemotron-3.5-lightning-free | opencode run fresh
2026-09-26T15:05:01+00:00 [watchdog] skipped: another driver holds the lock
2026-09-26T15:10:01+00:00 [watchdog] skipped: another driver holds the lock
2026-09-26T15:15:01+00:00 [watchdog] skipped: another driver holds the lock
2026-09-26T15:20:01+00:00 [watchdog] skipped: another driver holds the lock
2026-09-26T15:20:19+00:00 [watchdog] driver turn #1 exited rc=1 (transcript 8707950->8765412B)
2026-09-26T15:20:19+00:00 [watchdog] turn rc=1 looks quota-limited -> rotate to opencode/mimo-v2.6-flash-free (hit 1/3)
2026-09-26T15:20:19+00:00 [watchdog] driver turn #2: model=--model opencode/mimo-v2.6-flash-free | opencode run --session ses_f31799c77ffeTq9gcYgqc4hBhg
2026-09-26T15:20:20+00:00 [watchdog] driver turn #2 exited rc=1 (transcript 8765412->8765477B)
2026-09-26T15:20:20+00:00 [watchdog] turn rc=1 looks quota-limited -> rotate to opencode/muse-spark-1.3-contributor-free (hit 2/3)
2026-09-26T15:20:20+00:00 [watchdog] driver turn #3: model=--model opencode/muse-spark-1.3-contributor-free | opencode run --session ses_f31799c77ffeTq9gcYgqc4hBhg
2026-09-26T15:20:20+00:00 [watchdog] driver turn #3 exited rc=1 (transcript 8765477->8765542B)
2026-09-26T15:20:20+00:00 [watchdog] turn rc=1 looks quota-limited -> rotate to opencode/ling-3.0-flash-fin-free (hit 3/3)
2026-09-26T15:20:20+00:00 [watchdog] driver giving up after 3 quota-limited runs; cron will retry
2026-09-26T15:20:20+00:00 [watchdog] driver ended after 3 turns (0 successful; rc=1)
2026-09-26T15:23:01+00:00 [watchdog] previous failure looks like quota/context exhaustion
2026-09-26T15:23:01+00:00 [watchdog] forcing free model: opencode/nemotron-3.5-lightning-free
2026-09-26T15:23:01+00:00 [watchdog] agent idle (hb 988s, transcript 161s, run_alive=0) -> launching driver (model_args='--model opencode/nemotron-3.5-lightning-free')
2026-09-26T15:23:01+00:00 [watchdog] driver turn #1: model=--model opencode/nemotron-3.5-lightning-free | opencode run fresh
2026-09-26T15:25:01+00:00 [watchdog] skipped: another driver holds the lock
2026-09-26T15:30:01+00:00 [watchdog] skipped: another driver holds the lock
2026-09-26T15:35:01+00:00 [watchdog] skipped: another driver holds the lock
2026-09-26T15:35:22+00:00 [watchdog] driver turn #1 exited rc=0 (transcript 8765542->8836180B)
2026-09-26T15:35:22+00:00 [watchdog] driver turn #2 healthy; next turn in 30s
2026-09-26T15:35:52+00:00 [watchdog] driver turn #2: model=--model opencode/big-pickle | opencode run --session ses_f31799c77ffeTq9gcYgqc4hBhg
2026-09-26T15:35:53+00:00 [watchdog] driver turn #2 exited rc=1 (transcript 8836180->8836245B)
2026-09-26T15:35:53+00:00 [watchdog] turn rc=1 looks quota-limited -> rotate to opencode/mimo-v2.6-flash-free (hit 1/3)
2026-09-26T15:35:53+00:00 [watchdog] driver turn #3: model=--model opencode/mimo-v2.6-flash-free | opencode run --session ses_f31799c77ffeTq9gcYgqc4hBhg
2026-09-26T15:35:54+00:00 [watchdog] driver turn #3 exited rc=1 (transcript 8836245->8836310B)
2026-09-26T15:35:54+00:00 [watchdog] turn rc=1 looks quota-limited -> rotate to opencode/muse-spark-1.3-contributor-free (hit 2/3)
2026-09-26T15:35:54+00:00 [watchdog] driver turn #4: model=--model opencode/muse-spark-1.3-contributor-free | opencode run --session ses_f31799c77ffeTq9gcYgqc4hBhg
2026-09-26T15:35:54+00:00 [watchdog] driver turn #4 exited rc=1 (transcript 8836310->8836375B)
2026-09-26T15:35:54+00:00 [watchdog] turn rc=1 looks quota-limited -> rotate to opencode/ling-3.0-flash-fin-free (hit 3/3)
2026-09-26T15:35:54+00:00 [watchdog] driver giving up after 3 quota-limited runs; cron will retry
2026-09-26T15:35:54+00:00 [watchdog] driver ended after 4 turns (1 successful; rc=1)
2026-09-26T15:40:01+00:00 [watchdog] previous failure looks like quota/context exhaustion
2026-09-26T15:40:01+00:00 [watchdog] forcing free model: opencode/nemotron-3.5-lightning-free
2026-09-26T15:40:01+00:00 [watchdog] agent idle (hb 431s, transcript 247s, run_alive=0) -> launching driver (model_args='--model opencode/nemotron-3.5-lightning-free')
2026-09-26T15:40:01+00:00 [watchdog] driver turn #1: model=--model opencode/nemotron-3.5-lightning-free | opencode run fresh
2026-09-26T15:41:40+00:00 [watchdog] driver turn #1 exited rc=0 (transcript 8836375->8837511B)
2026-09-26T15:41:40+00:00 [watchdog] driver turn #2 healthy; next turn in 30s
2026-09-26T15:42:10+00:00 [watchdog] driver turn #2: model=--model opencode/big-pickle | opencode run --session ses_f31799c77ffeTq9gcYgqc4hBhg
2026-09-26T15:42:11+00:00 [watchdog] driver turn #2 exited rc=1 (transcript 8837511->8837576B)
2026-09-26T15:42:11+00:00 [watchdog] turn rc=1 looks quota-limited -> rotate to opencode/mimo-v2.6-flash-free (hit 1/3)
2026-09-26T15:42:11+00:00 [watchdog] driver turn #3: model=--model opencode/mimo-v2.6-flash-free | opencode run --session ses_f31799c77ffeTq9gcYgqc4hBhg
2026-09-26T15:42:11+00:00 [watchdog] driver turn #3 exited rc=1 (transcript 8837576->8837641B)
2026-09-26T15:42:11+00:00 [watchdog] turn rc=1 looks quota-limited -> rotate to opencode/muse-spark-1.3-contributor-free (hit 2/3)
2026-09-26T15:42:11+00:00 [watchdog] driver turn #4: model=--model opencode/muse-spark-1.3-contributor-free | opencode run --session ses_f31799c77ffeTq9gcYgqc4hBhg
2026-09-26T15:42:12+00:00 [watchdog] driver turn #4 exited rc=1 (transcript 8837641->8837706B)
2026-09-26T15:42:12+00:00 [watchdog] turn rc=1 looks quota-limited -> rotate to opencode/ling-3.0-flash-fin-free (hit 3/3)
2026-09-26T15:42:12+00:00 [watchdog] driver giving up after 3 quota-limited runs; cron will retry
2026-09-26T15:42:12+00:00 [watchdog] driver ended after 4 turns (1 successful; rc=1)
2026-09-26T15:43:01+00:00 [watchdog] previous failure looks like quota/context exhaustion
2026-09-26T15:43:01+00:00 [watchdog] forcing free model: opencode/nemotron-3.5-lightning-free
2026-09-26T15:43:01+00:00 [watchdog] agent idle (hb 611s, transcript 49s, run_alive=0) -> launching driver (model_args='--model opencode/nemotron-3.5-lightning-free')
2026-09-26T15:43:01+00:00 [watchdog] driver turn #1: model=--model opencode/nemotron-3.5-lightning-free | opencode run fresh
2026-09-26T15:45:01+00:00 [watchdog] skipped: another driver holds the lock
2026-09-26T15:50:01+00:00 [watchdog] skipped: another driver holds the lock
2026-09-26T15:55:01+00:00 [watchdog] skipped: another driver holds the lock
2026-09-26T15:58:16+00:00 [watchdog] driver turn #1 exited rc=0 (transcript 8837706->8878826B)
2026-09-26T15:58:16+00:00 [watchdog] driver turn #2 healthy; next turn in 30s
2026-09-26T15:58:46+00:00 [watchdog] driver turn #2: model=--model opencode/big-pickle | opencode run --session ses_f31799c77ffeTq9gcYgqc4hBhg
2026-09-26T15:58:46+00:00 [watchdog] driver turn #2 exited rc=1 (transcript 8878826->8878891B)
2026-09-26T15:58:46+00:00 [watchdog] turn rc=1 looks quota-limited -> rotate to opencode/mimo-v2.6-flash-free (hit 1/3)
2026-09-26T15:58:46+00:00 [watchdog] driver turn #3: model=--model opencode/mimo-v2.6-flash-free | opencode run --session ses_f31799c77ffeTq9gcYgqc4hBhg
2026-09-26T15:58:47+00:00 [watchdog] driver turn #3 exited rc=1 (transcript 8878891->8878956B)
2026-09-26T15:58:47+00:00 [watchdog] turn rc=1 looks quota-limited -> rotate to opencode/muse-spark-1.3-contributor-free (hit 2/3)
2026-09-26T15:58:47+00:00 [watchdog] driver turn #4: model=--model opencode/muse-spark-1.3-contributor-free | opencode run --session ses_f31799c77ffeTq9gcYgqc4hBhg
2026-09-26T15:58:47+00:00 [watchdog] driver turn #4 exited rc=1 (transcript 8878956->8879021B)
2026-09-26T15:58:47+00:00 [watchdog] turn rc=1 looks quota-limited -> rotate to opencode/ling-3.0-flash-fin-free (hit 3/3)
2026-09-26T15:58:47+00:00 [watchdog] driver giving up after 3 quota-limited runs; cron will retry
2026-09-26T15:58:47+00:00 [watchdog] driver ended after 4 turns (1 successful; rc=1)
2026-09-26T16:00:01+00:00 [watchdog] previous failure looks like quota/context exhaustion
2026-09-26T16:00:01+00:00 [watchdog] forcing free model: opencode/nemotron-3.5-lightning-free
2026-09-26T16:00:01+00:00 [watchdog] agent idle (hb 574s, transcript 74s, run_alive=0) -> launching driver (model_args='--model opencode/nemotron-3.5-lightning-free')
2026-09-26T16:00:01+00:00 [watchdog] driver turn #1: model=--model opencode/nemotron-3.5-lightning-free | opencode run fresh
2026-09-26T16:05:01+00:00 [watchdog] skipped: another driver holds the lock
2026-09-26T16:10:01+00:00 [watchdog] skipped: another driver holds the lock
2026-09-26T16:10:13+00:00 [watchdog] driver turn #1 exited rc=0 (transcript 8879021->8916948B)
2026-09-26T16:10:13+00:00 [watchdog] driver turn #2 healthy; next turn in 30s
2026-09-26T16:10:43+00:00 [watchdog] driver turn #2: model=--model opencode/big-pickle | opencode run --session ses_f31799c77ffeTq9gcYgqc4hBhg
2026-09-26T16:10:44+00:00 [watchdog] driver turn #2 exited rc=1 (transcript 8916948->8917013B)
2026-09-26T16:10:44+00:00 [watchdog] turn rc=1 looks quota-limited -> rotate to opencode/mimo-v2.6-flash-free (hit 1/3)
2026-09-26T16:10:44+00:00 [watchdog] driver turn #3: model=--model opencode/mimo-v2.6-flash-free | opencode run --session ses_f31799c77ffeTq9gcYgqc4hBhg
2026-09-26T16:10:44+00:00 [watchdog] driver turn #3 exited rc=1 (transcript 8917013->8917078B)
2026-09-26T16:10:44+00:00 [watchdog] turn rc=1 looks quota-limited -> rotate to opencode/muse-spark-1.3-contributor-free (hit 2/3)
2026-09-26T16:10:44+00:00 [watchdog] driver turn #4: model=--model opencode/muse-spark-1.3-contributor-free | opencode run --session ses_f31799c77ffeTq9gcYgqc4hBhg
2026-09-26T16:10:45+00:00 [watchdog] driver turn #4 exited rc=1 (transcript 8917078->8917143B)
2026-09-26T16:10:45+00:00 [watchdog] turn rc=1 looks quota-limited -> rotate to opencode/ling-3.0-flash-fin-free (hit 3/3)
2026-09-26T16:10:45+00:00 [watchdog] driver giving up after 3 quota-limited runs; cron will retry
2026-09-26T16:10:45+00:00 [watchdog] driver ended after 4 turns (1 successful; rc=1)
2026-09-26T16:13:02+00:00 [watchdog] previous failure looks like quota/context exhaustion
2026-09-26T16:13:02+00:00 [watchdog] forcing free model: opencode/nemotron-3.5-lightning-free
2026-09-26T16:13:02+00:00 [watchdog] agent idle (hb 1355s, transcript 137s, run_alive=0) -> launching driver (model_args='--model opencode/nemotron-3.5-lightning-free')
2026-09-26T16:13:02+00:00 [watchdog] driver turn #1: model=--model opencode/nemotron-3.5-lightning-free | opencode run fresh
2026-09-26T16:15:01+00:00 [watchdog] skipped: another driver holds the lock
2026-09-26T16:20:01+00:00 [watchdog] skipped: another driver holds the lock
2026-09-26T16:24:52+00:00 [watchdog] driver turn #1 exited rc=0 (transcript 8917143->8939363B)
2026-09-26T16:24:52+00:00 [watchdog] driver turn #2 healthy; next turn in 30s
2026-09-26T16:25:01+00:00 [watchdog] skipped: another driver holds the lock
2026-09-26T16:25:22+00:00 [watchdog] driver turn #2: model=--model opencode/big-pickle | opencode run --session ses_f31799c77ffeTq9gcYgqc4hBhg
2026-09-26T16:25:23+00:00 [watchdog] driver turn #2 exited rc=1 (transcript 8939363->8939428B)
2026-09-26T16:25:23+00:00 [watchdog] turn rc=1 looks quota-limited -> rotate to opencode/mimo-v2.6-flash-free (hit 1/3)
2026-09-26T16:25:23+00:00 [watchdog] driver turn #3: model=--model opencode/mimo-v2.6-flash-free | opencode run --session ses_f31799c77ffeTq9gcYgqc4hBhg
2026-09-26T16:25:23+00:00 [watchdog] driver turn #3 exited rc=1 (transcript 8939428->8939493B)
2026-09-26T16:25:23+00:00 [watchdog] turn rc=1 looks quota-limited -> rotate to opencode/muse-spark-1.3-contributor-free (hit 2/3)
2026-09-26T16:25:23+00:00 [watchdog] driver turn #4: model=--model opencode/muse-spark-1.3-contributor-free | opencode run --session ses_f31799c77ffeTq9gcYgqc4hBhg
2026-09-26T16:25:24+00:00 [watchdog] driver turn #4 exited rc=1 (transcript 8939493->8939558B)
2026-09-26T16:25:24+00:00 [watchdog] turn rc=1 looks quota-limited -> rotate to opencode/ling-3.0-flash-fin-free (hit 3/3)
2026-09-26T16:25:24+00:00 [watchdog] driver giving up after 3 quota-limited runs; cron will retry
2026-09-26T16:25:24+00:00 [watchdog] driver ended after 4 turns (1 successful; rc=1)
2026-09-26T16:30:01+00:00 [watchdog] previous failure looks like quota/context exhaustion
2026-09-26T16:30:01+00:00 [watchdog] forcing free model: opencode/nemotron-3.5-lightning-free
2026-09-26T16:30:01+00:00 [watchdog] agent idle (hb 2374s, transcript 277s, run_alive=0) -> launching driver (model_args='--model opencode/nemotron-3.5-lightning-free')
2026-09-26T16:30:01+00:00 [watchdog] driver turn #1: model=--model opencode/nemotron-3.5-lightning-free | opencode run fresh
2026-09-26T16:35:01+00:00 [watchdog] skipped: another driver holds the lock
2026-09-26T16:40:01+00:00 [watchdog] skipped: another driver holds the lock
2026-09-26T16:45:01+00:00 [watchdog] skipped: another driver holds the lock
2026-09-26T16:50:01+00:00 [watchdog] skipped: another driver holds the lock
2026-09-26T16:55:01+00:00 [watchdog] skipped: another driver holds the lock
2026-09-26T17:04:06+00:00 [watchdog] driver turn #1 exited rc=1 (transcript 8939558->8980302B)
2026-09-26T17:04:06+00:00 [watchdog] turn rc=1 looks quota-limited -> rotate to opencode/mimo-v2.6-flash-free (hit 1/3)
2026-09-26T17:04:06+00:00 [watchdog] driver: TASK_COMPLETE present, exiting
2026-09-26T17:04:06+00:00 [watchdog] driver ended after 1 turns (0 successful; rc=1)
2026-09-28T12:40:01+00:00 [watchdog] agent idle (hb 157104s, transcript 156955s, run_alive=0) -> launching driver (model_args='--model opencode/big-pickle')
2026-09-28T12:40:01+00:00 [watchdog] driver turn #1: model=--model opencode/big-pickle | opencode run --session ses_f31799c77ffeTq9gcYgqc4hBhg
2026-09-28T12:40:28+00:00 [watchdog] skipped: another driver holds the lock
2026-09-28T12:45:01+00:00 [watchdog] skipped: another driver holds the lock
2026-09-28T12:50:01+00:00 [watchdog] skipped: another driver holds the lock
2026-09-28T12:55:01+00:00 [watchdog] skipped: another driver holds the lock
2026-09-28T13:00:01+00:00 [watchdog] skipped: another driver holds the lock
2026-09-28T13:03:42+00:00 [watchdog] driver turn #1 exited rc=0 (transcript 8980302->9490352B)
2026-09-28T13:03:42+00:00 [watchdog] driver turn #2 healthy; next turn in 30s
2026-09-28T13:04:12+00:00 [watchdog] driver turn #2: model=--model opencode/big-pickle | opencode run --session ses_f31799c77ffeTq9gcYgqc4hBhg
2026-09-28T13:05:01+00:00 [watchdog] skipped: another driver holds the lock
2026-09-28T13:10:01+00:00 [watchdog] skipped: another driver holds the lock
2026-09-28T13:12:03+00:00 [watchdog] driver turn #2 exited rc=0 (transcript 9490352->9597733B)
2026-09-28T13:12:03+00:00 [watchdog] driver turn #3 healthy; next turn in 30s
2026-09-28T13:12:33+00:00 [watchdog] driver turn #3: model=--model opencode/big-pickle | opencode run --session ses_f31799c77ffeTq9gcYgqc4hBhg
2026-09-28T13:15:01+00:00 [watchdog] skipped: another driver holds the lock
2026-09-28T13:15:38+00:00 [watchdog] driver turn #3 exited rc=0 (transcript 9597733->9665488B)
2026-09-28T13:15:38+00:00 [watchdog] driver turn #4 healthy; next turn in 30s
