BINID	Tool	genome_id	length_gs	precision_bp	precision_seq	rank	recall_bp	recall_seq	sample_id	seq_counts_gs	seq_length_mean	total_length	total_seq_counts	tp_length	tp_seq_counts
vASV89.0	Gold standard	vASV89.0	73268	1.0	1.0	NA	1.0	1.0	cami3_toy_human_gut	1	73268.0	73268	1	73268	1
ASV102.6	Gold standard	ASV102.6	6745928	1.0	1.0	NA	1.0	1.0	cami3_toy_human_gut	1	6745928.0	6745928	1	6745928	1
ASV406.9	Gold standard	ASV406.9	6247033	1.0	1.0	NA	1.0	1.0	cami3_toy_human_gut	1	6247033.0	6247033	1	6247033	1
ASV102.0	Gold standard	ASV102.0	6031380	1.0	1.0	NA	1.0	1.0	cami3_toy_human_gut	1	6031380.0	6031380	1	6031380	1
ASV741.0	Gold standard	ASV741.0	5702623	1.0	1.0	NA	1.0	1.0	cami3_toy_human_gut	1	5702623.0	5702623	1	5702623	1
ASV689.8	Gold standard	ASV689.8	5486908	1.0	1.0	NA	1.0	1.0	cami3_toy_human_gut	1	5486908.0	5486908	1	5486908	1
hvASV2.3	Gold standard	hvASV2.3	79193	1.0	1.0	NA	1.0	1.0	cami3_toy_human_gut	1	79193.0	79193	1	79193	1
hvASV35.5	Gold standard	hvASV35.5	79308	1.0	1.0	NA	1.0	1.0	cami3_toy_human_gut	1	79308.0	79308	1	79308	1
ASV633.4	Gold standard	ASV633.4	79877	1.0	1.0	NA	1.0	1.0	cami3_toy_human_gut	1	79877.0	79877	1	79877	1
pASV22	Gold standard	pASV22	721823	1.0	1.0	NA	1.0	1.0	cami3_toy_human_gut	9	80202.55555555556	721823	9	721823	9
pASV21	Gold standard	pASV21	853431	1.0	1.0	NA	1.0	1.0	cami3_toy_human_gut	10	85343.1	853431	10	853431	10
pASV18	Gold standard	pASV18	687283	1.0	1.0	NA	1.0	1.0	cami3_toy_human_gut	8	85910.375	687283	8	687283	8
hvASV2.6	Gold standard	hvASV2.6	87994	1.0	1.0	NA	1.0	1.0	cami3_toy_human_gut	1	87994.0	87994	1	87994	1
fASV195.4	Gold standard	fASV195.4	478512	1.0	1.0	NA	1.0	1.0	cami3_toy_human_gut	6	79752.0	478512	6	478512	6
pASV43	Gold standard	pASV43	891308	1.0	1.0	NA	1.0	1.0	cami3_toy_human_gut	10	89130.8	891308	10	891308	10
vASV53.0	Gold standard	vASV53.0	89591	1.0	1.0	NA	1.0	1.0	cami3_toy_human_gut	1	89591.0	89591	1	89591	1
ASV486.9	Gold standard	ASV486.9	397083	1.0	1.0	NA	1.0	1.0	cami3_toy_human_gut	5	79416.6	397083	5	397083	5
pASV47	Gold standard	pASV47	91665	1.0	1.0	NA	1.0	1.0	cami3_toy_human_gut	1	91665.0	91665	1	91665	1
vASV1.0	Gold standard	vASV1.0	92107	1.0	1.0	NA	1.0	1.0	cami3_toy_human_gut	1	92107.0	92107	1	92107	1
hvASV10.8	Gold standard	hvASV10.8	92319	1.0	1.0	NA	1.0	1.0	cami3_toy_human_gut	1	92319.0	92319	1	92319	1
fASV201.11	Gold standard	fASV201.11	254972	1.0	1.0	NA	1.0	1.0	cami3_toy_human_gut	3	84990.66666666667	254972	3	254972	3
ASV557.6	Gold standard	ASV557.6	347895	1.0	1.0	NA	1.0	1.0	cami3_toy_human_gut	4	86973.75	347895	4	347895	4
ASV487.9	Gold standard	ASV487.9	2375994	1.0	1.0	NA	1.0	1.0	cami3_toy_human_gut	1	2375994.0	2375994	1	2375994	1
ASV596.2	Gold standard	ASV596.2	2389740	1.0	1.0	NA	1.0	1.0	cami3_toy_human_gut	1	2389740.0	2389740	1	2389740	1
fASV1.1	Gold standard	fASV1.1	32941721	1.0	1.0	NA	1.0	1.0	cami3_toy_human_gut	46	716124.3695652174	32941721	46	32941721	46
ASV575.3	Gold standard	ASV575.3	2522564	1.0	1.0	NA	1.0	1.0	cami3_toy_human_gut	1	2522564.0	2522564	1	2522564	1
ASV397.7	Gold standard	ASV397.7	2728625	1.0	1.0	NA	1.0	1.0	cami3_toy_human_gut	1	2728625.0	2728625	1	2728625	1
ASV829.2	Gold standard	ASV829.2	2763831	1.0	1.0	NA	1.0	1.0	cami3_toy_human_gut	1	2763831.0	2763831	1	2763831	1
ASV329.1	Gold standard	ASV329.1	2770501	1.0	1.0	NA	1.0	1.0	cami3_toy_human_gut	1	2770501.0	2770501	1	2770501	1
ASV329.2	Gold standard	ASV329.2	2770538	1.0	1.0	NA	1.0	1.0	cami3_toy_human_gut	1	2770538.0	2770538	1	2770538	1
ASV387.12	Gold standard	ASV387.12	2804088	1.0	1.0	NA	1.0	1.0	cami3_toy_human_gut	1	2804088.0	2804088	1	2804088	1
ASV166.14	Gold standard	ASV166.14	2857422	1.0	1.0	NA	1.0	1.0	cami3_toy_human_gut	1	2857422.0	2857422	1	2857422	1
ASV507.7	Gold standard	ASV507.7	2884779	1.0	1.0	NA	1.0	1.0	cami3_toy_human_gut	1	2884779.0	2884779	1	2884779	1
ASV507.13	Gold standard	ASV507.13	2955375	1.0	1.0	NA	1.0	1.0	cami3_toy_human_gut	1	2955375.0	2955375	1	2955375	1
ASV387.2	Gold standard	ASV387.2	2979783	1.0	1.0	NA	1.0	1.0	cami3_toy_human_gut	1	2979783.0	2979783	1	2979783	1
ASV507.6	Gold standard	ASV507.6	3063690	1.0	1.0	NA	1.0	1.0	cami3_toy_human_gut	1	3063690.0	3063690	1	3063690	1
ASV507.8	Gold standard	ASV507.8	3065878	1.0	1.0	NA	1.0	1.0	cami3_toy_human_gut	1	3065878.0	3065878	1	3065878	1
ASV712.0	Gold standard	ASV712.0	4362030	1.0	1.0	NA	1.0	1.0	cami3_toy_human_gut	4	1090507.5	4362030	4	4362030	4
fASV201.0	Gold standard	fASV201.0	28223738	1.0	1.0	NA	1.0	1.0	cami3_toy_human_gut	81	348441.2098765432	28223738	81	28223738	81
ASV466.2	Gold standard	ASV466.2	3158085	1.0	1.0	NA	1.0	1.0	cami3_toy_human_gut	5	631617.0	3158085	5	3158085	5
fASV195.7	Gold standard	fASV195.7	27476681	1.0	1.0	NA	1.0	1.0	cami3_toy_human_gut	67	410099.7164179105	27476681	67	27476681	67
ASV134.7	Gold standard	ASV134.7	5321364	1.0	1.0	NA	1.0	1.0	cami3_toy_human_gut	10	532136.4	5321364	10	5321364	10
ASV137.1	Gold standard	ASV137.1	4785079	1.0	1.0	NA	1.0	1.0	cami3_toy_human_gut	11	435007.1818181818	4785079	11	4785079	11
fASV196.1	Gold standard	fASV196.1	26927985	1.0	1.0	NA	1.0	1.0	cami3_toy_human_gut	77	349714.0909090909	26927985	77	26927985	77
fASV197.5	Gold standard	fASV197.5	33775971	1.0	1.0	NA	1.0	1.0	cami3_toy_human_gut	78	433025.26923076925	33775971	78	33775971	78
fASV201.8	Gold standard	fASV201.8	27893337	1.0	1.0	NA	1.0	1.0	cami3_toy_human_gut	86	324341.12790697673	27893337	86	27893337	86
ASV743.3	Gold standard	ASV743.3	4865002	1.0	1.0	NA	1.0	1.0	cami3_toy_human_gut	5	973000.4	4865002	5	4865002	5
fASV200.0	Gold standard	fASV200.0	26027742	1.0	1.0	NA	1.0	1.0	cami3_toy_human_gut	66	394359.7272727273	26027742	66	26027742	66
ASV487.0	Gold standard	ASV487.0	1501006	1.0	1.0	NA	1.0	1.0	cami3_toy_human_gut	1	1501006.0	1501006	1	1501006	1
ASV689.14	Gold standard	ASV689.14	4620835	1.0	1.0	NA	1.0	1.0	cami3_toy_human_gut	4	1155208.75	4620835	4	4620835	4
ASV442.8	Gold standard	ASV442.8	3704670	1.0	1.0	NA	1.0	1.0	cami3_toy_human_gut	5	740934.0	3704670	5	3704670	5
ASV627.11	Gold standard	ASV627.11	2045976	1.0	1.0	NA	1.0	1.0	cami3_toy_human_gut	1	2045976.0	2045976	1	2045976	1
ASV577.0	Gold standard	ASV577.0	2305307	1.0	1.0	NA	1.0	1.0	cami3_toy_human_gut	1	2305307.0	2305307	1	2305307	1
ASV579.0	Gold standard	ASV579.0	2345868	1.0	1.0	NA	1.0	1.0	cami3_toy_human_gut	1	2345868.0	2345868	1	2345868	1
ASV406.19	Gold standard	ASV406.19	3131293	1.0	1.0	NA	1.0	1.0	cami3_toy_human_gut	16	195705.8125	3131293	16	3131293	16
ASV406.17	Gold standard	ASV406.17	3088723	1.0	1.0	NA	1.0	1.0	cami3_toy_human_gut	13	237594.07692307694	3088723	13	3088723	13
ASV547.4	Gold standard	ASV547.4	3332933	1.0	1.0	NA	1.0	1.0	cami3_toy_human_gut	11	302993.9090909091	3332933	11	3332933	11
ASV102.2	Gold standard	ASV102.2	4682208	1.0	1.0	NA	1.0	1.0	cami3_toy_human_gut	18	260122.66666666666	4682208	18	4682208	18
ASV406.10	Gold standard	ASV406.10	3383993	1.0	1.0	NA	1.0	1.0	cami3_toy_human_gut	10	338399.3	3383993	10	3383993	10
ASV540.6	Gold standard	ASV540.6	2708445	1.0	1.0	NA	1.0	1.0	cami3_toy_human_gut	10	270844.5	2708445	10	2708445	10
pASV1	Gold standard	pASV1	8609156	1.0	1.0	NA	1.0	1.0	cami3_toy_human_gut	10	860915.6	8609156	10	8609156	10
ASV406.12	Gold standard	ASV406.12	3301084	1.0	1.0	NA	1.0	1.0	cami3_toy_human_gut	14	235791.7142857143	3301084	14	3301084	14
ASV540.5	Gold standard	ASV540.5	2526336	1.0	1.0	NA	1.0	1.0	cami3_toy_human_gut	10	252633.6	2526336	10	2526336	10
ASV476.9	Gold standard	ASV476.9	2758000	1.0	1.0	NA	1.0	1.0	cami3_toy_human_gut	9	306444.44444444444	2758000	9	2758000	9
ASV484.1	Gold standard	ASV484.1	2963739	1.0	1.0	NA	1.0	1.0	cami3_toy_human_gut	11	269430.8181818182	2963739	11	2963739	11
ASV102.16	Gold standard	ASV102.16	4745671	1.0	1.0	NA	1.0	1.0	cami3_toy_human_gut	12	395472.5833333333	4745671	12	4745671	12
ASV23.6	Gold standard	ASV23.6	1872628	1.0	1.0	NA	1.0	1.0	cami3_toy_human_gut	7	267518.28571428574	1872628	7	1872628	7
ASV134.4	Gold standard	ASV134.4	4907903	1.0	1.0	NA	1.0	1.0	cami3_toy_human_gut	18	272661.27777777775	4907903	18	4907903	18
ASV426.9	Gold standard	ASV426.9	3188105	1.0	1.0	NA	1.0	1.0	cami3_toy_human_gut	6	531350.8333333334	3188105	6	3188105	6
fASV199.4	Gold standard	fASV199.4	29206789	1.0	1.0	NA	1.0	1.0	cami3_toy_human_gut	96	304237.3854166667	29206789	96	29206789	96
ASV406.4	Gold standard	ASV406.4	3088357	1.0	1.0	NA	1.0	1.0	cami3_toy_human_gut	15	205890.46666666667	3088357	15	3088357	15
ASV102.8	Gold standard	ASV102.8	4608498	1.0	1.0	NA	1.0	1.0	cami3_toy_human_gut	22	209477.18181818182	4608498	22	4608498	22
ASV547.3	Gold standard	ASV547.3	2968990	1.0	1.0	NA	1.0	1.0	cami3_toy_human_gut	12	247415.83333333334	2968990	12	2968990	12
ASV174.2	Gold standard	ASV174.2	6217483	1.0	1.0	NA	1.0	1.0	cami3_toy_human_gut	29	214395.9655172414	6217483	29	6217483	29
ASV23.8	Gold standard	ASV23.8	1774064	1.0	1.0	NA	1.0	1.0	cami3_toy_human_gut	8	221758.0	1774064	8	1774064	8
ASV1.17	Gold standard	ASV1.17	4303635	1.0	1.0	NA	1.0	1.0	cami3_toy_human_gut	20	215181.75	4303635	20	4303635	20
ASV337.1	Gold standard	ASV337.1	2667298	1.0	1.0	NA	1.0	1.0	cami3_toy_human_gut	12	222274.83333333334	2667298	12	2667298	12
ASV153.5	Gold standard	ASV153.5	4305643	1.0	1.0	NA	1.0	1.0	cami3_toy_human_gut	19	226612.7894736842	4305643	19	4305643	19
ASV570.9	Gold standard	ASV570.9	2445653	1.0	1.0	NA	1.0	1.0	cami3_toy_human_gut	9	271739.22222222225	2445653	9	2445653	9
ASV23.3	Gold standard	ASV23.3	1847078	1.0	1.0	NA	1.0	1.0	cami3_toy_human_gut	9	205230.88888888888	1847078	9	1847078	9
ASV102.11	Gold standard	ASV102.11	4497384	1.0	1.0	NA	1.0	1.0	cami3_toy_human_gut	15	299825.6	4497384	15	4497384	15
ASV547.10	Gold standard	ASV547.10	1924087	1.0	1.0	NA	1.0	1.0	cami3_toy_human_gut	5	384817.4	1924087	5	1924087	5
ASV300.0	Gold standard	ASV300.0	3033246	1.0	1.0	NA	1.0	1.0	cami3_toy_human_gut	10	303324.6	3033246	10	3033246	10
ASV476.1	Gold standard	ASV476.1	3358928	1.0	1.0	NA	1.0	1.0	cami3_toy_human_gut	15	223928.53333333333	3358928	15	3358928	15
ASV484.8	Gold standard	ASV484.8	2659504	1.0	1.0	NA	1.0	1.0	cami3_toy_human_gut	12	221625.33333333334	2659504	12	2659504	12
ASV507.11	Gold standard	ASV507.11	2666506	1.0	1.0	NA	1.0	1.0	cami3_toy_human_gut	11	242409.63636363635	2666506	11	2666506	11
ASV387.10	Gold standard	ASV387.10	3105987	1.0	1.0	NA	1.0	1.0	cami3_toy_human_gut	15	207065.8	3105987	15	3105987	15
ASV258.15	Gold standard	ASV258.15	2483583	1.0	1.0	NA	1.0	1.0	cami3_toy_human_gut	14	177398.7857142857	2483583	14	2483583	14
ASV300.7	Gold standard	ASV300.7	3457856	1.0	1.0	NA	1.0	1.0	cami3_toy_human_gut	18	192103.11111111112	3457856	18	3457856	18
ASV174.5	Gold standard	ASV174.5	4233678	1.0	1.0	NA	1.0	1.0	cami3_toy_human_gut	24	176403.25	4233678	24	4233678	24
ASV334.12	Gold standard	ASV334.12	2478924	1.0	1.0	NA	1.0	1.0	cami3_toy_human_gut	14	177066.0	2478924	14	2478924	14
ASV102.7	Gold standard	ASV102.7	3850252	1.0	1.0	NA	1.0	1.0	cami3_toy_human_gut	19	202644.84210526315	3850252	19	3850252	19
ASV23.1	Gold standard	ASV23.1	1826192	1.0	1.0	NA	1.0	1.0	cami3_toy_human_gut	6	304365.3333333333	1826192	6	1826192	6
ASV487.8	Gold standard	ASV487.8	2360113	1.0	1.0	NA	1.0	1.0	cami3_toy_human_gut	12	196676.08333333334	2360113	12	2360113	12
ASV166.15	Gold standard	ASV166.15	3630475	1.0	1.0	NA	1.0	1.0	cami3_toy_human_gut	15	242031.66666666666	3630475	15	3630475	15
ASV166.4	Gold standard	ASV166.4	3366787	1.0	1.0	NA	1.0	1.0	cami3_toy_human_gut	13	258983.61538461538	3366787	13	3366787	13
ASV387.1	Gold standard	ASV387.1	2902411	1.0	1.0	NA	1.0	1.0	cami3_toy_human_gut	10	290241.1	2902411	10	2902411	10
ASV399.2	Gold standard	ASV399.2	3101643	1.0	1.0	NA	1.0	1.0	cami3_toy_human_gut	10	310164.3	3101643	10	3101643	10
ASV487.5	Gold standard	ASV487.5	2586874	1.0	1.0	NA	1.0	1.0	cami3_toy_human_gut	15	172458.26666666666	2586874	15	2586874	15
ASV456.0	Gold standard	ASV456.0	2807434	1.0	1.0	NA	1.0	1.0	cami3_toy_human_gut	15	187162.26666666666	2807434	15	2807434	15
ASV406.3	Gold standard	ASV406.3	5007171	1.0	1.0	NA	1.0	1.0	cami3_toy_human_gut	23	217703.08695652173	5007171	23	5007171	23
ASV166.16	Gold standard	ASV166.16	3252003	1.0	1.0	NA	1.0	1.0	cami3_toy_human_gut	13	250154.07692307694	3252003	13	3252003	13
ASV406.6	Gold standard	ASV406.6	2417162	1.0	1.0	NA	1.0	1.0	cami3_toy_human_gut	15	161144.13333333333	2417162	15	2417162	15
ASV99.2	Gold standard	ASV99.2	3410654	1.0	1.0	NA	1.0	1.0	cami3_toy_human_gut	21	162412.09523809524	3410654	21	3410654	21
ASV387.6	Gold standard	ASV387.6	2852784	1.0	1.0	NA	1.0	1.0	cami3_toy_human_gut	16	178299.0	2852784	16	2852784	16
ASV596.4	Gold standard	ASV596.4	2457412	1.0	1.0	NA	1.0	1.0	cami3_toy_human_gut	10	245741.2	2457412	10	2457412	10
ASV266.11	Gold standard	ASV266.11	1768028	1.0	1.0	NA	1.0	1.0	cami3_toy_human_gut	6	294671.3333333333	1768028	6	1768028	6
ASV426.8	Gold standard	ASV426.8	2247887	1.0	1.0	NA	1.0	1.0	cami3_toy_human_gut	13	172914.38461538462	2247887	13	2247887	13
ASV406.2	Gold standard	ASV406.2	2906457	1.0	1.0	NA	1.0	1.0	cami3_toy_human_gut	14	207604.07142857142	2906457	14	2906457	14
ASV174.3	Gold standard	ASV174.3	4193471	1.0	1.0	NA	1.0	1.0	cami3_toy_human_gut	24	174727.95833333334	4193471	24	4193471	24
ASV174.1	Gold standard	ASV174.1	4220385	1.0	1.0	NA	1.0	1.0	cami3_toy_human_gut	22	191835.68181818182	4220385	22	4220385	22
ASV578.5	Gold standard	ASV578.5	2576162	1.0	1.0	NA	1.0	1.0	cami3_toy_human_gut	9	286240.22222222225	2576162	9	2576162	9
ASV329.0	Gold standard	ASV329.0	2703345	1.0	1.0	NA	1.0	1.0	cami3_toy_human_gut	11	245758.63636363635	2703345	11	2703345	11
ASV406.13	Gold standard	ASV406.13	2839406	1.0	1.0	NA	1.0	1.0	cami3_toy_human_gut	16	177462.875	2839406	16	2839406	16
ASV166.5	Gold standard	ASV166.5	3163324	1.0	1.0	NA	1.0	1.0	cami3_toy_human_gut	14	225951.7142857143	3163324	14	3163324	14
ASV596.0	Gold standard	ASV596.0	2690917	1.0	1.0	NA	1.0	1.0	cami3_toy_human_gut	12	224243.08333333334	2690917	12	2690917	12
ASV487.2	Gold standard	ASV487.2	3023629	1.0	1.0	NA	1.0	1.0	cami3_toy_human_gut	20	151181.45	3023629	20	3023629	20
ASV829.12	Gold standard	ASV829.12	1961126	1.0	1.0	NA	1.0	1.0	cami3_toy_human_gut	9	217902.88888888888	1961126	9	1961126	9
ASV174.17	Gold standard	ASV174.17	5697903	1.0	1.0	NA	1.0	1.0	cami3_toy_human_gut	30	189930.1	5697903	30	5697903	30
ASV829.9	Gold standard	ASV829.9	2337732	1.0	1.0	NA	1.0	1.0	cami3_toy_human_gut	11	212521.0909090909	2337732	11	2337732	11
ASV486.6	Gold standard	ASV486.6	3187574	1.0	1.0	NA	1.0	1.0	cami3_toy_human_gut	15	212504.93333333332	3187574	15	3187574	15
ASV476.8	Gold standard	ASV476.8	3585607	1.0	1.0	NA	1.0	1.0	cami3_toy_human_gut	17	210918.0588235294	3585607	17	3585607	17
ASV743.5	Gold standard	ASV743.5	4029434	1.0	1.0	NA	1.0	1.0	cami3_toy_human_gut	24	167893.08333333334	4029434	24	4029434	24
ASV507.4	Gold standard	ASV507.4	2642347	1.0	1.0	NA	1.0	1.0	cami3_toy_human_gut	12	220195.58333333334	2642347	12	2642347	12
ASV387.7	Gold standard	ASV387.7	2402403	1.0	1.0	NA	1.0	1.0	cami3_toy_human_gut	13	184800.23076923078	2402403	13	2402403	13
ASV153.2	Gold standard	ASV153.2	4298524	1.0	1.0	NA	1.0	1.0	cami3_toy_human_gut	16	268657.75	4298524	16	4298524	16
ASV507.9	Gold standard	ASV507.9	2653447	1.0	1.0	NA	1.0	1.0	cami3_toy_human_gut	16	165840.4375	2653447	16	2653447	16
ASV431.3	Gold standard	ASV431.3	2661444	1.0	1.0	NA	1.0	1.0	cami3_toy_human_gut	16	166340.25	2661444	16	2661444	16
ASV102.4	Gold standard	ASV102.4	5566746	1.0	1.0	NA	1.0	1.0	cami3_toy_human_gut	30	185558.2	5566746	30	5566746	30
ASV399.0	Gold standard	ASV399.0	2074936	1.0	1.0	NA	1.0	1.0	cami3_toy_human_gut	10	207493.6	2074936	10	2074936	10
ASV266.8	Gold standard	ASV266.8	2063727	1.0	1.0	NA	1.0	1.0	cami3_toy_human_gut	9	229303.0	2063727	9	2063727	9
ASV442.9	Gold standard	ASV442.9	2259657	1.0	1.0	NA	1.0	1.0	cami3_toy_human_gut	15	150643.8	2259657	15	2259657	15
ASV300.10	Gold standard	ASV300.10	2500356	1.0	1.0	NA	1.0	1.0	cami3_toy_human_gut	10	250035.6	2500356	10	2500356	10
ASV387.4	Gold standard	ASV387.4	6034584	1.0	1.0	NA	1.0	1.0	cami3_toy_human_gut	26	232099.38461538462	6034584	26	6034584	26
ASV166.1	Gold standard	ASV166.1	2741463	1.0	1.0	NA	1.0	1.0	cami3_toy_human_gut	15	182764.2	2741463	15	2741463	15
ASV102.3	Gold standard	ASV102.3	3893444	1.0	1.0	NA	1.0	1.0	cami3_toy_human_gut	20	194672.2	3893444	20	3893444	20
ASV426.5	Gold standard	ASV426.5	2178155	1.0	1.0	NA	1.0	1.0	cami3_toy_human_gut	13	167550.38461538462	2178155	13	2178155	13
ASV406.8	Gold standard	ASV406.8	2717903	1.0	1.0	NA	1.0	1.0	cami3_toy_human_gut	16	169868.9375	2717903	16	2717903	16
ASV300.5	Gold standard	ASV300.5	3009941	1.0	1.0	NA	1.0	1.0	cami3_toy_human_gut	19	158417.94736842104	3009941	19	3009941	19
ASV102.9	Gold standard	ASV102.9	5231169	1.0	1.0	NA	1.0	1.0	cami3_toy_human_gut	30	174372.3	5231169	30	5231169	30
ASV507.10	Gold standard	ASV507.10	2513639	1.0	1.0	NA	1.0	1.0	cami3_toy_human_gut	13	193356.84615384616	2513639	13	2513639	13
ASV102.18	Gold standard	ASV102.18	5337746	1.0	1.0	NA	1.0	1.0	cami3_toy_human_gut	28	190633.7857142857	5337746	28	5337746	28
ASV102.10	Gold standard	ASV102.10	5140303	1.0	1.0	NA	1.0	1.0	cami3_toy_human_gut	33	155766.75757575757	5140303	33	5140303	33
ASV102.13	Gold standard	ASV102.13	5596490	1.0	1.0	NA	1.0	1.0	cami3_toy_human_gut	31	180531.93548387097	5596490	31	5596490	31
ASV149.1	Gold standard	ASV149.1	2528289	1.0	1.0	NA	1.0	1.0	cami3_toy_human_gut	13	194483.76923076922	2528289	13	2528289	13
ASV153.8	Gold standard	ASV153.8	5265715	1.0	1.0	NA	1.0	1.0	cami3_toy_human_gut	29	181576.37931034484	5265715	29	5265715	29
ASV397.10	Gold standard	ASV397.10	2418765	1.0	1.0	NA	1.0	1.0	cami3_toy_human_gut	11	219887.72727272726	2418765	11	2418765	11
ASV406.0	Gold standard	ASV406.0	3273283	1.0	1.0	NA	1.0	1.0	cami3_toy_human_gut	20	163664.15	3273283	20	3273283	20
ASV406.16	Gold standard	ASV406.16	2926974	1.0	1.0	NA	1.0	1.0	cami3_toy_human_gut	15	195131.6	2926974	15	2926974	15
ASV689.5	Gold standard	ASV689.5	4209819	1.0	1.0	NA	1.0	1.0	cami3_toy_human_gut	19	221569.42105263157	4209819	19	4209819	19
ASV406.14	Gold standard	ASV406.14	4962028	1.0	1.0	NA	1.0	1.0	cami3_toy_human_gut	27	183778.8148148148	4962028	27	4962028	27
ASV547.2	Gold standard	ASV547.2	2338465	1.0	1.0	NA	1.0	1.0	cami3_toy_human_gut	14	167033.2142857143	2338465	14	2338465	14
ASV387.11	Gold standard	ASV387.11	2550096	1.0	1.0	NA	1.0	1.0	cami3_toy_human_gut	17	150005.64705882352	2550096	17	2550096	17
ASV124.2	Gold standard	ASV124.2	3406023	1.0	1.0	NA	1.0	1.0	cami3_toy_human_gut	25	136240.92	3406023	25	3406023	25
ASV830.6	Gold standard	ASV830.6	2262184	1.0	1.0	NA	1.0	1.0	cami3_toy_human_gut	13	174014.15384615384	2262184	13	2262184	13
ASV743.2	Gold standard	ASV743.2	3891430	1.0	1.0	NA	1.0	1.0	cami3_toy_human_gut	23	169192.60869565216	3891430	23	3891430	23
ASV507.0	Gold standard	ASV507.0	1738196	1.0	1.0	NA	1.0	1.0	cami3_toy_human_gut	12	144849.66666666666	1738196	12	1738196	12
ASV290.9	Gold standard	ASV290.9	2147024	1.0	1.0	NA	1.0	1.0	cami3_toy_human_gut	7	306717.71428571426	2147024	7	2147024	7
ASV406.11	Gold standard	ASV406.11	3672010	1.0	1.0	NA	1.0	1.0	cami3_toy_human_gut	22	166909.54545454544	3672010	22	3672010	22
ASV487.7	Gold standard	ASV487.7	2627047	1.0	1.0	NA	1.0	1.0	cami3_toy_human_gut	18	145947.05555555556	2627047	18	2627047	18
ASV442.10	Gold standard	ASV442.10	2135069	1.0	1.0	NA	1.0	1.0	cami3_toy_human_gut	12	177922.41666666666	2135069	12	2135069	12
ASV444.11	Gold standard	ASV444.11	4106414	1.0	1.0	NA	1.0	1.0	cami3_toy_human_gut	27	152089.40740740742	4106414	27	4106414	27
ASV829.7	Gold standard	ASV829.7	2556838	1.0	1.0	NA	1.0	1.0	cami3_toy_human_gut	11	232439.81818181818	2556838	11	2556838	11
ASV451.6	Gold standard	ASV451.6	2947821	1.0	1.0	NA	1.0	1.0	cami3_toy_human_gut	15	196521.4	2947821	15	2947821	15
ASV547.11	Gold standard	ASV547.11	2067837	1.0	1.0	NA	1.0	1.0	cami3_toy_human_gut	11	187985.18181818182	2067837	11	2067837	11
ASV387.5	Gold standard	ASV387.5	2707190	1.0	1.0	NA	1.0	1.0	cami3_toy_human_gut	15	180479.33333333334	2707190	15	2707190	15
ASV476.7	Gold standard	ASV476.7	3529257	1.0	1.0	NA	1.0	1.0	cami3_toy_human_gut	17	207603.35294117648	3529257	17	3529257	17
ASV810.2	Gold standard	ASV810.2	4155722	1.0	1.0	NA	1.0	1.0	cami3_toy_human_gut	30	138524.06666666668	4155722	30	4155722	30
ASV436.0	Gold standard	ASV436.0	3129519	1.0	1.0	NA	1.0	1.0	cami3_toy_human_gut	21	149024.7142857143	3129519	21	3129519	21
ASV487.1	Gold standard	ASV487.1	3242257	1.0	1.0	NA	1.0	1.0	cami3_toy_human_gut	18	180125.38888888888	3242257	18	3242257	18
ASV507.12	Gold standard	ASV507.12	2435196	1.0	1.0	NA	1.0	1.0	cami3_toy_human_gut	15	162346.4	2435196	15	2435196	15
ASV300.6	Gold standard	ASV300.6	2351154	1.0	1.0	NA	1.0	1.0	cami3_toy_human_gut	16	146947.125	2351154	16	2351154	16
ASV397.2	Gold standard	ASV397.2	2587221	1.0	1.0	NA	1.0	1.0	cami3_toy_human_gut	14	184801.5	2587221	14	2587221	14
ASV174.4	Gold standard	ASV174.4	4186664	1.0	1.0	NA	1.0	1.0	cami3_toy_human_gut	27	155061.62962962964	4186664	27	4186664	27
ASV102.1	Gold standard	ASV102.1	4063681	1.0	1.0	NA	1.0	1.0	cami3_toy_human_gut	22	184712.77272727274	4063681	22	4063681	22
ASV102.17	Gold standard	ASV102.17	4364788	1.0	1.0	NA	1.0	1.0	cami3_toy_human_gut	23	189773.39130434784	4364788	23	4364788	23
ASV829.3	Gold standard	ASV829.3	2561476	1.0	1.0	NA	1.0	1.0	cami3_toy_human_gut	12	213456.33333333334	2561476	12	2561476	12
ASV387.9	Gold standard	ASV387.9	2580035	1.0	1.0	NA	1.0	1.0	cami3_toy_human_gut	16	161252.1875	2580035	16	2580035	16
ASV507.3	Gold standard	ASV507.3	2224732	1.0	1.0	NA	1.0	1.0	cami3_toy_human_gut	14	158909.42857142858	2224732	14	2224732	14
ASV547.8	Gold standard	ASV547.8	1954202	1.0	1.0	NA	1.0	1.0	cami3_toy_human_gut	12	162850.16666666666	1954202	12	1954202	12
ASV426.3	Gold standard	ASV426.3	2645975	1.0	1.0	NA	1.0	1.0	cami3_toy_human_gut	19	139261.84210526315	2645975	19	2645975	19
ASV406.7	Gold standard	ASV406.7	2808131	1.0	1.0	NA	1.0	1.0	cami3_toy_human_gut	18	156007.27777777778	2808131	18	2808131	18
ASV442.11	Gold standard	ASV442.11	2845929	1.0	1.0	NA	1.0	1.0	cami3_toy_human_gut	19	149785.73684210525	2845929	19	2845929	19
ASV399.8	Gold standard	ASV399.8	2420478	1.0	1.0	NA	1.0	1.0	cami3_toy_human_gut	13	186190.61538461538	2420478	13	2420478	13
ASV127.7	Gold standard	ASV127.7	2596005	1.0	1.0	NA	1.0	1.0	cami3_toy_human_gut	19	136631.84210526315	2596005	19	2596005	19
ASV406.5	Gold standard	ASV406.5	2671418	1.0	1.0	NA	1.0	1.0	cami3_toy_human_gut	19	140600.94736842104	2671418	19	2671418	19
ASV150.10	Gold standard	ASV150.10	4082887	1.0	1.0	NA	1.0	1.0	cami3_toy_human_gut	27	151218.03703703705	4082887	27	4082887	27
ASV74.6	Gold standard	ASV74.6	1500136	1.0	1.0	NA	1.0	1.0	cami3_toy_human_gut	8	187517.0	1500136	8	1500136	8
ASV174.19	Gold standard	ASV174.19	3607603	1.0	1.0	NA	1.0	1.0	cami3_toy_human_gut	28	128842.96428571429	3607603	28	3607603	28
ASV406.15	Gold standard	ASV406.15	2603899	1.0	1.0	NA	1.0	1.0	cami3_toy_human_gut	19	137047.31578947368	2603899	19	2603899	19
ASV102.5	Gold standard	ASV102.5	5639524	1.0	1.0	NA	1.0	1.0	cami3_toy_human_gut	33	170894.66666666666	5639524	33	5639524	33
ASV166.9	Gold standard	ASV166.9	2715462	1.0	1.0	NA	1.0	1.0	cami3_toy_human_gut	13	208881.6923076923	2715462	13	2715462	13
ASV487.4	Gold standard	ASV487.4	3365421	1.0	1.0	NA	1.0	1.0	cami3_toy_human_gut	24	140225.875	3365421	24	3365421	24
ASV128.1	Gold standard	ASV128.1	3434328	1.0	1.0	NA	1.0	1.0	cami3_toy_human_gut	23	149318.60869565216	3434328	23	3434328	23
ASV515.1	Gold standard	ASV515.1	1632051	1.0	1.0	NA	1.0	1.0	cami3_toy_human_gut	9	181339.0	1632051	9	1632051	9
ASV484.7	Gold standard	ASV484.7	2456727	1.0	1.0	NA	1.0	1.0	cami3_toy_human_gut	15	163781.8	2456727	15	2456727	15
ASV290.3	Gold standard	ASV290.3	1688057	1.0	1.0	NA	1.0	1.0	cami3_toy_human_gut	9	187561.88888888888	1688057	9	1688057	9
ASV102.14	Gold standard	ASV102.14	5047966	1.0	1.0	NA	1.0	1.0	cami3_toy_human_gut	32	157748.9375	5047966	32	5047966	32
ASV426.7	Gold standard	ASV426.7	2185570	1.0	1.0	NA	1.0	1.0	cami3_toy_human_gut	14	156112.14285714287	2185570	14	2185570	14
ASV484.0	Gold standard	ASV484.0	2273690	1.0	1.0	NA	1.0	1.0	cami3_toy_human_gut	14	162406.42857142858	2273690	14	2273690	14
ASV596.7	Gold standard	ASV596.7	1777493	1.0	1.0	NA	1.0	1.0	cami3_toy_human_gut	10	177749.3	1777493	10	1777493	10
ASV102.15	Gold standard	ASV102.15	5129716	1.0	1.0	NA	1.0	1.0	cami3_toy_human_gut	33	155445.9393939394	5129716	33	5129716	33
ASV73.2	Gold standard	ASV73.2	1904171	1.0	1.0	NA	1.0	1.0	cami3_toy_human_gut	12	158680.91666666666	1904171	12	1904171	12
ASV830.3	Gold standard	ASV830.3	1676455	1.0	1.0	NA	1.0	1.0	cami3_toy_human_gut	12	139704.58333333334	1676455	12	1676455	12
ASV484.3	Gold standard	ASV484.3	1581389	1.0	1.0	NA	1.0	1.0	cami3_toy_human_gut	12	131782.41666666666	1581389	12	1581389	12
ASV540.7	Gold standard	ASV540.7	1560717	1.0	1.0	NA	1.0	1.0	cami3_toy_human_gut	12	130059.75	1560717	12	1560717	12
ASV290.8	Gold standard	ASV290.8	1123324	1.0	1.0	NA	1.0	1.0	cami3_toy_human_gut	7	160474.85714285713	1123324	7	1123324	7
ASV87.3	Gold standard	ASV87.3	1982685	1.0	1.0	NA	1.0	1.0	cami3_toy_human_gut	12	165223.75	1982685	12	1982685	12
fASV195.9	Gold standard	fASV195.9	16405735	1.0	1.0	NA	1.0	1.0	cami3_toy_human_gut	135	121523.96296296296	16405735	135	16405735	135
ASV655.14	Gold standard	ASV655.14	4237416	1.0	1.0	NA	1.0	1.0	cami3_toy_human_gut	27	156941.33333333334	4237416	27	4237416	27
ASV387.3	Gold standard	ASV387.3	2803296	1.0	1.0	NA	1.0	1.0	cami3_toy_human_gut	15	186886.4	2803296	15	2803296	15
ASV101.1	Gold standard	ASV101.1	3817224	1.0	1.0	NA	1.0	1.0	cami3_toy_human_gut	27	141378.66666666666	3817224	27	3817224	27
ASV300.9	Gold standard	ASV300.9	2619296	1.0	1.0	NA	1.0	1.0	cami3_toy_human_gut	20	130964.8	2619296	20	2619296	20
fASV198.4	Gold standard	fASV198.4	7488736	1.0	1.0	NA	1.0	1.0	cami3_toy_human_gut	50	149774.72	7488736	50	7488736	50
vASV59.0	Gold standard	vASV59.0	286782	1.0	1.0	NA	1.0	1.0	cami3_toy_human_gut	1	286782.0	286782	1	286782	1
ASV829.6	Gold standard	ASV829.6	2387704	1.0	1.0	NA	1.0	1.0	cami3_toy_human_gut	15	159180.26666666666	2387704	15	2387704	15
ASV300.2	Gold standard	ASV300.2	2099723	1.0	1.0	NA	1.0	1.0	cami3_toy_human_gut	15	139981.53333333333	2099723	15	2099723	15
ASV487.10	Gold standard	ASV487.10	2758606	1.0	1.0	NA	1.0	1.0	cami3_toy_human_gut	20	137930.3	2758606	20	2758606	20
ASV487.3	Gold standard	ASV487.3	2952839	1.0	1.0	NA	1.0	1.0	cami3_toy_human_gut	21	140611.38095238095	2952839	21	2952839	21
ASV507.5	Gold standard	ASV507.5	2362778	1.0	1.0	NA	1.0	1.0	cami3_toy_human_gut	15	157518.53333333333	2362778	15	2362778	15
ASV387.8	Gold standard	ASV387.8	2725564	1.0	1.0	NA	1.0	1.0	cami3_toy_human_gut	19	143450.73684210525	2725564	19	2725564	19
ASV547.7	Gold standard	ASV547.7	1546995	1.0	1.0	NA	1.0	1.0	cami3_toy_human_gut	10	154699.5	1546995	10	1546995	10
ASV149.2	Gold standard	ASV149.2	2852967	1.0	1.0	NA	1.0	1.0	cami3_toy_human_gut	17	167821.58823529413	2852967	17	2852967	17
ASV507.1	Gold standard	ASV507.1	2031511	1.0	1.0	NA	1.0	1.0	cami3_toy_human_gut	15	135434.06666666668	2031511	15	2031511	15
ASV124.11	Gold standard	ASV124.11	3852026	1.0	1.0	NA	1.0	1.0	cami3_toy_human_gut	30	128400.86666666667	3852026	30	3852026	30
ASV410.0	Gold standard	ASV410.0	3081434	1.0	1.0	NA	1.0	1.0	cami3_toy_human_gut	18	171190.77777777778	3081434	18	3081434	18
ASV442.5	Gold standard	ASV442.5	2313622	1.0	1.0	NA	1.0	1.0	cami3_toy_human_gut	15	154241.46666666667	2313622	15	2313622	15
ASV150.14	Gold standard	ASV150.14	4503050	1.0	1.0	NA	1.0	1.0	cami3_toy_human_gut	33	136456.0606060606	4503050	33	4503050	33
ASV484.9	Gold standard	ASV484.9	2286028	1.0	1.0	NA	1.0	1.0	cami3_toy_human_gut	14	163287.7142857143	2286028	14	2286028	14
vASV77.0	Gold standard	vASV77.0	301539	1.0	1.0	NA	1.0	1.0	cami3_toy_human_gut	1	301539.0	301539	1	301539	1
ASV547.5	Gold standard	ASV547.5	1142120	1.0	1.0	NA	1.0	1.0	cami3_toy_human_gut	9	126902.22222222222	1142120	9	1142120	9
ASV487.6	Gold standard	ASV487.6	2321847	1.0	1.0	NA	1.0	1.0	cami3_toy_human_gut	15	154789.8	2321847	15	2321847	15
ASV525.9	Gold standard	ASV525.9	2323483	1.0	1.0	NA	1.0	1.0	cami3_toy_human_gut	16	145217.6875	2323483	16	2323483	16
ASV399.5	Gold standard	ASV399.5	1606363	1.0	1.0	NA	1.0	1.0	cami3_toy_human_gut	14	114740.21428571429	1606363	14	1606363	14
ASV487.12	Gold standard	ASV487.12	1992439	1.0	1.0	NA	1.0	1.0	cami3_toy_human_gut	14	142317.07142857142	1992439	14	1992439	14
vASV65.0	Gold standard	vASV65.0	265384	1.0	1.0	NA	1.0	1.0	cami3_toy_human_gut	1	265384.0	265384	1	265384	1
ASV102.12	Gold standard	ASV102.12	3379594	1.0	1.0	NA	1.0	1.0	cami3_toy_human_gut	25	135183.76	3379594	25	3379594	25
ASV165.10	Gold standard	ASV165.10	2563776	1.0	1.0	NA	1.0	1.0	cami3_toy_human_gut	20	128188.8	2563776	20	2563776	20
ASV101.3	Gold standard	ASV101.3	3689617	1.0	1.0	NA	1.0	1.0	cami3_toy_human_gut	29	127228.1724137931	3689617	29	3689617	29
ASV466.8	Gold standard	ASV466.8	2086974	1.0	1.0	NA	1.0	1.0	cami3_toy_human_gut	17	122763.17647058824	2086974	17	2086974	17
pASV52	Gold standard	pASV52	2727535	1.0	1.0	NA	1.0	1.0	cami3_toy_human_gut	10	272753.5	2727535	10	2727535	10
ASV290.1	Gold standard	ASV290.1	1457934	1.0	1.0	NA	1.0	1.0	cami3_toy_human_gut	11	132539.45454545456	1457934	11	1457934	11
ASV426.0	Gold standard	ASV426.0	1569883	1.0	1.0	NA	1.0	1.0	cami3_toy_human_gut	10	156988.3	1569883	10	1569883	10
ASV387.0	Gold standard	ASV387.0	2416120	1.0	1.0	NA	1.0	1.0	cami3_toy_human_gut	18	134228.88888888888	2416120	18	2416120	18
ASV290.7	Gold standard	ASV290.7	1046734	1.0	1.0	NA	1.0	1.0	cami3_toy_human_gut	8	130841.75	1046734	8	1046734	8
ASV426.10	Gold standard	ASV426.10	2103117	1.0	1.0	NA	1.0	1.0	cami3_toy_human_gut	12	175259.75	2103117	12	2103117	12
ASV540.8	Gold standard	ASV540.8	1802186	1.0	1.0	NA	1.0	1.0	cami3_toy_human_gut	15	120145.73333333334	1802186	15	1802186	15
ASV692.1	Gold standard	ASV692.1	1250226	1.0	1.0	NA	1.0	1.0	cami3_toy_human_gut	8	156278.25	1250226	8	1250226	8
pASV7	Gold standard	pASV7	2243322	1.0	1.0	NA	1.0	1.0	cami3_toy_human_gut	10	224332.2	2243322	10	2243322	10
pASV19	Gold standard	pASV19	2075700	1.0	1.0	NA	1.0	1.0	cami3_toy_human_gut	11	188700.0	2075700	11	2075700	11
ASV290.6	Gold standard	ASV290.6	1628591	1.0	1.0	NA	1.0	1.0	cami3_toy_human_gut	12	135715.91666666666	1628591	12	1628591	12
ASV174.7	Gold standard	ASV174.7	2686451	1.0	1.0	NA	1.0	1.0	cami3_toy_human_gut	22	122111.40909090909	2686451	22	2686451	22
ASV149.0	Gold standard	ASV149.0	2707232	1.0	1.0	NA	1.0	1.0	cami3_toy_human_gut	23	117705.73913043478	2707232	23	2707232	23
ASV124.9	Gold standard	ASV124.9	2014957	1.0	1.0	NA	1.0	1.0	cami3_toy_human_gut	18	111942.05555555556	2014957	18	2014957	18
ASV507.2	Gold standard	ASV507.2	2465212	1.0	1.0	NA	1.0	1.0	cami3_toy_human_gut	17	145012.4705882353	2465212	17	2465212	17
ASV487.11	Gold standard	ASV487.11	2375553	1.0	1.0	NA	1.0	1.0	cami3_toy_human_gut	20	118777.65	2375553	20	2375553	20
ASV166.10	Gold standard	ASV166.10	2300933	1.0	1.0	NA	1.0	1.0	cami3_toy_human_gut	17	135349.0	2300933	17	2300933	17
pASV32	Gold standard	pASV32	2475511	1.0	1.0	NA	1.0	1.0	cami3_toy_human_gut	10	247551.1	2475511	10	2475511	10
ASV139.5	Gold standard	ASV139.5	3139675	1.0	1.0	NA	1.0	1.0	cami3_toy_human_gut	23	136507.60869565216	3139675	23	3139675	23
ASV399.6	Gold standard	ASV399.6	2367245	1.0	1.0	NA	1.0	1.0	cami3_toy_human_gut	16	147952.8125	2367245	16	2367245	16
ASV547.1	Gold standard	ASV547.1	1357479	1.0	1.0	NA	1.0	1.0	cami3_toy_human_gut	11	123407.18181818182	1357479	11	1357479	11
pASV53	Gold standard	pASV53	2516932	1.0	1.0	NA	1.0	1.0	cami3_toy_human_gut	10	251693.2	2516932	10	2516932	10
ASV266.3	Gold standard	ASV266.3	1296159	1.0	1.0	NA	1.0	1.0	cami3_toy_human_gut	12	108013.25	1296159	12	1296159	12
ASV714.0	Gold standard	ASV714.0	2453198	1.0	1.0	NA	1.0	1.0	cami3_toy_human_gut	23	106660.78260869565	2453198	23	2453198	23
ASV540.9	Gold standard	ASV540.9	1150952	1.0	1.0	NA	1.0	1.0	cami3_toy_human_gut	10	115095.2	1150952	10	1150952	10
ASV426.4	Gold standard	ASV426.4	2104747	1.0	1.0	NA	1.0	1.0	cami3_toy_human_gut	17	123808.64705882352	2104747	17	2104747	17
ASV174.18	Gold standard	ASV174.18	3536041	1.0	1.0	NA	1.0	1.0	cami3_toy_human_gut	30	117868.03333333334	3536041	30	3536041	30
ASV397.8	Gold standard	ASV397.8	1050590	1.0	1.0	NA	1.0	1.0	cami3_toy_human_gut	9	116732.22222222222	1050590	9	1050590	9
ASV564.0	Gold standard	ASV564.0	734923	1.0	1.0	NA	1.0	1.0	cami3_toy_human_gut	6	122487.16666666667	734923	6	734923	6
ASV540.10	Gold standard	ASV540.10	1334476	1.0	1.0	NA	1.0	1.0	cami3_toy_human_gut	10	133447.6	1334476	10	1334476	10
ASV399.9	Gold standard	ASV399.9	1704701	1.0	1.0	NA	1.0	1.0	cami3_toy_human_gut	14	121764.35714285714	1704701	14	1704701	14
ASV540.0	Gold standard	ASV540.0	1498983	1.0	1.0	NA	1.0	1.0	cami3_toy_human_gut	12	124915.25	1498983	12	1498983	12
pASV11	Gold standard	pASV11	2105148	1.0	1.0	NA	1.0	1.0	cami3_toy_human_gut	10	210514.8	2105148	10	2105148	10
ASV573.4	Gold standard	ASV573.4	1178712	1.0	1.0	NA	1.0	1.0	cami3_toy_human_gut	10	117871.2	1178712	10	1178712	10
fASV201.3	Gold standard	fASV201.3	8625577	1.0	1.0	NA	1.0	1.0	cami3_toy_human_gut	81	106488.6049382716	8625577	81	8625577	81
ASV300.8	Gold standard	ASV300.8	1433645	1.0	1.0	NA	1.0	1.0	cami3_toy_human_gut	13	110280.38461538461	1433645	13	1433645	13
ASV266.10	Gold standard	ASV266.10	1367936	1.0	1.0	NA	1.0	1.0	cami3_toy_human_gut	10	136793.6	1367936	10	1367936	10
ASV406.1	Gold standard	ASV406.1	2721485	1.0	1.0	NA	1.0	1.0	cami3_toy_human_gut	21	129594.52380952382	2721485	21	2721485	21
vASV11.7	Gold standard	vASV11.7	168215	1.0	1.0	NA	1.0	1.0	cami3_toy_human_gut	1	168215.0	168215	1	168215	1
hvASV35.6	Gold standard	hvASV35.6	168218	1.0	1.0	NA	1.0	1.0	cami3_toy_human_gut	1	168218.0	168218	1	168218	1
vASV51.0	Gold standard	vASV51.0	168467	1.0	1.0	NA	1.0	1.0	cami3_toy_human_gut	1	168467.0	168467	1	168467	1
vASV11.0	Gold standard	vASV11.0	168797	1.0	1.0	NA	1.0	1.0	cami3_toy_human_gut	1	168797.0	168797	1	168797	1
hvASV23.6	Gold standard	hvASV23.6	169123	1.0	1.0	NA	1.0	1.0	cami3_toy_human_gut	1	169123.0	169123	1	169123	1
hvASV28.6	Gold standard	hvASV28.6	169282	1.0	1.0	NA	1.0	1.0	cami3_toy_human_gut	1	169282.0	169282	1	169282	1
vASV11.3	Gold standard	vASV11.3	169584	1.0	1.0	NA	1.0	1.0	cami3_toy_human_gut	1	169584.0	169584	1	169584	1
vASV12.0	Gold standard	vASV12.0	170314	1.0	1.0	NA	1.0	1.0	cami3_toy_human_gut	1	170314.0	170314	1	170314	1
vASV8.0	Gold standard	vASV8.0	170818	1.0	1.0	NA	1.0	1.0	cami3_toy_human_gut	1	170818.0	170818	1	170818	1
vASV55.0	Gold standard	vASV55.0	172729	1.0	1.0	NA	1.0	1.0	cami3_toy_human_gut	1	172729.0	172729	1	172729	1
vASV64.0	Gold standard	vASV64.0	175201	1.0	1.0	NA	1.0	1.0	cami3_toy_human_gut	1	175201.0	175201	1	175201	1
vASV68.0	Gold standard	vASV68.0	178165	1.0	1.0	NA	1.0	1.0	cami3_toy_human_gut	1	178165.0	178165	1	178165	1
ASV300.4	Gold standard	ASV300.4	1899237	1.0	1.0	NA	1.0	1.0	cami3_toy_human_gut	17	111719.82352941176	1899237	17	1899237	17
pASV9	Gold standard	pASV9	1886217	1.0	1.0	NA	1.0	1.0	cami3_toy_human_gut	10	188621.7	1886217	10	1886217	10
ASV65.2	Gold standard	ASV65.2	654257	1.0	1.0	NA	1.0	1.0	cami3_toy_human_gut	6	109042.83333333333	654257	6	654257	6
ASV397.12	Gold standard	ASV397.12	1282815	1.0	1.0	NA	1.0	1.0	cami3_toy_human_gut	12	106901.25	1282815	12	1282815	12
ASV300.3	Gold standard	ASV300.3	984095	1.0	1.0	NA	1.0	1.0	cami3_toy_human_gut	9	109343.88888888889	984095	9	984095	9
pASV39	Gold standard	pASV39	1591458	1.0	1.0	NA	1.0	1.0	cami3_toy_human_gut	10	159145.8	1591458	10	1591458	10
ASV540.1	Gold standard	ASV540.1	1046668	1.0	1.0	NA	1.0	1.0	cami3_toy_human_gut	9	116296.44444444444	1046668	9	1046668	9
fASV195.1	Gold standard	fASV195.1	3014475	1.0	1.0	NA	1.0	1.0	cami3_toy_human_gut	33	91347.72727272728	3014475	33	3014475	33
hvASV12.8	Gold standard	hvASV12.8	159837	1.0	1.0	NA	1.0	1.0	cami3_toy_human_gut	1	159837.0	159837	1	159837	1
vASV81.0	Gold standard	vASV81.0	162324	1.0	1.0	NA	1.0	1.0	cami3_toy_human_gut	1	162324.0	162324	1	162324	1
fASV195.8	Gold standard	fASV195.8	6075484	1.0	1.0	NA	1.0	1.0	cami3_toy_human_gut	66	92052.78787878787	6075484	66	6075484	66
hvASV40.9	Gold standard	hvASV40.9	164703	1.0	1.0	NA	1.0	1.0	cami3_toy_human_gut	1	164703.0	164703	1	164703	1
vASV47.0	Gold standard	vASV47.0	164983	1.0	1.0	NA	1.0	1.0	cami3_toy_human_gut	1	164983.0	164983	1	164983	1
ASV266.9	Gold standard	ASV266.9	349233	1.0	1.0	NA	1.0	1.0	cami3_toy_human_gut	3	116411.0	349233	3	349233	3
hvASV39.9	Gold standard	hvASV39.9	166484	1.0	1.0	NA	1.0	1.0	cami3_toy_human_gut	1	166484.0	166484	1	166484	1
hvASV39.11	Gold standard	hvASV39.11	167280	1.0	1.0	NA	1.0	1.0	cami3_toy_human_gut	1	167280.0	167280	1	167280	1
vASV11.6	Gold standard	vASV11.6	167668	1.0	1.0	NA	1.0	1.0	cami3_toy_human_gut	1	167668.0	167668	1	167668	1
vASV11.4	Gold standard	vASV11.4	167690	1.0	1.0	NA	1.0	1.0	cami3_toy_human_gut	1	167690.0	167690	1	167690	1
vASV43.0	Gold standard	vASV43.0	167710	1.0	1.0	NA	1.0	1.0	cami3_toy_human_gut	1	167710.0	167710	1	167710	1
hvASV37.4	Gold standard	hvASV37.4	168056	1.0	1.0	NA	1.0	1.0	cami3_toy_human_gut	1	168056.0	168056	1	168056	1
vASV42.0	Gold standard	vASV42.0	129448	1.0	1.0	NA	1.0	1.0	cami3_toy_human_gut	1	129448.0	129448	1	129448	1
vASV32.0	Gold standard	vASV32.0	131694	1.0	1.0	NA	1.0	1.0	cami3_toy_human_gut	1	131694.0	131694	1	131694	1
vASV100.0	Gold standard	vASV100.0	132945	1.0	1.0	NA	1.0	1.0	cami3_toy_human_gut	1	132945.0	132945	1	132945	1
ASV451.8	Gold standard	ASV451.8	1272060	1.0	1.0	NA	1.0	1.0	cami3_toy_human_gut	13	97850.76923076923	1272060	13	1272060	13
ASV547.0	Gold standard	ASV547.0	1116731	1.0	1.0	NA	1.0	1.0	cami3_toy_human_gut	12	93060.91666666667	1116731	12	1116731	12
ASV23.9	Gold standard	ASV23.9	765435	1.0	1.0	NA	1.0	1.0	cami3_toy_human_gut	8	95679.375	765435	8	765435	8
pASV0	Gold standard	pASV0	1424778	1.0	1.0	NA	1.0	1.0	cami3_toy_human_gut	10	142477.8	1424778	10	1424778	10
hvASV33.3	Gold standard	hvASV33.3	147645	1.0	1.0	NA	1.0	1.0	cami3_toy_human_gut	1	147645.0	147645	1	147645	1
pASV29	Gold standard	pASV29	1479548	1.0	1.0	NA	1.0	1.0	cami3_toy_human_gut	10	147954.8	1479548	10	1479548	10
vASV7.0	Gold standard	vASV7.0	148610	1.0	1.0	NA	1.0	1.0	cami3_toy_human_gut	1	148610.0	148610	1	148610	1
vASV56.0	Gold standard	vASV56.0	149266	1.0	1.0	NA	1.0	1.0	cami3_toy_human_gut	1	149266.0	149266	1	149266	1
vASV40.0	Gold standard	vASV40.0	151192	1.0	1.0	NA	1.0	1.0	cami3_toy_human_gut	1	151192.0	151192	1	151192	1
ASV547.9	Gold standard	ASV547.9	906014	1.0	1.0	NA	1.0	1.0	cami3_toy_human_gut	9	100668.22222222222	906014	9	906014	9
pASV37	Gold standard	pASV37	1523940	1.0	1.0	NA	1.0	1.0	cami3_toy_human_gut	10	152394.0	1523940	10	1523940	10
ASV442.0	Gold standard	ASV442.0	846690	1.0	1.0	NA	1.0	1.0	cami3_toy_human_gut	8	105836.25	846690	8	846690	8
ASV815.9	Gold standard	ASV815.9	597056	1.0	1.0	NA	1.0	1.0	cami3_toy_human_gut	6	99509.33333333333	597056	6	597056	6
vASV11.9	Gold standard	vASV11.9	107262	1.0	1.0	NA	1.0	1.0	cami3_toy_human_gut	1	107262.0	107262	1	107262	1
pASV72	Gold standard	pASV72	907728	1.0	1.0	NA	1.0	1.0	cami3_toy_human_gut	9	100858.66666666667	907728	9	907728	9
vASV80.0	Gold standard	vASV80.0	108414	1.0	1.0	NA	1.0	1.0	cami3_toy_human_gut	1	108414.0	108414	1	108414	1
ASV284.4	Gold standard	ASV284.4	269781	1.0	1.0	NA	1.0	1.0	cami3_toy_human_gut	3	89927.0	269781	3	269781	3
ASV551.0	Gold standard	ASV551.0	676824	1.0	1.0	NA	1.0	1.0	cami3_toy_human_gut	7	96689.14285714286	676824	7	676824	7
pASV71	Gold standard	pASV71	787707	1.0	1.0	NA	1.0	1.0	cami3_toy_human_gut	8	98463.375	787707	8	787707	8
ASV397.6	Gold standard	ASV397.6	296950	1.0	1.0	NA	1.0	1.0	cami3_toy_human_gut	3	98983.33333333333	296950	3	296950	3
ASV397.3	Gold standard	ASV397.3	704869	1.0	1.0	NA	1.0	1.0	cami3_toy_human_gut	8	88108.625	704869	8	704869	8
vASV60.0	Gold standard	vASV60.0	114647	1.0	1.0	NA	1.0	1.0	cami3_toy_human_gut	1	114647.0	114647	1	114647	1
ASV290.2	Gold standard	ASV290.2	378838	1.0	1.0	NA	1.0	1.0	cami3_toy_human_gut	4	94709.5	378838	4	378838	4
pASV28	Gold standard	pASV28	1197671	1.0	1.0	NA	1.0	1.0	cami3_toy_human_gut	10	119767.1	1197671	10	1197671	10
ASV451.10	Gold standard	ASV451.10	600162	1.0	1.0	NA	1.0	1.0	cami3_toy_human_gut	7	85737.42857142857	600162	7	600162	7
pASV6	Gold standard	pASV6	1233478	1.0	1.0	NA	1.0	1.0	cami3_toy_human_gut	10	123347.8	1233478	10	1233478	10
fASV194.10	Gold standard	fASV194.10	1600779	1.0	1.0	NA	1.0	1.0	cami3_toy_human_gut	17	94163.4705882353	1600779	17	1600779	17
ASV484.6	Gold standard	ASV484.6	507574	1.0	1.0	NA	1.0	1.0	cami3_toy_human_gut	5	101514.8	507574	5	507574	5
ASV290.11	Gold standard	ASV290.11	681472	1.0	1.0	NA	1.0	1.0	cami3_toy_human_gut	7	97353.14285714286	681472	7	681472	7
pASV27	Gold standard	pASV27	934583	1.0	1.0	NA	1.0	1.0	cami3_toy_human_gut	10	93458.3	934583	10	934583	10
hvASV45.0	Gold standard	hvASV45.0	93554	1.0	1.0	NA	1.0	1.0	cami3_toy_human_gut	1	93554.0	93554	1	93554	1
pASV41	Gold standard	pASV41	936367	1.0	1.0	NA	1.0	1.0	cami3_toy_human_gut	10	93636.7	936367	10	936367	10
pASV40	Gold standard	pASV40	937832	1.0	1.0	NA	1.0	1.0	cami3_toy_human_gut	10	93783.2	937832	10	937832	10
pASV42	Gold standard	pASV42	940249	1.0	1.0	NA	1.0	1.0	cami3_toy_human_gut	10	94024.9	940249	10	940249	10
hvASV40.11	Gold standard	hvASV40.11	94475	1.0	1.0	NA	1.0	1.0	cami3_toy_human_gut	1	94475.0	94475	1	94475	1
vASV19.0	Gold standard	vASV19.0	186752	1.0	1.0	NA	1.0	1.0	cami3_toy_human_gut	2	93376.0	186752	2	186752	2
vASV27.0	Gold standard	vASV27.0	97528	1.0	1.0	NA	1.0	1.0	cami3_toy_human_gut	1	97528.0	97528	1	97528	1
pASV17	Gold standard	pASV17	867836	1.0	1.0	NA	1.0	1.0	cami3_toy_human_gut	9	96426.22222222222	867836	9	867836	9
hvASV37.0	Gold standard	hvASV37.0	99676	1.0	1.0	NA	1.0	1.0	cami3_toy_human_gut	1	99676.0	99676	1	99676	1
ASV23.7	Gold standard	ASV23.7	190690	1.0	1.0	NA	1.0	1.0	cami3_toy_human_gut	2	95345.0	190690	2	190690	2
vASV72.0	Gold standard	vASV72.0	99983	1.0	1.0	NA	1.0	1.0	cami3_toy_human_gut	1	99983.0	99983	1	99983	1
hvASV2.2	Gold standard	hvASV2.2	101658	1.0	1.0	NA	1.0	1.0	cami3_toy_human_gut	1	101658.0	101658	1	101658	1
pASV50	Gold standard	pASV50	1047432	1.0	1.0	NA	1.0	1.0	cami3_toy_human_gut	10	104743.2	1047432	10	1047432	10
vASV11.5	Gold standard	vASV11.5	105641	1.0	1.0	NA	1.0	1.0	cami3_toy_human_gut	1	105641.0	105641	1	105641	1
ASV290.10	Gold standard	ASV290.10	425819	1.0	1.0	NA	1.0	1.0	cami3_toy_human_gut	5	85163.8	425819	5	425819	5
ASV655.5	Gold standard	ASV655.5	5322646	1.0	1.0	NA	1.0	1.0	cami3_toy_human_gut	1	5322646.0	5322646	1	5322646	1
pASV79	Gold standard	pASV79	74094	1.0	1.0	NA	1.0	1.0	cami3_toy_human_gut	1	74094.0	74094	1	74094	1
ASV442.7	Gold standard	ASV442.7	74219	1.0	1.0	NA	1.0	1.0	cami3_toy_human_gut	1	74219.0	74219	1	74219	1
hvASV8.3	Gold standard	hvASV8.3	74696	1.0	1.0	NA	1.0	1.0	cami3_toy_human_gut	1	74696.0	74696	1	74696	1
hvASV23.0	Gold standard	hvASV23.0	74972	1.0	1.0	NA	1.0	1.0	cami3_toy_human_gut	1	74972.0	74972	1	74972	1
hvASV2.4	Gold standard	hvASV2.4	74992	1.0	1.0	NA	1.0	1.0	cami3_toy_human_gut	1	74992.0	74992	1	74992	1
ASV573.7	Gold standard	ASV573.7	75611	1.0	1.0	NA	1.0	1.0	cami3_toy_human_gut	1	75611.0	75611	1	75611	1
vASV86.0	Gold standard	vASV86.0	75745	1.0	1.0	NA	1.0	1.0	cami3_toy_human_gut	1	75745.0	75745	1	75745	1
hvASV23.9	Gold standard	hvASV23.9	75790	1.0	1.0	NA	1.0	1.0	cami3_toy_human_gut	1	75790.0	75790	1	75790	1
pASV74	Gold standard	pASV74	75992	1.0	1.0	NA	1.0	1.0	cami3_toy_human_gut	1	75992.0	75992	1	75992	1
hvASV28.8	Gold standard	hvASV28.8	76617	1.0	1.0	NA	1.0	1.0	cami3_toy_human_gut	1	76617.0	76617	1	76617	1
vASV76.0	Gold standard	vASV76.0	76626	1.0	1.0	NA	1.0	1.0	cami3_toy_human_gut	1	76626.0	76626	1	76626	1
vASV58.0	Gold standard	vASV58.0	76899	1.0	1.0	NA	1.0	1.0	cami3_toy_human_gut	1	76899.0	76899	1	76899	1
hvASV33.7	Gold standard	hvASV33.7	77255	1.0	1.0	NA	1.0	1.0	cami3_toy_human_gut	1	77255.0	77255	1	77255	1
vASV29.0	Gold standard	vASV29.0	77310	1.0	1.0	NA	1.0	1.0	cami3_toy_human_gut	1	77310.0	77310	1	77310	1
pASV31	Gold standard	pASV31	781026	1.0	1.0	NA	1.0	1.0	cami3_toy_human_gut	10	78102.6	781026	10	781026	10
ASV399.7	Gold standard	ASV399.7	3172601	1.0	1.0	NA	1.0	1.0	cami3_toy_human_gut	1	3172601.0	3172601	1	3172601	1
ASV300.1	Gold standard	ASV300.1	3228725	1.0	1.0	NA	1.0	1.0	cami3_toy_human_gut	1	3228725.0	3228725	1	3228725	1
ASV399.1	Gold standard	ASV399.1	3284788	1.0	1.0	NA	1.0	1.0	cami3_toy_human_gut	1	3284788.0	3284788	1	3284788	1
ASV442.3	Gold standard	ASV442.3	3312277	1.0	1.0	NA	1.0	1.0	cami3_toy_human_gut	1	3312277.0	3312277	1	3312277	1
ASV466.9	Gold standard	ASV466.9	3316580	1.0	1.0	NA	1.0	1.0	cami3_toy_human_gut	1	3316580.0	3316580	1	3316580	1
ASV470.1	Gold standard	ASV470.1	3320456	1.0	1.0	NA	1.0	1.0	cami3_toy_human_gut	1	3320456.0	3320456	1	3320456	1
ASV399.11	Gold standard	ASV399.11	3588820	1.0	1.0	NA	1.0	1.0	cami3_toy_human_gut	1	3588820.0	3588820	1	3588820	1
ASV399.4	Gold standard	ASV399.4	3590718	1.0	1.0	NA	1.0	1.0	cami3_toy_human_gut	1	3590718.0	3590718	1	3590718	1
ASV487.13	Gold standard	ASV487.13	3606297	1.0	1.0	NA	1.0	1.0	cami3_toy_human_gut	1	3606297.0	3606297	1	3606297	1
ASV406.18	Gold standard	ASV406.18	3649937	1.0	1.0	NA	1.0	1.0	cami3_toy_human_gut	1	3649937.0	3649937	1	3649937	1
ASV689.6	Gold standard	ASV689.6	4723238	1.0	1.0	NA	1.0	1.0	cami3_toy_human_gut	1	4723238.0	4723238	1	4723238	1
ASV741.4	Gold standard	ASV741.4	4735669	1.0	1.0	NA	1.0	1.0	cami3_toy_human_gut	1	4735669.0	4735669	1	4735669	1
ASV741.8	Gold standard	ASV741.8	4915566	1.0	1.0	NA	1.0	1.0	cami3_toy_human_gut	1	4915566.0	4915566	1	4915566	1
ASV687.8	Gold standard	ASV687.8	4933540	1.0	1.0	NA	1.0	1.0	cami3_toy_human_gut	1	4933540.0	4933540	1	4933540	1
ASV741.11	Gold standard	ASV741.11	4978154	1.0	1.0	NA	1.0	1.0	cami3_toy_human_gut	1	4978154.0	4978154	1	4978154	1
ASV741.3	Gold standard	ASV741.3	5254422	1.0	1.0	NA	1.0	1.0	cami3_toy_human_gut	1	5254422.0	5254422	1	5254422	1
bin_86	comebin	ASV476.8	3585607	1.0	1.0	NA	1.0	1.0	cami3_toy_human_gut	17	210918.0588235294	3585607	17	3585607	17
bin_8	comebin	ASV687.8	4933540	1.0	1.0	NA	1.0	1.0	cami3_toy_human_gut	1	4933540.0	4933540	1	4933540	1
bin_794	comebin	ASV329.0	2703345	1.0	1.0	NA	1.0	1.0	cami3_toy_human_gut	11	245758.63636363635	2703345	11	2703345	11
bin_111	comebin	ASV137.1	4785079	1.0	1.0	NA	1.0	1.0	cami3_toy_human_gut	11	435007.1818181818	4785079	11	4785079	11
bin_110	comebin	ASV149.2	2852967	0.9656102707192306	0.9444444444444444	NA	1.0	1.0	cami3_toy_human_gut	17	164143.0	2954574	18	2852967	17
bin_11	comebin	ASV689.6	4723238	1.0	1.0	NA	1.0	1.0	cami3_toy_human_gut	1	4723238.0	4723238	1	4723238	1
bin_1048	comebin	ASV410.0	3081434	1.0	1.0	NA	1.0	1.0	cami3_toy_human_gut	18	171190.77777777778	3081434	18	3081434	18
bin_1053	comebin	ASV399.6	2367245	0.8504406781122387	0.8421052631578947	NA	1.0	1.0	cami3_toy_human_gut	16	146502.68421052632	2783551	19	2367245	16
bin_73	comebin	pASV39	1591458	0.37756150749591466	0.3125	NA	1.0	1.0	cami3_toy_human_gut	10	131721.75	4215096	32	1591458	10
bin_715	comebin	pASV43	891308	0.6257054303836124	0.7692307692307693	NA	1.0	1.0	cami3_toy_human_gut	10	109575.76923076923	1424485	13	891308	10
bin_72	comebin	ASV829.6	2387704	0.5490451454759097	0.625	NA	1.0	1.0	cami3_toy_human_gut	15	181201.25	4348830	24	2387704	15
bin_722	comebin	ASV73.2	1904171	1.0	1.0	NA	1.0	1.0	cami3_toy_human_gut	12	158680.91666666666	1904171	12	1904171	12
bin_1	comebin	ASV406.9	6247033	1.0	1.0	NA	1.0	1.0	cami3_toy_human_gut	1	6247033.0	6247033	1	6247033	1
bin_21	comebin	ASV399.7	3172601	1.0	1.0	NA	1.0	1.0	cami3_toy_human_gut	1	3172601.0	3172601	1	3172601	1
bin_20	comebin	ASV300.1	3228725	1.0	1.0	NA	1.0	1.0	cami3_toy_human_gut	1	3228725.0	3228725	1	3228725	1
bin_7	comebin	ASV741.11	4978154	1.0	1.0	NA	1.0	1.0	cami3_toy_human_gut	1	4978154.0	4978154	1	4978154	1
bin_12	comebin	ASV406.18	3649937	1.0	1.0	NA	1.0	1.0	cami3_toy_human_gut	1	3649937.0	3649937	1	3649937	1
bin_6	comebin	ASV741.3	5254422	1.0	1.0	NA	1.0	1.0	cami3_toy_human_gut	1	5254422.0	5254422	1	5254422	1
bin_1176	comebin	ASV300.6	2351154	1.0	1.0	NA	1.0	1.0	cami3_toy_human_gut	16	146947.125	2351154	16	2351154	16
bin_1179	comebin	fASV198.4	7488736	1.0	1.0	NA	1.0	1.0	cami3_toy_human_gut	50	149774.72	7488736	50	7488736	50
bin_518	comebin	ASV166.5	3163324	0.9711195957265291	0.9333333333333333	NA	1.0	1.0	cami3_toy_human_gut	14	217159.93333333332	3257399	15	3163324	14
bin_55	comebin	ASV1.17	4303635	0.3629718581020646	0.4	NA	1.0	1.0	cami3_toy_human_gut	20	237133.26	11856663	50	4303635	20
bin_1138	comebin	ASV387.11	2550096	0.9352003875617897	0.9444444444444444	NA	1.0	1.0	cami3_toy_human_gut	17	151488.38888888888	2726791	18	2550096	17
bin_59	comebin	pASV52	2727535	0.5355877015325368	0.4166666666666667	NA	1.0	1.0	cami3_toy_human_gut	10	212191.75	5092602	24	2727535	10
bin_460	comebin	ASV547.8	1954202	0.6548142131598691	0.5217391304347826	NA	1.0	1.0	cami3_toy_human_gut	12	129754.82608695653	2984361	23	1954202	12
bin_467	comebin	ASV829.7	2556838	0.2445716620763929	0.19642857142857142	NA	1.0	1.0	cami3_toy_human_gut	11	186684.8392857143	10454351	56	2556838	11
bin_4789	comebin	ASV127.7	2596005	1.0	1.0	NA	1.0	1.0	cami3_toy_human_gut	19	136631.84210526315	2596005	19	2596005	19
bin_5	comebin	ASV655.5	5322646	1.0	1.0	NA	1.0	1.0	cami3_toy_human_gut	1	5322646.0	5322646	1	5322646	1
bin_4446	comebin	ASV23.7	190690	0.6969485429831839	0.6666666666666666	NA	1.0	1.0	cami3_toy_human_gut	2	91202.33333333333	273607	3	190690	2
bin_1274	comebin	ASV487.10	2758606	0.49944499191884334	0.5	NA	1.0	1.0	cami3_toy_human_gut	20	138083.575	5523343	40	2758606	20
bin_123	comebin	ASV487.0	1501006	0.6355019344415268	0.5	NA	1.0	1.0	cami3_toy_human_gut	1	1180961.0	2361922	2	1501006	1
bin_4456	comebin	ASV692.1	1250226	0.9380165661294679	0.8888888888888888	NA	1.0	1.0	cami3_toy_human_gut	8	148093.33333333334	1332840	9	1250226	8
bin_457	comebin	ASV337.1	2667298	1.0	1.0	NA	1.0	1.0	cami3_toy_human_gut	12	222274.83333333334	2667298	12	2667298	12
bin_46	comebin	pASV32	2475511	0.3326199939267393	0.2	NA	1.0	1.0	cami3_toy_human_gut	10	148849.2	7442460	50	2475511	10
bin_4474	comebin	ASV487.12	1992439	1.0	1.0	NA	1.0	1.0	cami3_toy_human_gut	14	142317.07142857142	1992439	14	1992439	14
bin_13	comebin	ASV487.13	3606297	1.0	1.0	NA	1.0	1.0	cami3_toy_human_gut	1	3606297.0	3606297	1	3606297	1
bin_4307	comebin	ASV564.0	734923	0.7314821081632003	0.6666666666666666	NA	1.0	1.0	cami3_toy_human_gut	6	111633.77777777778	1004704	9	734923	6
bin_4413	comebin	ASV442.9	2259657	0.9221572941267212	0.8823529411764706	NA	1.0	1.0	cami3_toy_human_gut	15	144141.35294117648	2450403	17	2259657	15
bin_43	comebin	ASV689.5	4209819	0.5247715930045562	0.4634146341463415	NA	1.0	1.0	cami3_toy_human_gut	19	195663.24390243902	8022193	41	4209819	19
bin_4	comebin	ASV689.8	5486908	1.0	1.0	NA	1.0	1.0	cami3_toy_human_gut	1	5486908.0	5486908	1	5486908	1
bin_4095	comebin	ASV436.0	3129519	1.0	1.0	NA	1.0	1.0	cami3_toy_human_gut	21	149024.7142857143	3129519	21	3129519	21
bin_41	comebin	ASV627.11	2045976	1.0	1.0	NA	1.0	1.0	cami3_toy_human_gut	1	2045976.0	2045976	1	2045976	1
bin_412	comebin	ASV387.1	2902411	1.0	1.0	NA	1.0	1.0	cami3_toy_human_gut	10	290241.1	2902411	10	2902411	10
bin_4253	comebin	ASV334.12	2478924	0.9662194792544876	0.9333333333333333	NA	1.0	1.0	cami3_toy_human_gut	14	171039.4	2565591	15	2478924	14
bin_34	comebin	ASV575.3	2522564	1.0	1.0	NA	1.0	1.0	cami3_toy_human_gut	1	2522564.0	2522564	1	2522564	1
bin_3361	comebin	ASV540.9	1150952	0.9356230363087278	0.9090909090909091	NA	1.0	1.0	cami3_toy_human_gut	10	111831.36363636363	1230145	11	1150952	10
bin_152	comebin	pASV0	1424778	0.6898087987807122	0.6666666666666666	NA	1.0	1.0	cami3_toy_human_gut	10	137697.86666666667	2065468	15	1424778	10
bin_38	comebin	ASV579.0	2345868	1.0	1.0	NA	1.0	1.0	cami3_toy_human_gut	1	2345868.0	2345868	1	2345868	1
bin_3752	comebin	ASV540.1	1046668	0.7498153522348648	0.75	NA	1.0	1.0	cami3_toy_human_gut	9	116325.08333333333	1395901	12	1046668	9
bin_40	comebin	pASV7	2243322	0.2066414212825773	0.10309278350515463	NA	1.0	1.0	cami3_toy_human_gut	10	111918.65979381443	10856110	97	2243322	10
bin_3946	comebin	hvASV39.11	167280	0.07516611090416365	0.045454545454545456	NA	1.0	1.0	cami3_toy_human_gut	1	101157.77272727272	2225471	22	167280	1
bin_392	comebin	ASV406.4	3088357	1.0	1.0	NA	1.0	1.0	cami3_toy_human_gut	15	205890.46666666667	3088357	15	3088357	15
bin_14	comebin	ASV399.4	3590718	1.0	1.0	NA	1.0	1.0	cami3_toy_human_gut	1	3590718.0	3590718	1	3590718	1
bin_3918	comebin	ASV456.0	2807434	1.0	1.0	NA	1.0	1.0	cami3_toy_human_gut	15	187162.26666666666	2807434	15	2807434	15
bin_39	comebin	ASV577.0	2305307	1.0	1.0	NA	1.0	1.0	cami3_toy_human_gut	1	2305307.0	2305307	1	2305307	1
bin_3876	comebin	ASV596.0	2690917	1.0	1.0	NA	1.0	1.0	cami3_toy_human_gut	12	224243.08333333334	2690917	12	2690917	12
bin_140	comebin	ASV714.0	2453198	1.0	1.0	NA	1.0	1.0	cami3_toy_human_gut	23	106660.78260869565	2453198	23	2453198	23
bin_3811	comebin	ASV174.7	2686451	1.0	1.0	NA	1.0	1.0	cami3_toy_human_gut	22	122111.40909090909	2686451	22	2686451	22
bin_133	comebin	vASV19.0	186752	0.06970576829117626	0.1111111111111111	NA	1.0	1.0	cami3_toy_human_gut	2	148841.5	2679147	18	186752	2
bin_1330	comebin	ASV399.2	3101643	1.0	1.0	NA	1.0	1.0	cami3_toy_human_gut	10	310164.3	3101643	10	3101643	10
bin_33	comebin	ASV397.7	2728625	1.0	1.0	NA	1.0	1.0	cami3_toy_human_gut	1	2728625.0	2728625	1	2728625	1
bin_15	comebin	ASV399.11	3588820	1.0	1.0	NA	1.0	1.0	cami3_toy_human_gut	1	3588820.0	3588820	1	3588820	1
bin_151	comebin	ASV290.9	2147024	1.0	1.0	NA	1.0	1.0	cami3_toy_human_gut	7	306717.71428571426	2147024	7	2147024	7
bin_3577	comebin	ASV139.5	3139675	0.8869120880269445	0.92	NA	1.0	1.0	cami3_toy_human_gut	23	141600.28	3540007	25	3139675	23
bin_36	comebin	ASV596.2	2389740	1.0	1.0	NA	1.0	1.0	cami3_toy_human_gut	1	2389740.0	2389740	1	2389740	1
bin_37	comebin	ASV487.9	2375994	1.0	1.0	NA	1.0	1.0	cami3_toy_human_gut	1	2375994.0	2375994	1	2375994	1
bin_16	comebin	ASV470.1	3320456	1.0	1.0	NA	1.0	1.0	cami3_toy_human_gut	1	3320456.0	3320456	1	3320456	1
bin_1608	comebin	ASV525.9	2323483	0.5214939682670787	0.5333333333333333	NA	1.0	1.0	cami3_toy_human_gut	16	148514.53333333333	4455436	30	2323483	16
bin_296	comebin	ASV266.11	1768028	1.0	1.0	NA	1.0	1.0	cami3_toy_human_gut	6	294671.3333333333	1768028	6	1768028	6
bin_3	comebin	ASV741.0	5702623	1.0	1.0	NA	1.0	1.0	cami3_toy_human_gut	1	5702623.0	5702623	1	5702623	1
bin_30	comebin	ASV329.2	2770538	1.0	1.0	NA	1.0	1.0	cami3_toy_human_gut	1	2770538.0	2770538	1	2770538	1
bin_31	comebin	ASV329.1	2770501	1.0	1.0	NA	1.0	1.0	cami3_toy_human_gut	1	2770501.0	2770501	1	2770501	1
bin_313	comebin	ASV300.10	2500356	0.5572007723040225	0.625	NA	1.0	1.0	cami3_toy_human_gut	10	280459.5	4487352	16	2500356	10
bin_317	comebin	ASV266.8	2063727	1.0	1.0	NA	1.0	1.0	cami3_toy_human_gut	9	229303.0	2063727	9	2063727	9
bin_32	comebin	ASV829.2	2763831	1.0	1.0	NA	1.0	1.0	cami3_toy_human_gut	1	2763831.0	2763831	1	2763831	1
bin_3263	comebin	hvASV12.8	159837	0.46619960274288247	0.3333333333333333	NA	1.0	1.0	cami3_toy_human_gut	1	114283.66666666667	342851	3	159837	1
bin_10	comebin	ASV741.4	4735669	1.0	1.0	NA	1.0	1.0	cami3_toy_human_gut	1	4735669.0	4735669	1	4735669	1
bin_198	comebin	ASV166.16	3252003	0.35792423943920854	0.34210526315789475	NA	1.0	1.0	cami3_toy_human_gut	13	239098.15789473685	9085730	38	3252003	13
bin_0	comebin	ASV102.6	6745928	1.0	1.0	NA	1.0	1.0	cami3_toy_human_gut	1	6745928.0	6745928	1	6745928	1
bin_231	comebin	ASV551.0	676824	1.0	1.0	NA	1.0	1.0	cami3_toy_human_gut	7	96689.14285714286	676824	7	676824	7
bin_2307	comebin	pASV9	1886217	0.5542627185133598	0.43478260869565216	NA	1.0	1.0	cami3_toy_human_gut	10	147961.30434782608	3403110	23	1886217	10
bin_23	comebin	ASV507.8	3065878	1.0	1.0	NA	1.0	1.0	cami3_toy_human_gut	1	3065878.0	3065878	1	3065878	1
bin_2234	comebin	ASV570.9	2445653	0.5757405118225997	0.375	NA	1.0	1.0	cami3_toy_human_gut	9	176993.29166666666	4247839	24	2445653	9
bin_223	comebin	ASV442.0	846690	1.0	1.0	NA	1.0	1.0	cami3_toy_human_gut	8	105836.25	846690	8	846690	8
bin_176	comebin	ASV573.4	1178712	0.7356751702951783	0.6666666666666666	NA	1.0	1.0	cami3_toy_human_gut	10	106814.53333333334	1602218	15	1178712	10
bin_1845	comebin	ASV515.1	1632051	1.0	1.0	NA	1.0	1.0	cami3_toy_human_gut	9	181339.0	1632051	9	1632051	9
bin_29	comebin	ASV387.12	2804088	1.0	1.0	NA	1.0	1.0	cami3_toy_human_gut	1	2804088.0	2804088	1	2804088	1
bin_157	comebin	pASV50	1047432	0.538211931044795	0.5555555555555556	NA	1.0	1.0	cami3_toy_human_gut	10	108118.5	1946133	18	1047432	10
bin_2885	comebin	ASV65.2	654257	1.0	1.0	NA	1.0	1.0	cami3_toy_human_gut	6	109042.83333333333	654257	6	654257	6
bin_2878	comebin	ASV290.8	1123324	0.6064334667677997	0.5	NA	1.0	1.0	cami3_toy_human_gut	7	132310.35714285713	1852345	14	1123324	7
bin_2766	comebin	ASV300.8	1433645	0.9363050419514973	0.9285714285714286	NA	1.0	1.0	cami3_toy_human_gut	13	109369.5	1531173	14	1433645	13
bin_28	comebin	ASV166.14	2857422	1.0	1.0	NA	1.0	1.0	cami3_toy_human_gut	1	2857422.0	2857422	1	2857422	1
bin_166	comebin	ASV547.10	1924087	1.0	1.0	NA	1.0	1.0	cami3_toy_human_gut	5	384817.4	1924087	5	1924087	5
bin_26	comebin	ASV507.13	2955375	1.0	1.0	NA	1.0	1.0	cami3_toy_human_gut	1	2955375.0	2955375	1	2955375	1
bin_2733	comebin	ASV102.8	4608498	1.0	1.0	NA	1.0	1.0	cami3_toy_human_gut	22	209477.18181818182	4608498	22	4608498	22
bin_27	comebin	ASV507.7	2884779	1.0	1.0	NA	1.0	1.0	cami3_toy_human_gut	1	2884779.0	2884779	1	2884779	1
bin_2691	comebin	ASV149.0	2707232	0.9413492652402408	0.92	NA	1.0	1.0	cami3_toy_human_gut	23	115036.24	2875906	25	2707232	23
bin_173	comebin	ASV290.3	1688057	1.0	1.0	NA	1.0	1.0	cami3_toy_human_gut	9	187561.88888888888	1688057	9	1688057	9
bin_17	comebin	ASV466.9	3316580	1.0	1.0	NA	1.0	1.0	cami3_toy_human_gut	1	3316580.0	3316580	1	3316580	1
bin_1680	comebin	ASV74.6	1500136	1.0	1.0	NA	1.0	1.0	cami3_toy_human_gut	8	187517.0	1500136	8	1500136	8
bin_241	comebin	vASV77.0	301539	0.6500604704406258	0.5	NA	1.0	1.0	cami3_toy_human_gut	1	231931.5	463863	2	301539	1
bin_25	comebin	ASV387.2	2979783	1.0	1.0	NA	1.0	1.0	cami3_toy_human_gut	1	2979783.0	2979783	1	2979783	1
bin_2564	comebin	ASV444.11	4106414	1.0	1.0	NA	1.0	1.0	cami3_toy_human_gut	27	152089.40740740742	4106414	27	4106414	27
bin_250	comebin	vASV65.0	265384	1.0	1.0	NA	1.0	1.0	cami3_toy_human_gut	1	265384.0	265384	1	265384	1
bin_24	comebin	ASV507.6	3063690	1.0	1.0	NA	1.0	1.0	cami3_toy_human_gut	1	3063690.0	3063690	1	3063690	1
bin_233	comebin	vASV55.0	172729	0.2681927433980076	0.25	NA	1.0	1.0	cami3_toy_human_gut	1	161012.0	644048	4	172729	1
bin_238	comebin	vASV68.0	178165	0.3439020670991702	0.3333333333333333	NA	1.0	1.0	cami3_toy_human_gut	1	172689.66666666666	518069	3	178165	1
bin_2381	comebin	ASV266.10	1367936	0.5307368430854325	0.47619047619047616	NA	1.0	1.0	cami3_toy_human_gut	10	122734.66666666667	2577428	21	1367936	10
bin_22	comebin	ASV712.0	4362030	1.0	1.0	NA	1.0	1.0	cami3_toy_human_gut	4	1090507.5	4362030	4	4362030	4
bin_1759	comebin	ASV540.0	1498983	1.0	1.0	NA	1.0	1.0	cami3_toy_human_gut	12	124915.25	1498983	12	1498983	12
bin_18	comebin	ASV442.3	3312277	1.0	1.0	NA	1.0	1.0	cami3_toy_human_gut	1	3312277.0	3312277	1	3312277	1
bin_2	comebin	ASV102.0	6031380	1.0	1.0	NA	1.0	1.0	cami3_toy_human_gut	1	6031380.0	6031380	1	6031380	1
bin_19	comebin	ASV399.1	3284788	1.0	1.0	NA	1.0	1.0	cami3_toy_human_gut	1	3284788.0	3284788	1	3284788	1
bin_9	comebin	ASV741.8	4915566	1.0	1.0	NA	1.0	1.0	cami3_toy_human_gut	1	4915566.0	4915566	1	4915566	1
bin_217	comebin	ASV300.3	984095	1.0	1.0	NA	1.0	1.0	cami3_toy_human_gut	9	109343.88888888889	984095	9	984095	9
bin_2112	comebin	ASV387.0	2416120	0.9509067602728054	0.9473684210526315	NA	1.0	1.0	cami3_toy_human_gut	18	133729.42105263157	2540859	19	2416120	18
bin_177	comebin	fASV194.10	1600779	1.0	1.0	NA	1.0	1.0	cami3_toy_human_gut	17	94163.4705882353	1600779	17	1600779	17
bin_1455	comebin	ASV743.5	4029434	1.0	1.0	NA	0.9808447042438219	0.9583333333333334	cami3_toy_human_gut	24	171836.91304347827	3952249	23	3952249	23
bin_625	comebin	ASV442.11	2845929	1.0	1.0	NA	0.9714796117541934	0.9473684210526315	cami3_toy_human_gut	19	153597.88888888888	2764762	18	2764762	18
bin_732	comebin	ASV166.4	3366787	1.0	1.0	NA	0.9700251307849294	0.9230769230769231	cami3_toy_human_gut	13	272155.6666666667	3265868	12	3265868	12
bin_100	comebin	ASV484.1	2963739	0.9086544607653898	0.7692307692307693	NA	0.9688936846328237	0.9090909090909091	cami3_toy_human_gut	11	243093.84615384616	3160220	13	2871548	10
bin_117	comebin	ASV406.12	3301084	1.0	1.0	NA	0.9648912296687997	0.9285714285714286	cami3_toy_human_gut	14	245014.38461538462	3185187	13	3185187	13
bin_4098	comebin	ASV149.1	2528289	1.0	1.0	NA	0.9598119518773368	0.9230769230769231	cami3_toy_human_gut	13	202223.5	2426682	12	2426682	12
bin_98	comebin	ASV547.4	3332933	1.0	1.0	NA	0.9563678597799595	0.9090909090909091	cami3_toy_human_gut	11	318751.0	3187510	10	3187510	10
bin_138	comebin	ASV487.7	2627047	1.0	1.0	NA	0.9555478071005201	0.9444444444444444	cami3_toy_human_gut	18	147662.88235294117	2510269	17	2510269	17
bin_2121	comebin	ASV300.5	3009941	0.7058619514897729	0.6	NA	0.9540668737360632	0.9473684210526315	cami3_toy_human_gut	19	135611.26666666666	4068338	30	2871685	18
bin_1030	comebin	ASV547.7	1546995	0.3315645388002209	0.2571428571428571	NA	0.9493411420204978	0.9	cami3_toy_human_gut	10	126553.77142857143	4429382	35	1468626	9
bin_679	comebin	ASV442.10	2135069	1.0	1.0	NA	0.9415761270478846	0.9166666666666666	cami3_toy_human_gut	12	182757.27272727274	2010330	11	2010330	11
bin_4637	comebin	ASV124.2	3406023	0.41673850803047147	0.3709677419354839	NA	0.935430559335624	0.92	cami3_toy_human_gut	25	123311.56451612903	7645317	62	3186098	23
bin_2299	comebin	ASV487.5	2586874	0.5261749952343345	0.52	NA	0.9336399840115909	0.8666666666666667	cami3_toy_human_gut	15	183605.0	4590125	25	2415209	13
bin_1666	comebin	ASV406.7	2808131	1.0	1.0	NA	0.9246951085971417	0.8888888888888888	cami3_toy_human_gut	18	162291.5625	2596665	16	2596665	16
bin_1917	comebin	ASV507.3	2224732	0.33740007468353017	0.30952380952380953	NA	0.9243679688160192	0.9285714285714286	cami3_toy_human_gut	14	145120.2857142857	6095052	42	2056471	13
bin_107	comebin	ASV487.11	2375553	0.7134014295579503	0.75	NA	0.9215003832791775	0.9	cami3_toy_human_gut	20	127854.20833333333	3068501	24	2189073	18
bin_1614	comebin	ASV406.0	3273283	1.0	1.0	NA	0.9058538476508142	0.85	cami3_toy_human_gut	20	174418.58823529413	2965116	17	2965116	17
bin_35	comebin	fASV195.9	16405735	1.0	1.0	NA	0.9055525400111607	0.8962962962962963	cami3_toy_human_gut	135	122778.96694214876	14856255	121	14856255	121
bin_57	comebin	ASV102.10	5140303	0.8614422603024484	0.8108108108108109	NA	0.9041428102584614	0.9090909090909091	cami3_toy_human_gut	33	145813.54054054053	5395101	37	4647568	30
bin_106	comebin	ASV128.1	3434328	1.0	1.0	NA	0.8994539834284903	0.9130434782608695	cami3_toy_human_gut	23	147096.19047619047	3089020	21	3089020	21
bin_3903	comebin	ASV300.9	2619296	0.5946064555490156	0.5625	NA	0.8974766502144088	0.9	cami3_toy_human_gut	20	123545.84375	3953467	32	2350757	18
bin_898	comebin	ASV153.2	4298524	0.579736889360382	0.4117647058823529	NA	0.8960238444638206	0.875	cami3_toy_human_gut	16	195402.0294117647	6643669	34	3851580	14
bin_160	comebin	ASV300.2	2099723	1.0	1.0	NA	0.8937921811591338	0.8666666666666667	cami3_toy_human_gut	15	144362.76923076922	1876716	13	1876716	13
bin_50	comebin	ASV101.1	3817224	0.5046832028505658	0.5454545454545454	NA	0.883168501507902	0.8888888888888888	cami3_toy_human_gut	27	151816.75	6679937	44	3371252	24
bin_48	comebin	ASV166.1	2741463	0.34539586360852503	0.2553191489361702	NA	0.8691424980019792	0.8	cami3_toy_human_gut	15	146777.12765957447	6898525	47	2382722	12
bin_812	comebin	ASV507.2	2465212	0.2859726316603894	0.3409090909090909	NA	0.8666143114669246	0.8823529411764706	cami3_toy_human_gut	17	169786.43181818182	7470603	44	2136388	15
bin_4542	comebin	ASV486.6	3187574	0.9715491310455492	0.9230769230769231	NA	0.8631100015246704	0.8	cami3_toy_human_gut	15	217830.3076923077	2831794	13	2751227	12
bin_3262	comebin	ASV258.15	2483583	0.22160747669022585	0.3055555555555556	NA	0.8535494887829398	0.7857142857142857	cami3_toy_human_gut	14	265717.69444444444	9565837	36	2119861	11
bin_1516	comebin	ASV426.8	2247887	1.0	1.0	NA	0.8409702089117469	0.7692307692307693	cami3_toy_human_gut	13	189040.6	1890406	10	1890406	10
bin_977	comebin	ASV406.14	4962028	1.0	1.0	NA	0.8385746714851267	0.7407407407407407	cami3_toy_human_gut	27	208051.55	4161031	20	4161031	20
bin_2792	comebin	ASV507.9	2653447	0.5420639320547833	0.6086956521739131	NA	0.8375773098162503	0.875	cami3_toy_human_gut	16	178261.26086956522	4100009	23	2222467	14
bin_2533	comebin	ASV596.7	1777493	0.16693530415942956	0.11940298507462686	NA	0.8319357657104698	0.8	cami3_toy_human_gut	10	132213.16417910447	8858282	67	1478760	8
bin_3072	comebin	ASV399.8	2420478	0.29149616874832945	0.24444444444444444	NA	0.8132600254990956	0.8461538461538461	cami3_toy_human_gut	13	150067.0	6753015	45	1968478	11
bin_58	comebin	ASV487.4	3365421	0.515984263738653	0.5405405405405406	NA	0.812337594612977	0.8333333333333334	cami3_toy_human_gut	24	143198.27027027027	5298336	37	2733858	20
bin_691	comebin	ASV397.2	2587221	0.2820822747875536	0.21951219512195122	NA	0.7813325572109997	0.6428571428571429	cami3_toy_human_gut	14	174787.26829268291	7166278	41	2021480	9
bin_893	comebin	ASV134.7	5321364	1.0	1.0	NA	0.7450281544355921	0.8	cami3_toy_human_gut	10	495570.75	3964566	8	3964566	8
bin_1951	comebin	ASV451.6	2947821	0.5910410094637224	0.47368421052631576	NA	0.7039138400873052	0.6	cami3_toy_human_gut	15	184777.63157894736	3510775	19	2075012	9
bin_1347	comebin	ASV387.8	2725564	0.21788353043230882	0.18032786885245902	NA	0.7019420567632975	0.5789473684210527	cami3_toy_human_gut	19	143947.26229508198	8780783	61	1913188	11
bin_1561	comebin	ASV87.3	1982685	0.39990192472722813	0.5	NA	0.6926475965672813	0.5833333333333334	cami3_toy_human_gut	12	245292.64285714287	3434097	14	1373302	7
bin_44	comebin	ASV689.14	4620835	1.0	1.0	NA	0.6734432196778288	0.75	cami3_toy_human_gut	4	1037290.0	3111870	3	3111870	3
bin_96	comebin	ASV150.14	4503050	0.9199287367931985	0.8636363636363636	NA	0.6670234618758397	0.5757575757575758	cami3_toy_human_gut	33	148412.68181818182	3265079	22	3003640	19
bin_1434	comebin	ASV174.2	6217483	0.5299954855470203	0.5384615384615384	NA	0.6586108880394205	0.7241379310344828	cami3_toy_human_gut	29	198110.15384615384	7726296	39	4094902	21
bin_75	comebin	ASV547.2	2338465	0.37075659843705794	0.4375	NA	0.6433006266931512	0.5	cami3_toy_human_gut	14	253592.25	4057476	16	1504336	7
bin_83	comebin	ASV23.6	1872628	0.5835747433415341	0.5	NA	0.6337200981721943	0.2857142857142857	cami3_toy_human_gut	7	508384.75	2033539	4	1186722	2
bin_79	comebin	ASV153.8	5265715	0.8329485415354496	0.7619047619047619	NA	0.6308833653169608	0.5517241379310345	cami3_toy_human_gut	29	189919.2380952381	3988304	21	3322052	16
bin_52	comebin	ASV484.8	2659504	0.24952502475568217	0.16216216216216217	NA	0.612652584842888	0.5	cami3_toy_human_gut	12	176481.45945945947	6529814	37	1629352	6
bin_4403	comebin	ASV426.3	2645975	0.36875373597605965	0.4230769230769231	NA	0.5928884437683651	0.5789473684210527	cami3_toy_human_gut	19	163624.73076923078	4254243	26	1568768	11
bin_4011	comebin	ASV466.8	2086974	0.21848434159486985	0.2857142857142857	NA	0.5684665932589481	0.5882352941176471	cami3_toy_human_gut	17	155143.51428571428	5430023	35	1186375	10
bin_782	comebin	ASV387.5	2707190	0.40807015830826404	0.38095238095238093	NA	0.5588355453440652	0.5333333333333333	cami3_toy_human_gut	15	176542.2380952381	3707387	21	1512874	8
bin_182	comebin	ASV476.9	2758000	1.0	1.0	NA	0.5517088469905729	0.2222222222222222	cami3_toy_human_gut	9	760806.5	1521613	2	1521613	2
bin_137	comebin	ASV102.3	3893444	0.8399014485021983	0.7142857142857143	NA	0.5434666583107398	0.5	cami3_toy_human_gut	20	179949.42857142858	2519292	14	2115957	10
bin_84	comebin	ASV476.1	3358928	0.4892489350660906	0.375	NA	0.5369442274439941	0.4	cami3_toy_human_gut	15	230398.6875	3686379	16	1803557	6
bin_2818	comebin	ASV547.3	2968990	0.48963560514975246	0.4	NA	0.5268488610604953	0.6666666666666666	cami3_toy_human_gut	12	159731.95	3194639	20	1564209	8
bin_1110	comebin	ASV23.8	1774064	0.5748041258330735	0.5454545454545454	NA	0.5226682915610711	0.75	cami3_toy_human_gut	8	146650.27272727274	1613153	11	927247	6
bin_2132	comebin	ASV466.2	3158085	0.8129779635207864	0.5	NA	0.5036175403765256	0.6	cami3_toy_human_gut	5	326057.8333333333	1956347	6	1590467	3
bin_225	comebin	ASV487.8	2360113	0.9069203564793006	0.75	NA	0.48210615339180796	0.25	cami3_toy_human_gut	12	313650.75	1254603	4	1137825	3
bin_992	comebin	ASV23.3	1847078	0.3640065184134279	0.3	NA	0.47006352736592605	0.6666666666666666	cami3_toy_human_gut	9	119262.15	2385243	20	868244	6
bin_170	comebin	ASV442.8	3704670	1.0	1.0	NA	0.4690593224227799	0.2	cami3_toy_human_gut	5	1737710.0	1737710	1	1737710	1
bin_61	comebin	ASV387.4	6034584	0.5501352227679727	0.5	NA	0.46025890102780903	0.46153846153846156	cami3_toy_human_gut	26	210362.75	5048706	24	2777471	12
bin_1041	comebin	ASV476.9	2758000	0.8308862566312328	0.875	NA	0.4482911530094271	0.7777777777777778	cami3_toy_human_gut	9	186004.25	1488034	8	1236387	7
bin_101	comebin	ASV476.7	3529257	0.4918992094755095	0.4117647058823529	NA	0.43941798514531527	0.4117647058823529	cami3_toy_human_gut	17	185453.9411764706	3152717	17	1550819	7
bin_4046	comebin	ASV484.7	2456727	0.18529376700415404	0.14634146341463414	NA	0.43779019809689884	0.4	cami3_toy_human_gut	15	141572.29268292684	5804464	41	1075531	6
bin_3638	comebin	ASV426.5	2178155	0.27914888686991834	0.22727272727272727	NA	0.42698935567028057	0.38461538461538464	cami3_toy_human_gut	13	151442.31818181818	3331731	22	930049	5
bin_68	comebin	ASV387.4	6034584	0.5327629640294935	0.5	NA	0.4077568561478306	0.4230769230769231	cami3_toy_human_gut	26	209938.4090909091	4618645	22	2460643	11
bin_66	comebin	ASV487.1	3242257	0.2732556664679545	0.22580645161290322	NA	0.3986806104512998	0.3888888888888889	cami3_toy_human_gut	18	152595.48387096773	4730460	31	1292625	7
bin_51	comebin	ASV134.4	4907903	0.29348564215765055	0.17391304347826086	NA	0.3977598986777041	0.2222222222222222	cami3_toy_human_gut	18	289202.652173913	6651661	23	1952167	4
bin_203	comebin	ASV466.2	3158085	1.0	1.0	NA	0.3939627970748096	0.2	cami3_toy_human_gut	5	1244168.0	1244168	1	1244168	1
bin_1504	comebin	ASV507.12	2435196	0.5194793920415626	0.5454545454545454	NA	0.38087488645677803	0.4	cami3_toy_human_gut	15	162313.72727272726	1785451	11	927505	6
bin_81	comebin	ASV102.9	5231169	0.5004854334771085	0.4166666666666667	NA	0.3670787542899111	0.3333333333333333	cami3_toy_human_gut	30	159865.70833333334	3836777	24	1920251	10
bin_71	comebin	ASV426.9	3188105	1.0	1.0	NA	0.36298239863492576	0.16666666666666666	cami3_toy_human_gut	6	1157226.0	1157226	1	1157226	1
bin_226	comebin	ASV487.8	2360113	1.0	1.0	NA	0.3317379294974436	0.5833333333333334	cami3_toy_human_gut	12	111848.42857142857	782939	7	782939	7
bin_382	comebin	ASV507.11	2666506	0.6720013942490272	0.6	NA	0.33114082623478064	0.2727272727272727	cami3_toy_human_gut	11	262793.8	1313969	5	882989	3
bin_45	comebin	ASV174.4	4186664	0.17303979404428368	0.1724137931034483	NA	0.3302710702363505	0.37037037037037035	cami3_toy_human_gut	27	137773.1724137931	7990844	58	1382734	10
bin_229	comebin	ASV23.1	1826192	1.0	1.0	NA	0.32967508345234237	0.16666666666666666	cami3_toy_human_gut	6	602050.0	602050	1	602050	1
bin_3938	comebin	ASV406.11	3672010	0.2122515633581472	0.15625	NA	0.32815678606539744	0.22727272727272727	cami3_toy_human_gut	22	177412.5625	5677202	32	1204995	5
bin_184	comebin	ASV689.14	4620835	1.0	1.0	NA	0.3265567803221712	0.25	cami3_toy_human_gut	4	1508965.0	1508965	1	1508965	1
bin_1832	comebin	ASV442.8	3704670	0.23653230665618138	0.09523809523809523	NA	0.31948081745472606	0.4	cami3_toy_human_gut	5	238278.33333333334	5003845	21	1183571	2
bin_3792	comebin	ASV174.18	3536041	0.18698949625953484	0.18604651162790697	NA	0.3022962686235821	0.26666666666666666	cami3_toy_human_gut	30	132942.67441860464	5716535	43	1068932	8
bin_97	comebin	ASV174.2	6217483	0.5713551784086865	0.4666666666666667	NA	0.29907150530206517	0.2413793103448276	cami3_toy_human_gut	29	216966.26666666666	3254494	15	1859472	7
bin_109	comebin	ASV102.7	3850252	0.38842205125934626	0.5	NA	0.2984900728575688	0.21052631578947367	cami3_toy_human_gut	19	369849.625	2958797	8	1149262	4
bin_188	comebin	ASV743.3	4865002	1.0	1.0	NA	0.2984469482232484	0.2	cami3_toy_human_gut	5	1451945.0	1451945	1	1451945	1
bin_1777	comebin	ASV102.16	4745671	0.5581144145145162	0.5	NA	0.29635977715269346	0.25	cami3_toy_human_gut	12	419993.3333333333	2519960	6	1406426	3
bin_42	comebin	fASV197.5	33775971	1.0	1.0	NA	0.27565525799391527	0.2948717948717949	cami3_toy_human_gut	78	404805.39130434784	9310524	23	9310524	23
bin_4050	comebin	ASV426.9	3188105	0.31105923527518875	0.10526315789473684	NA	0.2740969949233165	0.3333333333333333	cami3_toy_human_gut	6	147856.42105263157	2809272	19	873850	2
bin_67	comebin	ASV102.17	4364788	0.2536725276985992	0.2727272727272727	NA	0.2717676093317705	0.2608695652173913	cami3_toy_human_gut	23	212551.77272727274	4676139	22	1186208	6
bin_47	comebin	fASV200.0	26027742	1.0	1.0	NA	0.27067346064825754	0.3939393939393939	cami3_toy_human_gut	66	270962.26923076925	7045019	26	7045019	26
bin_119	comebin	ASV102.15	5129716	0.4945803910175157	0.5294117647058824	NA	0.2661470927435359	0.2727272727272727	cami3_toy_human_gut	33	162378.76470588235	2760439	17	1365259	9
bin_64	comebin	ASV102.11	4497384	0.2416990669921895	0.09523809523809523	NA	0.2652524222970509	0.13333333333333333	cami3_toy_human_gut	15	235030.95238095237	4935650	21	1192942	2
bin_221	comebin	ASV406.10	3383993	1.0	1.0	NA	0.2512978011479338	0.1	cami3_toy_human_gut	10	850390.0	850390	1	850390	1
bin_1033	comebin	ASV387.9	2580035	0.2038237639616145	0.19230769230769232	NA	0.2511268257988748	0.3125	cami3_toy_human_gut	16	122261.73076923077	3178805	26	647916	5
bin_60	comebin	ASV406.8	2717903	0.1328400192895236	0.09090909090909091	NA	0.24770494016894642	0.1875	cami3_toy_human_gut	16	153576.84848484848	5068036	33	673238	3
bin_189	comebin	ASV406.17	3088723	0.5319606646547568	0.14285714285714285	NA	0.24722320518868154	0.07692307692307693	cami3_toy_human_gut	13	205064.57142857142	1435452	7	763604	1
bin_4168	comebin	ASV406.13	2839406	0.128319843409156	0.1111111111111111	NA	0.2461201392122155	0.125	cami3_toy_human_gut	16	302557.77777777775	5446040	18	698835	2
bin_204	comebin	ASV406.19	3131293	0.6474751376290869	0.5	NA	0.24357861113603868	0.0625	cami3_toy_human_gut	16	588992.5	1177985	2	762716	1
bin_2084	comebin	ASV102.16	4745671	0.40478606863353905	0.13333333333333333	NA	0.24339445359781578	0.16666666666666666	cami3_toy_human_gut	12	190235.46666666667	2853532	15	1155070	2
bin_164	comebin	ASV300.0	3033246	1.0	1.0	NA	0.23975965022289653	0.1	cami3_toy_human_gut	10	727250.0	727250	1	727250	1
bin_196	comebin	ASV134.7	5321364	1.0	1.0	NA	0.2386668155006874	0.1	cami3_toy_human_gut	10	1270033.0	1270033	1	1270033	1
bin_4454	comebin	ASV134.4	4907903	0.2989753423031181	0.2727272727272727	NA	0.23807825867789156	0.3333333333333333	cami3_toy_human_gut	18	177646.9090909091	3908232	22	1168465	6
bin_62	comebin	ASV102.4	5566746	0.25249400276612216	0.19230769230769232	NA	0.22664659030607828	0.16666666666666666	cami3_toy_human_gut	30	192187.96153846153	4996887	26	1261684	5
bin_3143	comebin	ASV102.5	5639524	0.321638996194413	0.2916666666666667	NA	0.22252179439257638	0.21212121212121213	cami3_toy_human_gut	33	162568.0	3901632	24	1254917	7
bin_91	comebin	ASV102.11	4497384	0.2808780741293544	0.2857142857142857	NA	0.21825354472733483	0.26666666666666666	cami3_toy_human_gut	15	249617.7142857143	3494648	14	981570	4
bin_1707	comebin	ASV102.15	5129716	0.7889519812281149	0.7142857142857143	NA	0.21649502623537054	0.15151515151515152	cami3_toy_human_gut	33	201091.0	1407637	7	1110558	5
bin_94	comebin	ASV102.18	5337746	0.34781032924210453	0.25	NA	0.2161065738234828	0.17857142857142858	cami3_toy_human_gut	28	165826.3	3316526	20	1153522	5
bin_2261	comebin	ASV174.5	4233678	0.19978775622298797	0.1724137931034483	NA	0.21375692719191208	0.20833333333333334	cami3_toy_human_gut	24	156196.44827586206	4529697	29	904978	5
bin_4359	comebin	ASV102.11	4497384	0.28254283793958757	0.2222222222222222	NA	0.2098444340087482	0.26666666666666666	cami3_toy_human_gut	15	185566.94444444444	3340205	18	943751	4
bin_82	comebin	ASV406.2	2906457	0.16195601559277836	0.16666666666666666	NA	0.20941476168407103	0.14285714285714285	cami3_toy_human_gut	14	313179.1666666667	3758150	12	608655	2
bin_1047	comebin	ASV540.6	2708445	0.2706523168180535	0.2727272727272727	NA	0.20674039901124078	0.3	cami3_toy_human_gut	10	188079.27272727274	2068872	11	559945	3
bin_1557	comebin	ASV487.1	3242257	0.3221313701143516	0.25	NA	0.19867919168653195	0.16666666666666666	cami3_toy_human_gut	18	166642.41666666666	1999709	12	644169	3
bin_4583	comebin	ASV150.14	4503050	0.6141791952994985	0.6666666666666666	NA	0.19276201685524255	0.24242424242424243	cami3_toy_human_gut	33	117774.66666666667	1413296	12	868017	8
bin_324	comebin	ASV431.3	2661444	1.0	1.0	NA	0.18745312694912988	0.0625	cami3_toy_human_gut	16	498896.0	498896	1	498896	1
bin_53	comebin	fASV199.4	29206789	0.9341299553278132	0.8709677419354839	NA	0.1865494697140449	0.28125	cami3_toy_human_gut	96	188152.0	5832712	31	5448511	27
bin_2820	comebin	ASV487.8	2360113	0.358894242158386	0.2222222222222222	NA	0.1861559171107485	0.16666666666666666	cami3_toy_human_gut	12	136019.33333333334	1224174	9	439349	2
bin_2775	comebin	ASV102.4	5566746	0.27985039570093523	0.2857142857142857	NA	0.17336555323343297	0.2	cami3_toy_human_gut	30	164217.33333333334	3448564	21	965082	6
bin_2839	comebin	ASV102.15	5129716	0.38450794685564926	0.35294117647058826	NA	0.17109212283876923	0.18181818181818182	cami3_toy_human_gut	33	134266.9411764706	2282538	17	877654	6
bin_54	comebin	fASV197.5	33775971	1.0	1.0	NA	0.17108260188878063	0.23076923076923078	cami3_toy_human_gut	78	321026.72222222225	5778481	18	5778481	18
bin_99	comebin	ASV102.5	5639524	0.3041319570870646	0.2727272727272727	NA	0.1709211628499143	0.18181818181818182	cami3_toy_human_gut	33	144063.36363636365	3169394	22	963914	6
bin_357	comebin	ASV300.7	3457856	0.3964027896239335	0.2	NA	0.17042728210775696	0.05555555555555555	cami3_toy_human_gut	18	297330.4	1486652	5	589313	1
bin_4921	comebin	ASV102.18	5337746	0.26266965751955473	0.17647058823529413	NA	0.16999703620217224	0.10714285714285714	cami3_toy_human_gut	28	203207.82352941178	3454533	17	907401	3
bin_3823	comebin	ASV102.3	3893444	0.2549971710803812	0.21052631578947367	NA	0.16738599553505842	0.2	cami3_toy_human_gut	20	134512.94736842104	2555746	19	651708	4
bin_466	comebin	ASV829.3	2561476	1.0	1.0	NA	0.15757282129522196	0.08333333333333333	cami3_toy_human_gut	12	403619.0	403619	1	403619	1
bin_1116	comebin	ASV150.10	4082887	0.2564755462229979	0.2727272727272727	NA	0.15448333495391864	0.1111111111111111	cami3_toy_human_gut	27	223568.36363636365	2459252	11	630738	3
bin_593	comebin	ASV829.9	2337732	1.0	1.0	NA	0.1508453492530367	0.09090909090909091	cami3_toy_human_gut	11	352636.0	352636	1	352636	1
bin_80	comebin	fASV200.0	26027742	1.0	1.0	NA	0.1485284432279988	0.12121212121212122	cami3_toy_human_gut	66	483232.5	3865860	8	3865860	8
bin_65	comebin	fASV1.1	32941721	1.0	1.0	NA	0.14437779374064882	0.13043478260869565	cami3_toy_human_gut	46	792675.5	4756053	6	4756053	6
bin_1066	comebin	ASV387.7	2402403	0.17203672273493276	0.1111111111111111	NA	0.14290566570221566	0.15384615384615385	cami3_toy_human_gut	13	110866.83333333333	1995603	18	343317	2
bin_1462	comebin	ASV290.1	1457934	1.0	1.0	NA	0.13943360947752093	0.09090909090909091	cami3_toy_human_gut	11	203285.0	203285	1	203285	1
bin_190	comebin	ASV174.5	4233678	0.41743492849464114	0.3333333333333333	NA	0.13922740463492972	0.041666666666666664	cami3_toy_human_gut	24	470687.3333333333	1412062	3	589444	1
bin_627	comebin	ASV507.10	2513639	1.0	1.0	NA	0.134754035881843	0.07692307692307693	cami3_toy_human_gut	13	338723.0	338723	1	338723	1
bin_90	comebin	fASV200.0	26027742	1.0	1.0	NA	0.13456065455082503	0.15151515151515152	cami3_toy_human_gut	66	350231.0	3502310	10	3502310	10
bin_875	comebin	ASV399.0	2074936	1.0	1.0	NA	0.13352219056394993	0.1	cami3_toy_human_gut	10	277050.0	277050	1	277050	1
bin_135	comebin	ASV150.10	4082887	0.21075427123634746	0.17647058823529413	NA	0.13267180796333575	0.1111111111111111	cami3_toy_human_gut	27	151189.17647058822	2570216	17	541684	3
bin_206	comebin	ASV134.4	4907903	0.5741343035175158	0.2	NA	0.13038358745068923	0.05555555555555555	cami3_toy_human_gut	18	222913.0	1114565	5	639910	1
bin_201	comebin	ASV406.3	5007171	1.0	1.0	NA	0.12936386634289102	0.043478260869565216	cami3_toy_human_gut	23	647747.0	647747	1	647747	1
bin_63	comebin	fASV195.7	27476681	0.6875909518070913	0.5	NA	0.1248622058828721	0.14925373134328357	cami3_toy_human_gut	67	249479.65	4989593	20	3430799	10
bin_102	comebin	fASV200.0	26027742	1.0	1.0	NA	0.12033494876351548	0.045454545454545456	cami3_toy_human_gut	66	1044015.6666666666	3132047	3	3132047	3
bin_3895	comebin	ASV406.5	2671418	0.18228476462134988	0.17647058823529413	NA	0.11956159612610232	0.15789473684210525	cami3_toy_human_gut	19	103070.4705882353	1752198	17	319399	3
bin_76	comebin	fASV197.5	33775971	1.0	1.0	NA	0.11939872875897484	0.11538461538461539	cami3_toy_human_gut	78	448089.77777777775	4032808	9	4032808	9
bin_56	comebin	fASV195.7	27476681	0.5780109650708066	0.3235294117647059	NA	0.11873173473899559	0.16417910447761194	cami3_toy_human_gut	67	166003.0588235294	5644104	34	3262354	11
bin_242	comebin	ASV102.3	3893444	1.0	1.0	NA	0.1170711585937797	0.05	cami3_toy_human_gut	20	455810.0	455810	1	455810	1
bin_132	comebin	ASV387.10	3105987	0.1325680136642753	0.07692307692307693	NA	0.11547247300133581	0.06666666666666667	cami3_toy_human_gut	15	208111.46153846153	2705449	13	358656	1
bin_93	comebin	fASV199.4	29206789	1.0	1.0	NA	0.11500233729904373	0.11458333333333333	cami3_toy_human_gut	96	305349.9090909091	3358849	11	3358849	11
bin_205	comebin	ASV810.2	4155722	0.40784960070908705	0.5	NA	0.11426774938265842	0.06666666666666667	cami3_toy_human_gut	30	291078.5	1164314	4	474865	2
bin_134	comebin	ASV124.11	3852026	0.16573359426888268	0.15	NA	0.11394834821987183	0.1	cami3_toy_human_gut	30	132420.95	2648419	20	438932	3
bin_3596	comebin	ASV387.5	2707190	0.7551448446194444	0.5	NA	0.11384313624089923	0.06666666666666667	cami3_toy_human_gut	15	204063.5	408127	2	308195	1
bin_2925	comebin	ASV406.16	2926974	0.13720406927045986	0.18181818181818182	NA	0.11367849526507581	0.13333333333333333	cami3_toy_human_gut	15	220463.9090909091	2425103	11	332734	2
bin_87	comebin	ASV102.4	5566746	0.1717099945970324	0.15384615384615385	NA	0.11052668830228647	0.13333333333333333	cami3_toy_human_gut	30	137816.0	3583216	26	615274	4
bin_845	comebin	ASV578.5	2576162	1.0	1.0	NA	0.11042783800087107	0.1111111111111111	cami3_toy_human_gut	9	284480.0	284480	1	284480	1
bin_74	comebin	fASV196.1	26927985	0.7213382416970334	0.6153846153846154	NA	0.10926758908993747	0.1038961038961039	cami3_toy_human_gut	77	313771.07692307694	4079024	13	2942356	8
bin_88	comebin	fASV1.1	32941721	1.0	1.0	NA	0.1071270380803723	0.21739130434782608	cami3_toy_human_gut	46	352894.9	3528949	10	3528949	10
bin_78	comebin	fASV199.4	29206789	0.77570887418178	0.6363636363636364	NA	0.10632589566761344	0.14583333333333334	cami3_toy_human_gut	96	181970.68181818182	4003355	22	3105438	14
bin_115	comebin	fASV195.7	27476681	1.0	1.0	NA	0.10599351501005526	0.1044776119402985	cami3_toy_human_gut	67	416050.0	2912350	7	2912350	7
bin_92	comebin	fASV196.1	26927985	0.8232525547883242	0.5714285714285714	NA	0.10597707180838076	0.1038961038961039	cami3_toy_human_gut	77	247602.2857142857	3466432	14	2853749	8
bin_89	comebin	fASV196.1	26927985	0.7956905334499033	0.5	NA	0.10386157746299993	0.09090909090909091	cami3_toy_human_gut	77	251065.2142857143	3514913	14	2796783	7
bin_669	comebin	ASV466.2	3158085	1.0	1.0	NA	0.10241966254866477	0.2	cami3_toy_human_gut	5	323450.0	323450	1	323450	1
bin_108	comebin	fASV199.4	29206789	1.0	1.0	NA	0.10147483175915024	0.0625	cami3_toy_human_gut	96	493959.0	2963754	6	2963754	6
bin_1032	comebin	pASV53	2516932	1.0	1.0	NA	0.10000945595669648	0.1	cami3_toy_human_gut	10	251717.0	251717	1	251717	1
bin_1031	comebin	pASV53	2516932	1.0	1.0	NA	0.10000945595669648	0.1	cami3_toy_human_gut	10	251717.0	251717	1	251717	1
bin_1034	comebin	pASV53	2516932	1.0	1.0	NA	0.10000389362922797	0.1	cami3_toy_human_gut	10	251703.0	251703	1	251703	1
bin_1035	comebin	pASV53	2516932	1.0	1.0	NA	0.10000270170191328	0.1	cami3_toy_human_gut	10	251700.0	251700	1	251700	1
bin_1036	comebin	pASV53	2516932	1.0	1.0	NA	0.10000230439280838	0.1	cami3_toy_human_gut	10	251699.0	251699	1	251699	1
bin_1037	comebin	pASV53	2516932	1.0	1.0	NA	0.10000071515638881	0.1	cami3_toy_human_gut	10	251695.0	251695	1	251695	1
bin_1038	comebin	pASV53	2516932	1.0	1.0	NA	0.10000031784728391	0.1	cami3_toy_human_gut	10	251694.0	251694	1	251694	1
bin_121	comebin	pASV1	8609156	1.0	1.0	NA	0.1000001626175667	0.1	cami3_toy_human_gut	10	860917.0	860917	1	860917	1
bin_122	comebin	pASV1	8609156	1.0	1.0	NA	0.1000001626175667	0.1	cami3_toy_human_gut	10	860917.0	860917	1	860917	1
bin_124	comebin	pASV1	8609156	1.0	1.0	NA	0.10000004646216192	0.1	cami3_toy_human_gut	10	860916.0	860916	1	860916	1
bin_125	comebin	pASV1	8609156	1.0	1.0	NA	0.10000004646216192	0.1	cami3_toy_human_gut	10	860916.0	860916	1	860916	1
bin_126	comebin	pASV1	8609156	1.0	1.0	NA	0.09999993030675713	0.1	cami3_toy_human_gut	10	860915.0	860915	1	860915	1
bin_128	comebin	pASV1	8609156	1.0	1.0	NA	0.09999993030675713	0.1	cami3_toy_human_gut	10	860915.0	860915	1	860915	1
bin_127	comebin	pASV1	8609156	1.0	1.0	NA	0.09999993030675713	0.1	cami3_toy_human_gut	10	860915.0	860915	1	860915	1
bin_129	comebin	pASV1	8609156	1.0	1.0	NA	0.09999993030675713	0.1	cami3_toy_human_gut	10	860915.0	860915	1	860915	1
bin_130	comebin	pASV1	8609156	1.0	1.0	NA	0.09999981415135235	0.1	cami3_toy_human_gut	10	860914.0	860914	1	860914	1
bin_1039	comebin	pASV53	2516932	1.0	1.0	NA	0.09998641202861261	0.1	cami3_toy_human_gut	10	251659.0	251659	1	251659	1
bin_1042	comebin	pASV53	2516932	1.0	1.0	NA	0.09997846584651472	0.1	cami3_toy_human_gut	10	251639.0	251639	1	251639	1
bin_574	comebin	ASV174.19	3607603	1.0	1.0	NA	0.09930444120375773	0.03571428571428571	cami3_toy_human_gut	28	358251.0	358251	1	358251	1
bin_116	comebin	ASV406.10	3383993	0.11854084284180699	0.058823529411764705	NA	0.09776290908403179	0.1	cami3_toy_human_gut	10	164167.29411764705	2790844	17	330829	1
bin_95	comebin	fASV196.1	26927985	0.787833827893175	0.6153846153846154	NA	0.09650606980061821	0.1038961038961039	cami3_toy_human_gut	77	253735.07692307694	3298556	13	2598714	8
bin_1171	comebin	ASV399.8	2420478	1.0	1.0	NA	0.0960397078593567	0.07692307692307693	cami3_toy_human_gut	13	232462.0	232462	1	232462	1
bin_105	comebin	fASV1.1	32941721	1.0	1.0	NA	0.09465592280379037	0.08695652173913043	cami3_toy_human_gut	46	779532.25	3118129	4	3118129	4
bin_666	comebin	ASV300.7	3457856	1.0	1.0	NA	0.09368319559865998	0.05555555555555555	cami3_toy_human_gut	18	323943.0	323943	1	323943	1
bin_112	comebin	fASV197.5	33775971	1.0	1.0	NA	0.09306106995413989	0.07692307692307693	cami3_toy_human_gut	78	523871.3333333333	3143228	6	3143228	6
bin_131	comebin	fASV199.4	29206789	1.0	1.0	NA	0.09286844233373275	0.11458333333333333	cami3_toy_human_gut	96	246580.81818181818	2712389	11	2712389	11
bin_942	comebin	ASV426.9	3188105	0.5241388390228107	0.5	NA	0.09240536306050146	0.16666666666666666	cami3_toy_human_gut	6	281030.5	562061	2	294598	1
bin_3279	comebin	ASV174.4	4186664	0.2449761854219445	0.1	NA	0.09206542488243623	0.037037037037037035	cami3_toy_human_gut	27	157340.6	1573406	10	385447	1
bin_104	comebin	fASV196.1	26927985	0.7889195919417895	0.7333333333333333	NA	0.09140342287029646	0.14285714285714285	cami3_toy_human_gut	77	207989.93333333332	3119849	15	2461310	11
bin_1912	comebin	ASV387.6	2852784	0.3228558005879282	0.25	NA	0.09081830240214471	0.125	cami3_toy_human_gut	16	100309.875	802479	8	259085	2
bin_49	comebin	fASV195.7	27476681	0.3464608100180337	0.1836734693877551	NA	0.08599546648301518	0.13432835820895522	cami3_toy_human_gut	67	139184.10204081633	6820021	49	2362870	9
bin_175	comebin	ASV387.10	3105987	0.16250774273158694	0.15384615384615385	NA	0.08581909711792098	0.13333333333333333	cami3_toy_human_gut	15	126172.92307692308	1640248	13	266553	2
bin_118	comebin	fASV1.1	32941721	1.0	1.0	NA	0.08437573738178403	0.10869565217391304	cami3_toy_human_gut	46	555896.4	2779482	5	2779482	5
bin_228	comebin	ASV102.13	5596490	0.6264153546911362	0.5	NA	0.08436144797900112	0.03225806451612903	cami3_toy_human_gut	31	376849.0	753698	2	472128	1
bin_312	comebin	ASV387.4	6034584	1.0	1.0	NA	0.0838475361350509	0.038461538461538464	cami3_toy_human_gut	26	505985.0	505985	1	505985	1
bin_1471	comebin	ASV507.2	2465212	1.0	1.0	NA	0.08206312479413536	0.058823529411764705	cami3_toy_human_gut	17	202303.0	202303	1	202303	1
bin_143	comebin	fASV199.4	29206789	1.0	1.0	NA	0.08186815743421846	0.052083333333333336	cami3_toy_human_gut	96	478221.2	2391106	5	2391106	5
bin_246	comebin	fASV1.1	32941721	1.0	1.0	NA	0.07855466932040375	0.15217391304347827	cami3_toy_human_gut	46	369675.14285714284	2587726	7	2587726	7
bin_840	comebin	ASV166.15	3630475	1.0	1.0	NA	0.07854922565229068	0.06666666666666667	cami3_toy_human_gut	15	285171.0	285171	1	285171	1
bin_85	comebin	fASV195.7	27476681	0.5817103627617829	0.2608695652173913	NA	0.07770035980692137	0.08955223880597014	cami3_toy_human_gut	67	159570.52173913043	3670122	23	2134948	6
bin_239	comebin	ASV153.2	4298524	0.6751383576137381	0.5	NA	0.07719324121489143	0.0625	cami3_toy_human_gut	16	245740.0	491480	2	331817	1
bin_248	comebin	ASV124.11	3852026	1.0	1.0	NA	0.07669055193293088	0.03333333333333333	cami3_toy_human_gut	30	295414.0	295414	1	295414	1
bin_1275	comebin	ASV487.3	2952839	0.6580591346324495	0.5	NA	0.07534240776418898	0.047619047619047616	cami3_toy_human_gut	21	169038.0	338076	2	222474	1
bin_4871	comebin	ASV102.14	5047966	0.6535923539267664	0.3333333333333333	NA	0.07526694910385688	0.03125	cami3_toy_human_gut	32	193772.66666666666	581318	3	379945	1
bin_158	comebin	fASV200.0	26027742	1.0	1.0	NA	0.07453424119541373	0.06060606060606061	cami3_toy_human_gut	66	484989.5	1939958	4	1939958	4
bin_149	comebin	fASV199.4	29206789	1.0	1.0	NA	0.07404251114355638	0.07291666666666667	cami3_toy_human_gut	96	308934.85714285716	2162544	7	2162544	7
bin_141	comebin	fASV1.1	32941721	1.0	1.0	NA	0.07383858299328078	0.021739130434782608	cami3_toy_human_gut	46	2432370.0	2432370	1	2432370	1
bin_1695	comebin	ASV300.0	3033246	0.5486893788366264	0.6666666666666666	NA	0.07331617679541982	0.2	cami3_toy_human_gut	10	135101.33333333334	405304	3	222386	2
bin_147	comebin	fASV196.1	26927985	0.8736206659481134	0.75	NA	0.07314338596073935	0.03896103896103896	cami3_toy_human_gut	77	563632.5	2254530	4	1969604	3
bin_251	comebin	ASV128.1	3434328	1.0	1.0	NA	0.07209882107940767	0.043478260869565216	cami3_toy_human_gut	23	247611.0	247611	1	247611	1
bin_3682	comebin	ASV578.5	2576162	0.20299993132126803	0.16666666666666666	NA	0.07113644250633307	0.1111111111111111	cami3_toy_human_gut	9	150459.0	902754	6	183259	1
bin_146	comebin	fASV197.5	33775971	1.0	1.0	NA	0.06832463824652146	0.038461538461538464	cami3_toy_human_gut	78	769243.6666666666	2307731	3	2307731	3
bin_2346	comebin	ASV174.1	4220385	0.16518110803656808	0.09090909090909091	NA	0.06778007219720476	0.045454545454545456	cami3_toy_human_gut	22	157434.9090909091	1731784	11	286058	1
bin_2613	comebin	fASV201.0	28223738	0.5150557365630271	0.42857142857142855	NA	0.06685992479096851	0.07407407407407407	cami3_toy_human_gut	81	261696.64285714287	3663753	14	1887037	6
bin_3400	comebin	ASV486.6	3187574	0.2841582765347786	0.2	NA	0.06589305848272071	0.06666666666666667	cami3_toy_human_gut	15	147832.4	739162	5	210039	1
bin_150	comebin	fASV1.1	32941721	1.0	1.0	NA	0.06552147047812104	0.06521739130434782	cami3_toy_human_gut	46	719463.3333333334	2158390	3	2158390	3
bin_174	comebin	fASV200.0	26027742	1.0	1.0	NA	0.06474910501264382	0.09090909090909091	cami3_toy_human_gut	66	280878.8333333333	1685273	6	1685273	6
bin_114	comebin	fASV201.8	27893337	0.615054186922193	0.4	NA	0.06438630845782274	0.023255813953488372	cami3_toy_human_gut	86	583997.0	2919985	5	1795949	2
bin_247	comebin	ASV102.9	5231169	1.0	1.0	NA	0.06339099348539495	0.03333333333333333	cami3_toy_human_gut	30	331609.0	331609	1	331609	1
bin_191	comebin	ASV102.5	5639524	0.2524906718354206	0.25	NA	0.0625510238098109	0.06060606060606061	cami3_toy_human_gut	33	174639.125	1397113	8	352758	2
bin_162	comebin	fASV195.7	27476681	0.9200875831890067	0.5	NA	0.06241237797243415	0.029850746268656716	cami3_toy_human_gut	67	465957.0	1863828	4	1714885	2
bin_153	comebin	fASV1.1	32941721	1.0	1.0	NA	0.06233526779004655	0.021739130434782608	cami3_toy_human_gut	46	2053431.0	2053431	1	2053431	1
bin_69	comebin	fASV201.0	28223738	0.3822892031337498	0.25806451612903225	NA	0.0622840957494716	0.09876543209876543	cami3_toy_human_gut	81	148333.06451612903	4598325	31	1757890	8
bin_155	comebin	fASV1.1	32941721	1.0	1.0	NA	0.06198085400577584	0.06521739130434782	cami3_toy_human_gut	46	680585.3333333334	2041756	3	2041756	3
bin_243	comebin	ASV102.9	5231169	0.7190101070154578	0.5	NA	0.0610332030947576	0.03333333333333333	cami3_toy_human_gut	30	222024.0	444048	2	319275	1
bin_168	comebin	fASV199.4	29206789	1.0	1.0	NA	0.06066681962197214	0.041666666666666664	cami3_toy_human_gut	96	442970.75	1771883	4	1771883	4
bin_179	comebin	fASV200.0	26027742	1.0	1.0	NA	0.06007205696137606	0.045454545454545456	cami3_toy_human_gut	66	521180.0	1563540	3	1563540	3
bin_103	comebin	fASV201.0	28223738	0.5364787780472569	0.23529411764705882	NA	0.05945431466235975	0.04938271604938271	cami3_toy_human_gut	81	183990.9411764706	3127846	17	1678023	4
bin_77	comebin	fASV201.0	28223738	0.40529834961038547	0.35	NA	0.05773349369952343	0.08641975308641975	cami3_toy_human_gut	81	201019.2	4020384	20	1629455	7
bin_4429	comebin	fASV201.8	27893337	0.4373416949810483	0.32	NA	0.056708560901121294	0.09302325581395349	cami3_toy_human_gut	86	144673.24	3616831	25	1581791	8
bin_4643	comebin	ASV406.14	4962028	0.32905560186325955	0.3333333333333333	NA	0.05624756651917321	0.07407407407407407	cami3_toy_human_gut	27	141365.16666666666	848191	6	279102	2
bin_2927	comebin	ASV134.4	4907903	0.5686264251393749	0.3333333333333333	NA	0.05536315611779613	0.05555555555555555	cami3_toy_human_gut	18	159282.66666666666	477848	3	271717	1
bin_148	comebin	fASV201.8	27893337	0.6712523881649329	0.5714285714285714	NA	0.05409962242954294	0.046511627906976744	cami3_toy_human_gut	86	321152.14285714284	2248065	7	1509019	4
bin_169	comebin	fASV1.1	32941721	1.0	1.0	NA	0.05334074682983321	0.021739130434782608	cami3_toy_human_gut	46	1757136.0	1757136	1	1757136	1
bin_3633	comebin	fASV195.9	16405735	0.4500904695812007	0.47058823529411764	NA	0.05259880157761904	0.05925925925925926	cami3_toy_human_gut	135	112777.58823529411	1917219	17	862922	8
bin_172	comebin	fASV1.1	32941721	1.0	1.0	NA	0.052479498566574585	0.043478260869565216	cami3_toy_human_gut	46	864382.5	1728765	2	1728765	2
bin_144	comebin	fASV196.1	26927985	0.6033464173095714	0.5714285714285714	NA	0.052076232217152525	0.05194805194805195	cami3_toy_human_gut	77	332031.0	2324217	7	1402308	4
bin_113	comebin	fASV201.8	27893337	0.4895929270001823	0.5	NA	0.05132336801437562	0.03488372093023256	cami3_toy_human_gut	86	487336.8333333333	2924021	6	1431580	3
bin_139	comebin	fASV201.8	27893337	0.5775592875832362	0.6666666666666666	NA	0.05081278012738311	0.046511627906976744	cami3_toy_human_gut	86	409002.1666666667	2454013	6	1417338	4
bin_1684	comebin	ASV102.2	4682208	0.4579768672120167	0.3333333333333333	NA	0.05008833439266261	0.05555555555555555	cami3_toy_human_gut	18	170695.66666666666	512087	3	234524	1
bin_194	comebin	fASV196.1	26927985	1.0	1.0	NA	0.04908083542084564	0.012987012987012988	cami3_toy_human_gut	77	1321648.0	1321648	1	1321648	1
bin_582	comebin	fASV201.0	28223738	0.752710680497749	0.5555555555555556	NA	0.04897430666341928	0.06172839506172839	cami3_toy_human_gut	81	204038.55555555556	1836347	9	1382238	5
bin_230	comebin	ASV102.9	5231169	0.34985550434873003	0.25	NA	0.048251547598634266	0.03333333333333333	cami3_toy_human_gut	30	180368.75	721475	4	252412	1
bin_178	comebin	fASV1.1	32941721	1.0	1.0	NA	0.047788152901908194	0.021739130434782608	cami3_toy_human_gut	46	1574224.0	1574224	1	1574224	1
bin_193	comebin	fASV201.8	27893337	1.0	1.0	NA	0.0477124698274717	0.011627906976744186	cami3_toy_human_gut	86	1330860.0	1330860	1	1330860	1
bin_136	comebin	fASV201.8	27893337	0.5186995315960169	0.5714285714285714	NA	0.047469759534328936	0.046511627906976744	cami3_toy_human_gut	86	364673.0	2552711	7	1324090	4
bin_180	comebin	fASV197.5	33775971	1.0	1.0	NA	0.046091139763235825	0.02564102564102564	cami3_toy_human_gut	78	778386.5	1556773	2	1556773	2
bin_2698	comebin	ASV300.5	3009941	0.519982248031111	0.5	NA	0.04593312626393674	0.05263157894736842	cami3_toy_human_gut	19	132943.0	265886	2	138256	1
bin_202	comebin	fASV195.7	27476681	1.0	1.0	NA	0.04540264524670938	0.014925373134328358	cami3_toy_human_gut	67	1247514.0	1247514	1	1247514	1
bin_154	comebin	fASV195.7	27476681	0.604032416162826	0.5	NA	0.04507887979628981	0.014925373134328358	cami3_toy_human_gut	67	1025291.0	2050582	2	1238618	1
bin_183	comebin	fASV197.5	33775971	1.0	1.0	NA	0.0450208226434112	0.02564102564102564	cami3_toy_human_gut	78	760311.0	1520622	2	1520622	2
bin_185	comebin	fASV197.5	33775971	1.0	1.0	NA	0.04396261472394088	0.0641025641025641	cami3_toy_human_gut	78	296976.0	1484880	5	1484880	5
bin_1240	comebin	fASV199.4	29206789	0.7176845502537395	0.42857142857142855	NA	0.04353511781113631	0.03125	cami3_toy_human_gut	96	253099.85714285713	1771699	7	1271521	3
bin_197	comebin	fASV199.4	29206789	1.0	1.0	NA	0.04334940756411121	0.020833333333333332	cami3_toy_human_gut	96	633048.5	1266097	2	1266097	2
bin_253	comebin	ASV174.17	5697903	1.0	1.0	NA	0.04292263311607797	0.03333333333333333	cami3_toy_human_gut	30	244569.0	244569	1	244569	1
bin_142	comebin	fASV201.0	28223738	0.5000259762174222	0.3333333333333333	NA	0.04262674207080579	0.012345679012345678	cami3_toy_human_gut	81	802015.6666666666	2406047	3	1203086	1
bin_120	comebin	fASV201.8	27893337	0.42338652164531454	0.3076923076923077	NA	0.041503460127413225	0.046511627906976744	cami3_toy_human_gut	86	210331.53846153847	2734310	13	1157670	4
bin_192	comebin	fASV197.5	33775971	1.0	1.0	NA	0.04112222265941666	0.02564102564102564	cami3_toy_human_gut	78	694471.5	1388943	2	1388943	2
bin_145	comebin	fASV201.8	27893337	0.49309861626542945	0.4	NA	0.04089973171729148	0.046511627906976744	cami3_toy_human_gut	86	231359.4	2313594	10	1140830	4
bin_167	comebin	fASV201.8	27893337	0.6214637816877621	0.4	NA	0.04056509983011355	0.023255813953488372	cami3_toy_human_gut	86	364139.0	1820695	5	1131496	2
bin_207	comebin	fASV195.7	27476681	1.0	1.0	NA	0.04006426394803652	0.014925373134328358	cami3_toy_human_gut	67	1100833.0	1100833	1	1100833	1
bin_156	comebin	fASV201.8	27893337	0.547668899473636	0.5	NA	0.040013785371036815	0.03488372093023256	cami3_toy_human_gut	86	339657.1666666667	2037943	6	1116118	3
bin_163	comebin	fASV201.8	27893337	0.5858831074404003	0.3333333333333333	NA	0.03845040125532488	0.023255813953488372	cami3_toy_human_gut	86	305097.8333333333	1830587	6	1072510	2
bin_216	comebin	fASV200.0	26027742	1.0	1.0	NA	0.03825933113982765	0.015151515151515152	cami3_toy_human_gut	66	995804.0	995804	1	995804	1
bin_199	comebin	fASV1.1	32941721	1.0	1.0	NA	0.038197154301683266	0.021739130434782608	cami3_toy_human_gut	46	1258280.0	1258280	1	1258280	1
bin_209	comebin	fASV201.0	28223738	1.0	1.0	NA	0.03790603498374312	0.012345679012345678	cami3_toy_human_gut	81	1069850.0	1069850	1	1069850	1
bin_165	comebin	fASV199.4	29206789	0.6012862300369577	0.3333333333333333	NA	0.03755613121319156	0.020833333333333332	cami3_toy_human_gut	96	304041.0	1824246	6	1096894	2
bin_161	comebin	fASV195.7	27476681	0.5455683815039691	0.25	NA	0.0372314982293531	0.029850746268656716	cami3_toy_human_gut	67	234388.125	1875105	8	1022998	2
bin_200	comebin	fASV197.5	33775971	1.0	1.0	NA	0.03701273310543759	0.01282051282051282	cami3_toy_human_gut	78	1250141.0	1250141	1	1250141	1
bin_213	comebin	fASV201.0	28223738	1.0	1.0	NA	0.03592312967190951	0.012345679012345678	cami3_toy_human_gut	81	1013885.0	1013885	1	1013885	1
bin_181	comebin	fASV201.0	28223738	0.6545245468092634	0.3333333333333333	NA	0.035917460685044623	0.012345679012345678	cami3_toy_human_gut	81	516265.3333333333	1548796	3	1013725	1
bin_1466	comebin	ASV174.17	5697903	1.0	1.0	NA	0.03561713844549477	0.03333333333333333	cami3_toy_human_gut	30	202943.0	202943	1	202943	1
bin_159	comebin	fASV201.8	27893337	0.5284087004192299	0.5	NA	0.03555795421680812	0.011627906976744186	cami3_toy_human_gut	86	938506.5	1877013	2	991830	1
bin_70	comebin	fASV1.1	32941721	1.0	1.0	NA	0.03542711080577727	0.021739130434782608	cami3_toy_human_gut	46	1167030.0	1167030	1	1167030	1
bin_210	comebin	fASV201.0	28223738	0.9206274963014272	0.6666666666666666	NA	0.03465993767374116	0.024691358024691357	cami3_toy_human_gut	81	354190.6666666667	1062572	3	978233	2
bin_218	comebin	fASV196.1	26927985	1.0	1.0	NA	0.034650308962961764	0.012987012987012988	cami3_toy_human_gut	77	933063.0	933063	1	933063	1
bin_212	comebin	fASV195.7	27476681	0.9173048636748848	0.6666666666666666	NA	0.03427255278758013	0.029850746268656716	cami3_toy_human_gut	67	342196.6666666667	1026590	3	941696	2
bin_219	comebin	fASV195.7	27476681	1.0	1.0	NA	0.0332473561854141	0.014925373134328358	cami3_toy_human_gut	67	913527.0	913527	1	913527	1
bin_222	comebin	fASV200.0	26027742	1.0	1.0	NA	0.032596258253981464	0.015151515151515152	cami3_toy_human_gut	66	848407.0	848407	1	848407	1
bin_208	comebin	fASV197.5	33775971	1.0	1.0	NA	0.03228413477735399	0.01282051282051282	cami3_toy_human_gut	78	1090428.0	1090428	1	1090428	1
bin_220	comebin	fASV196.1	26927985	1.0	1.0	NA	0.03224504172889282	0.012987012987012988	cami3_toy_human_gut	77	868294.0	868294	1	868294	1
bin_2007	comebin	ASV102.18	5337746	0.2670887430685155	0.2	NA	0.029922367980791894	0.03571428571428571	cami3_toy_human_gut	28	119599.2	597996	5	159718	1
bin_227	comebin	fASV200.0	26027742	1.0	1.0	NA	0.029223088195664458	0.030303030303030304	cami3_toy_human_gut	66	380305.5	760611	2	760611	2
bin_215	comebin	fASV196.1	26927985	0.7743883435797997	0.5	NA	0.028697505587588525	0.025974025974025976	cami3_toy_human_gut	77	249476.25	997905	4	772766	2
bin_2594	comebin	fASV200.0	26027742	1.0	1.0	NA	0.026468412050495965	0.030303030303030304	cami3_toy_human_gut	66	344456.5	688913	2	688913	2
bin_211	comebin	fASV201.0	28223738	0.6838083660338756	0.5	NA	0.025271174215123454	0.024691358024691357	cami3_toy_human_gut	81	260762.75	1043051	4	713247	2
bin_186	comebin	fASV201.0	28223738	0.48397900350693085	0.25	NA	0.025098978739102523	0.012345679012345678	cami3_toy_human_gut	81	365918.25	1463673	4	708387	1
bin_171	comebin	fASV201.0	28223738	0.40781921115534164	0.3333333333333333	NA	0.02500239337539202	0.037037037037037035	cami3_toy_human_gut	81	192258.66666666666	1730328	9	705661	3
bin_187	comebin	fASV201.8	27893337	1.0	1.0	NA	0.02389610106528308	0.011627906976744186	cami3_toy_human_gut	86	666542.0	666542	1	666542	1
bin_232	comebin	fASV195.7	27476681	1.0	1.0	NA	0.023836612580682506	0.014925373134328358	cami3_toy_human_gut	67	654951.0	654951	1	654951	1
bin_234	comebin	fASV196.1	26927985	1.0	1.0	NA	0.023659438312966973	0.012987012987012988	cami3_toy_human_gut	77	637101.0	637101	1	637101	1
bin_249	comebin	ASV387.4	6034584	0.520196723012664	0.5	NA	0.023259266918813293	0.038461538461538464	cami3_toy_human_gut	26	134910.5	269821	2	140360	1
bin_3325	comebin	fASV197.5	33775971	0.5797084173570787	0.45454545454545453	NA	0.0226056269411174	0.0641025641025641	cami3_toy_human_gut	78	119735.27272727272	1317088	11	763527	5
bin_236	comebin	fASV195.7	27476681	1.0	1.0	NA	0.022419993157106567	0.014925373134328358	cami3_toy_human_gut	67	616027.0	616027	1	616027	1
bin_235	comebin	fASV199.4	29206789	1.0	1.0	NA	0.021762919573254012	0.010416666666666666	cami3_toy_human_gut	96	635625.0	635625	1	635625	1
bin_224	comebin	fASV195.7	27476681	0.7165733296506767	0.3333333333333333	NA	0.020867294707100904	0.014925373134328358	cami3_toy_human_gut	67	266715.6666666667	800147	3	573364	1
bin_195	comebin	fASV201.8	27893337	0.42994467035530964	0.4	NA	0.019654012712785135	0.023255813953488372	cami3_toy_human_gut	86	255017.0	1275085	5	548216	2
bin_214	comebin	fASV201.8	27893337	0.5381346846130206	0.4	NA	0.019523694852286767	0.023255813953488372	cami3_toy_human_gut	86	202395.8	1011979	5	544581	2
bin_237	comebin	fASV199.4	29206789	1.0	1.0	NA	0.017850541529916213	0.010416666666666666	cami3_toy_human_gut	96	521357.0	521357	1	521357	1
bin_240	comebin	fASV196.1	26927985	1.0	1.0	NA	0.01778179837815566	0.012987012987012988	cami3_toy_human_gut	77	478828.0	478828	1	478828	1
bin_244	comebin	fASV195.7	27476681	1.0	1.0	NA	0.015397420088692663	0.014925373134328358	cami3_toy_human_gut	67	423070.0	423070	1	423070	1
bin_252	comebin	fASV195.9	16405735	1.0	1.0	NA	0.014992013463584534	0.007407407407407408	cami3_toy_human_gut	135	245955.0	245955	1	245955	1
bin_245	comebin	fASV199.4	29206789	1.0	1.0	NA	0.014082787395766102	0.010416666666666666	cami3_toy_human_gut	96	411313.0	411313	1	411313	1
bin_1239	comebin	fASV201.8	27893337	1.0	1.0	NA	0.008067984121082393	0.011627906976744186	cami3_toy_human_gut	86	225043.0	225043	1	225043	1
