BINID	Tool	genome_id	length_gs	precision_bp	precision_seq	rank	recall_bp	recall_seq	sample_id	seq_counts_gs	seq_length_mean	total_length	total_seq_counts	tp_length	tp_seq_counts
vASV89.0	Gold standard	vASV89.0	73268	1.0	1.0	NA	1.0	1.0	cami3_toy_human_gut	1	73268.0	73268	1	73268	1
ASV102.6	Gold standard	ASV102.6	6745928	1.0	1.0	NA	1.0	1.0	cami3_toy_human_gut	1	6745928.0	6745928	1	6745928	1
ASV406.9	Gold standard	ASV406.9	6247033	1.0	1.0	NA	1.0	1.0	cami3_toy_human_gut	1	6247033.0	6247033	1	6247033	1
ASV102.0	Gold standard	ASV102.0	6031380	1.0	1.0	NA	1.0	1.0	cami3_toy_human_gut	1	6031380.0	6031380	1	6031380	1
ASV741.0	Gold standard	ASV741.0	5702623	1.0	1.0	NA	1.0	1.0	cami3_toy_human_gut	1	5702623.0	5702623	1	5702623	1
ASV689.8	Gold standard	ASV689.8	5486908	1.0	1.0	NA	1.0	1.0	cami3_toy_human_gut	1	5486908.0	5486908	1	5486908	1
hvASV2.3	Gold standard	hvASV2.3	79193	1.0	1.0	NA	1.0	1.0	cami3_toy_human_gut	1	79193.0	79193	1	79193	1
hvASV35.5	Gold standard	hvASV35.5	79308	1.0	1.0	NA	1.0	1.0	cami3_toy_human_gut	1	79308.0	79308	1	79308	1
ASV633.4	Gold standard	ASV633.4	79877	1.0	1.0	NA	1.0	1.0	cami3_toy_human_gut	1	79877.0	79877	1	79877	1
pASV22	Gold standard	pASV22	721823	1.0	1.0	NA	1.0	1.0	cami3_toy_human_gut	9	80202.55555555556	721823	9	721823	9
pASV21	Gold standard	pASV21	853431	1.0	1.0	NA	1.0	1.0	cami3_toy_human_gut	10	85343.1	853431	10	853431	10
pASV18	Gold standard	pASV18	687283	1.0	1.0	NA	1.0	1.0	cami3_toy_human_gut	8	85910.375	687283	8	687283	8
hvASV2.6	Gold standard	hvASV2.6	87994	1.0	1.0	NA	1.0	1.0	cami3_toy_human_gut	1	87994.0	87994	1	87994	1
fASV195.4	Gold standard	fASV195.4	478512	1.0	1.0	NA	1.0	1.0	cami3_toy_human_gut	6	79752.0	478512	6	478512	6
pASV43	Gold standard	pASV43	891308	1.0	1.0	NA	1.0	1.0	cami3_toy_human_gut	10	89130.8	891308	10	891308	10
vASV53.0	Gold standard	vASV53.0	89591	1.0	1.0	NA	1.0	1.0	cami3_toy_human_gut	1	89591.0	89591	1	89591	1
ASV486.9	Gold standard	ASV486.9	397083	1.0	1.0	NA	1.0	1.0	cami3_toy_human_gut	5	79416.6	397083	5	397083	5
pASV47	Gold standard	pASV47	91665	1.0	1.0	NA	1.0	1.0	cami3_toy_human_gut	1	91665.0	91665	1	91665	1
vASV1.0	Gold standard	vASV1.0	92107	1.0	1.0	NA	1.0	1.0	cami3_toy_human_gut	1	92107.0	92107	1	92107	1
hvASV10.8	Gold standard	hvASV10.8	92319	1.0	1.0	NA	1.0	1.0	cami3_toy_human_gut	1	92319.0	92319	1	92319	1
fASV201.11	Gold standard	fASV201.11	254972	1.0	1.0	NA	1.0	1.0	cami3_toy_human_gut	3	84990.66666666667	254972	3	254972	3
ASV557.6	Gold standard	ASV557.6	347895	1.0	1.0	NA	1.0	1.0	cami3_toy_human_gut	4	86973.75	347895	4	347895	4
ASV487.9	Gold standard	ASV487.9	2375994	1.0	1.0	NA	1.0	1.0	cami3_toy_human_gut	1	2375994.0	2375994	1	2375994	1
ASV596.2	Gold standard	ASV596.2	2389740	1.0	1.0	NA	1.0	1.0	cami3_toy_human_gut	1	2389740.0	2389740	1	2389740	1
fASV1.1	Gold standard	fASV1.1	32941721	1.0	1.0	NA	1.0	1.0	cami3_toy_human_gut	46	716124.3695652174	32941721	46	32941721	46
ASV575.3	Gold standard	ASV575.3	2522564	1.0	1.0	NA	1.0	1.0	cami3_toy_human_gut	1	2522564.0	2522564	1	2522564	1
ASV397.7	Gold standard	ASV397.7	2728625	1.0	1.0	NA	1.0	1.0	cami3_toy_human_gut	1	2728625.0	2728625	1	2728625	1
ASV829.2	Gold standard	ASV829.2	2763831	1.0	1.0	NA	1.0	1.0	cami3_toy_human_gut	1	2763831.0	2763831	1	2763831	1
ASV329.1	Gold standard	ASV329.1	2770501	1.0	1.0	NA	1.0	1.0	cami3_toy_human_gut	1	2770501.0	2770501	1	2770501	1
ASV329.2	Gold standard	ASV329.2	2770538	1.0	1.0	NA	1.0	1.0	cami3_toy_human_gut	1	2770538.0	2770538	1	2770538	1
ASV387.12	Gold standard	ASV387.12	2804088	1.0	1.0	NA	1.0	1.0	cami3_toy_human_gut	1	2804088.0	2804088	1	2804088	1
ASV166.14	Gold standard	ASV166.14	2857422	1.0	1.0	NA	1.0	1.0	cami3_toy_human_gut	1	2857422.0	2857422	1	2857422	1
ASV507.7	Gold standard	ASV507.7	2884779	1.0	1.0	NA	1.0	1.0	cami3_toy_human_gut	1	2884779.0	2884779	1	2884779	1
ASV507.13	Gold standard	ASV507.13	2955375	1.0	1.0	NA	1.0	1.0	cami3_toy_human_gut	1	2955375.0	2955375	1	2955375	1
ASV387.2	Gold standard	ASV387.2	2979783	1.0	1.0	NA	1.0	1.0	cami3_toy_human_gut	1	2979783.0	2979783	1	2979783	1
ASV507.6	Gold standard	ASV507.6	3063690	1.0	1.0	NA	1.0	1.0	cami3_toy_human_gut	1	3063690.0	3063690	1	3063690	1
ASV507.8	Gold standard	ASV507.8	3065878	1.0	1.0	NA	1.0	1.0	cami3_toy_human_gut	1	3065878.0	3065878	1	3065878	1
ASV712.0	Gold standard	ASV712.0	4362030	1.0	1.0	NA	1.0	1.0	cami3_toy_human_gut	4	1090507.5	4362030	4	4362030	4
fASV201.0	Gold standard	fASV201.0	28223738	1.0	1.0	NA	1.0	1.0	cami3_toy_human_gut	81	348441.2098765432	28223738	81	28223738	81
ASV466.2	Gold standard	ASV466.2	3158085	1.0	1.0	NA	1.0	1.0	cami3_toy_human_gut	5	631617.0	3158085	5	3158085	5
fASV195.7	Gold standard	fASV195.7	27476681	1.0	1.0	NA	1.0	1.0	cami3_toy_human_gut	67	410099.7164179105	27476681	67	27476681	67
ASV134.7	Gold standard	ASV134.7	5321364	1.0	1.0	NA	1.0	1.0	cami3_toy_human_gut	10	532136.4	5321364	10	5321364	10
ASV137.1	Gold standard	ASV137.1	4785079	1.0	1.0	NA	1.0	1.0	cami3_toy_human_gut	11	435007.1818181818	4785079	11	4785079	11
fASV196.1	Gold standard	fASV196.1	26927985	1.0	1.0	NA	1.0	1.0	cami3_toy_human_gut	77	349714.0909090909	26927985	77	26927985	77
fASV197.5	Gold standard	fASV197.5	33775971	1.0	1.0	NA	1.0	1.0	cami3_toy_human_gut	78	433025.26923076925	33775971	78	33775971	78
fASV201.8	Gold standard	fASV201.8	27893337	1.0	1.0	NA	1.0	1.0	cami3_toy_human_gut	86	324341.12790697673	27893337	86	27893337	86
ASV743.3	Gold standard	ASV743.3	4865002	1.0	1.0	NA	1.0	1.0	cami3_toy_human_gut	5	973000.4	4865002	5	4865002	5
fASV200.0	Gold standard	fASV200.0	26027742	1.0	1.0	NA	1.0	1.0	cami3_toy_human_gut	66	394359.7272727273	26027742	66	26027742	66
ASV487.0	Gold standard	ASV487.0	1501006	1.0	1.0	NA	1.0	1.0	cami3_toy_human_gut	1	1501006.0	1501006	1	1501006	1
ASV689.14	Gold standard	ASV689.14	4620835	1.0	1.0	NA	1.0	1.0	cami3_toy_human_gut	4	1155208.75	4620835	4	4620835	4
ASV442.8	Gold standard	ASV442.8	3704670	1.0	1.0	NA	1.0	1.0	cami3_toy_human_gut	5	740934.0	3704670	5	3704670	5
ASV627.11	Gold standard	ASV627.11	2045976	1.0	1.0	NA	1.0	1.0	cami3_toy_human_gut	1	2045976.0	2045976	1	2045976	1
ASV577.0	Gold standard	ASV577.0	2305307	1.0	1.0	NA	1.0	1.0	cami3_toy_human_gut	1	2305307.0	2305307	1	2305307	1
ASV579.0	Gold standard	ASV579.0	2345868	1.0	1.0	NA	1.0	1.0	cami3_toy_human_gut	1	2345868.0	2345868	1	2345868	1
ASV406.19	Gold standard	ASV406.19	3131293	1.0	1.0	NA	1.0	1.0	cami3_toy_human_gut	16	195705.8125	3131293	16	3131293	16
ASV406.17	Gold standard	ASV406.17	3088723	1.0	1.0	NA	1.0	1.0	cami3_toy_human_gut	13	237594.07692307694	3088723	13	3088723	13
ASV547.4	Gold standard	ASV547.4	3332933	1.0	1.0	NA	1.0	1.0	cami3_toy_human_gut	11	302993.9090909091	3332933	11	3332933	11
ASV102.2	Gold standard	ASV102.2	4682208	1.0	1.0	NA	1.0	1.0	cami3_toy_human_gut	18	260122.66666666666	4682208	18	4682208	18
ASV406.10	Gold standard	ASV406.10	3383993	1.0	1.0	NA	1.0	1.0	cami3_toy_human_gut	10	338399.3	3383993	10	3383993	10
ASV540.6	Gold standard	ASV540.6	2708445	1.0	1.0	NA	1.0	1.0	cami3_toy_human_gut	10	270844.5	2708445	10	2708445	10
pASV1	Gold standard	pASV1	8609156	1.0	1.0	NA	1.0	1.0	cami3_toy_human_gut	10	860915.6	8609156	10	8609156	10
ASV406.12	Gold standard	ASV406.12	3301084	1.0	1.0	NA	1.0	1.0	cami3_toy_human_gut	14	235791.7142857143	3301084	14	3301084	14
ASV540.5	Gold standard	ASV540.5	2526336	1.0	1.0	NA	1.0	1.0	cami3_toy_human_gut	10	252633.6	2526336	10	2526336	10
ASV476.9	Gold standard	ASV476.9	2758000	1.0	1.0	NA	1.0	1.0	cami3_toy_human_gut	9	306444.44444444444	2758000	9	2758000	9
ASV484.1	Gold standard	ASV484.1	2963739	1.0	1.0	NA	1.0	1.0	cami3_toy_human_gut	11	269430.8181818182	2963739	11	2963739	11
ASV102.16	Gold standard	ASV102.16	4745671	1.0	1.0	NA	1.0	1.0	cami3_toy_human_gut	12	395472.5833333333	4745671	12	4745671	12
ASV23.6	Gold standard	ASV23.6	1872628	1.0	1.0	NA	1.0	1.0	cami3_toy_human_gut	7	267518.28571428574	1872628	7	1872628	7
ASV134.4	Gold standard	ASV134.4	4907903	1.0	1.0	NA	1.0	1.0	cami3_toy_human_gut	18	272661.27777777775	4907903	18	4907903	18
ASV426.9	Gold standard	ASV426.9	3188105	1.0	1.0	NA	1.0	1.0	cami3_toy_human_gut	6	531350.8333333334	3188105	6	3188105	6
fASV199.4	Gold standard	fASV199.4	29206789	1.0	1.0	NA	1.0	1.0	cami3_toy_human_gut	96	304237.3854166667	29206789	96	29206789	96
ASV406.4	Gold standard	ASV406.4	3088357	1.0	1.0	NA	1.0	1.0	cami3_toy_human_gut	15	205890.46666666667	3088357	15	3088357	15
ASV102.8	Gold standard	ASV102.8	4608498	1.0	1.0	NA	1.0	1.0	cami3_toy_human_gut	22	209477.18181818182	4608498	22	4608498	22
ASV547.3	Gold standard	ASV547.3	2968990	1.0	1.0	NA	1.0	1.0	cami3_toy_human_gut	12	247415.83333333334	2968990	12	2968990	12
ASV174.2	Gold standard	ASV174.2	6217483	1.0	1.0	NA	1.0	1.0	cami3_toy_human_gut	29	214395.9655172414	6217483	29	6217483	29
ASV23.8	Gold standard	ASV23.8	1774064	1.0	1.0	NA	1.0	1.0	cami3_toy_human_gut	8	221758.0	1774064	8	1774064	8
ASV1.17	Gold standard	ASV1.17	4303635	1.0	1.0	NA	1.0	1.0	cami3_toy_human_gut	20	215181.75	4303635	20	4303635	20
ASV337.1	Gold standard	ASV337.1	2667298	1.0	1.0	NA	1.0	1.0	cami3_toy_human_gut	12	222274.83333333334	2667298	12	2667298	12
ASV153.5	Gold standard	ASV153.5	4305643	1.0	1.0	NA	1.0	1.0	cami3_toy_human_gut	19	226612.7894736842	4305643	19	4305643	19
ASV570.9	Gold standard	ASV570.9	2445653	1.0	1.0	NA	1.0	1.0	cami3_toy_human_gut	9	271739.22222222225	2445653	9	2445653	9
ASV23.3	Gold standard	ASV23.3	1847078	1.0	1.0	NA	1.0	1.0	cami3_toy_human_gut	9	205230.88888888888	1847078	9	1847078	9
ASV102.11	Gold standard	ASV102.11	4497384	1.0	1.0	NA	1.0	1.0	cami3_toy_human_gut	15	299825.6	4497384	15	4497384	15
ASV547.10	Gold standard	ASV547.10	1924087	1.0	1.0	NA	1.0	1.0	cami3_toy_human_gut	5	384817.4	1924087	5	1924087	5
ASV300.0	Gold standard	ASV300.0	3033246	1.0	1.0	NA	1.0	1.0	cami3_toy_human_gut	10	303324.6	3033246	10	3033246	10
ASV476.1	Gold standard	ASV476.1	3358928	1.0	1.0	NA	1.0	1.0	cami3_toy_human_gut	15	223928.53333333333	3358928	15	3358928	15
ASV484.8	Gold standard	ASV484.8	2659504	1.0	1.0	NA	1.0	1.0	cami3_toy_human_gut	12	221625.33333333334	2659504	12	2659504	12
ASV507.11	Gold standard	ASV507.11	2666506	1.0	1.0	NA	1.0	1.0	cami3_toy_human_gut	11	242409.63636363635	2666506	11	2666506	11
ASV387.10	Gold standard	ASV387.10	3105987	1.0	1.0	NA	1.0	1.0	cami3_toy_human_gut	15	207065.8	3105987	15	3105987	15
ASV258.15	Gold standard	ASV258.15	2483583	1.0	1.0	NA	1.0	1.0	cami3_toy_human_gut	14	177398.7857142857	2483583	14	2483583	14
ASV300.7	Gold standard	ASV300.7	3457856	1.0	1.0	NA	1.0	1.0	cami3_toy_human_gut	18	192103.11111111112	3457856	18	3457856	18
ASV174.5	Gold standard	ASV174.5	4233678	1.0	1.0	NA	1.0	1.0	cami3_toy_human_gut	24	176403.25	4233678	24	4233678	24
ASV334.12	Gold standard	ASV334.12	2478924	1.0	1.0	NA	1.0	1.0	cami3_toy_human_gut	14	177066.0	2478924	14	2478924	14
ASV102.7	Gold standard	ASV102.7	3850252	1.0	1.0	NA	1.0	1.0	cami3_toy_human_gut	19	202644.84210526315	3850252	19	3850252	19
ASV23.1	Gold standard	ASV23.1	1826192	1.0	1.0	NA	1.0	1.0	cami3_toy_human_gut	6	304365.3333333333	1826192	6	1826192	6
ASV487.8	Gold standard	ASV487.8	2360113	1.0	1.0	NA	1.0	1.0	cami3_toy_human_gut	12	196676.08333333334	2360113	12	2360113	12
ASV166.15	Gold standard	ASV166.15	3630475	1.0	1.0	NA	1.0	1.0	cami3_toy_human_gut	15	242031.66666666666	3630475	15	3630475	15
ASV166.4	Gold standard	ASV166.4	3366787	1.0	1.0	NA	1.0	1.0	cami3_toy_human_gut	13	258983.61538461538	3366787	13	3366787	13
ASV387.1	Gold standard	ASV387.1	2902411	1.0	1.0	NA	1.0	1.0	cami3_toy_human_gut	10	290241.1	2902411	10	2902411	10
ASV399.2	Gold standard	ASV399.2	3101643	1.0	1.0	NA	1.0	1.0	cami3_toy_human_gut	10	310164.3	3101643	10	3101643	10
ASV487.5	Gold standard	ASV487.5	2586874	1.0	1.0	NA	1.0	1.0	cami3_toy_human_gut	15	172458.26666666666	2586874	15	2586874	15
ASV456.0	Gold standard	ASV456.0	2807434	1.0	1.0	NA	1.0	1.0	cami3_toy_human_gut	15	187162.26666666666	2807434	15	2807434	15
ASV406.3	Gold standard	ASV406.3	5007171	1.0	1.0	NA	1.0	1.0	cami3_toy_human_gut	23	217703.08695652173	5007171	23	5007171	23
ASV166.16	Gold standard	ASV166.16	3252003	1.0	1.0	NA	1.0	1.0	cami3_toy_human_gut	13	250154.07692307694	3252003	13	3252003	13
ASV406.6	Gold standard	ASV406.6	2417162	1.0	1.0	NA	1.0	1.0	cami3_toy_human_gut	15	161144.13333333333	2417162	15	2417162	15
ASV99.2	Gold standard	ASV99.2	3410654	1.0	1.0	NA	1.0	1.0	cami3_toy_human_gut	21	162412.09523809524	3410654	21	3410654	21
ASV387.6	Gold standard	ASV387.6	2852784	1.0	1.0	NA	1.0	1.0	cami3_toy_human_gut	16	178299.0	2852784	16	2852784	16
ASV596.4	Gold standard	ASV596.4	2457412	1.0	1.0	NA	1.0	1.0	cami3_toy_human_gut	10	245741.2	2457412	10	2457412	10
ASV266.11	Gold standard	ASV266.11	1768028	1.0	1.0	NA	1.0	1.0	cami3_toy_human_gut	6	294671.3333333333	1768028	6	1768028	6
ASV426.8	Gold standard	ASV426.8	2247887	1.0	1.0	NA	1.0	1.0	cami3_toy_human_gut	13	172914.38461538462	2247887	13	2247887	13
ASV406.2	Gold standard	ASV406.2	2906457	1.0	1.0	NA	1.0	1.0	cami3_toy_human_gut	14	207604.07142857142	2906457	14	2906457	14
ASV174.3	Gold standard	ASV174.3	4193471	1.0	1.0	NA	1.0	1.0	cami3_toy_human_gut	24	174727.95833333334	4193471	24	4193471	24
ASV174.1	Gold standard	ASV174.1	4220385	1.0	1.0	NA	1.0	1.0	cami3_toy_human_gut	22	191835.68181818182	4220385	22	4220385	22
ASV578.5	Gold standard	ASV578.5	2576162	1.0	1.0	NA	1.0	1.0	cami3_toy_human_gut	9	286240.22222222225	2576162	9	2576162	9
ASV329.0	Gold standard	ASV329.0	2703345	1.0	1.0	NA	1.0	1.0	cami3_toy_human_gut	11	245758.63636363635	2703345	11	2703345	11
ASV406.13	Gold standard	ASV406.13	2839406	1.0	1.0	NA	1.0	1.0	cami3_toy_human_gut	16	177462.875	2839406	16	2839406	16
ASV166.5	Gold standard	ASV166.5	3163324	1.0	1.0	NA	1.0	1.0	cami3_toy_human_gut	14	225951.7142857143	3163324	14	3163324	14
ASV596.0	Gold standard	ASV596.0	2690917	1.0	1.0	NA	1.0	1.0	cami3_toy_human_gut	12	224243.08333333334	2690917	12	2690917	12
ASV487.2	Gold standard	ASV487.2	3023629	1.0	1.0	NA	1.0	1.0	cami3_toy_human_gut	20	151181.45	3023629	20	3023629	20
ASV829.12	Gold standard	ASV829.12	1961126	1.0	1.0	NA	1.0	1.0	cami3_toy_human_gut	9	217902.88888888888	1961126	9	1961126	9
ASV174.17	Gold standard	ASV174.17	5697903	1.0	1.0	NA	1.0	1.0	cami3_toy_human_gut	30	189930.1	5697903	30	5697903	30
ASV829.9	Gold standard	ASV829.9	2337732	1.0	1.0	NA	1.0	1.0	cami3_toy_human_gut	11	212521.0909090909	2337732	11	2337732	11
ASV486.6	Gold standard	ASV486.6	3187574	1.0	1.0	NA	1.0	1.0	cami3_toy_human_gut	15	212504.93333333332	3187574	15	3187574	15
ASV476.8	Gold standard	ASV476.8	3585607	1.0	1.0	NA	1.0	1.0	cami3_toy_human_gut	17	210918.0588235294	3585607	17	3585607	17
ASV743.5	Gold standard	ASV743.5	4029434	1.0	1.0	NA	1.0	1.0	cami3_toy_human_gut	24	167893.08333333334	4029434	24	4029434	24
ASV507.4	Gold standard	ASV507.4	2642347	1.0	1.0	NA	1.0	1.0	cami3_toy_human_gut	12	220195.58333333334	2642347	12	2642347	12
ASV387.7	Gold standard	ASV387.7	2402403	1.0	1.0	NA	1.0	1.0	cami3_toy_human_gut	13	184800.23076923078	2402403	13	2402403	13
ASV153.2	Gold standard	ASV153.2	4298524	1.0	1.0	NA	1.0	1.0	cami3_toy_human_gut	16	268657.75	4298524	16	4298524	16
ASV507.9	Gold standard	ASV507.9	2653447	1.0	1.0	NA	1.0	1.0	cami3_toy_human_gut	16	165840.4375	2653447	16	2653447	16
ASV431.3	Gold standard	ASV431.3	2661444	1.0	1.0	NA	1.0	1.0	cami3_toy_human_gut	16	166340.25	2661444	16	2661444	16
ASV102.4	Gold standard	ASV102.4	5566746	1.0	1.0	NA	1.0	1.0	cami3_toy_human_gut	30	185558.2	5566746	30	5566746	30
ASV399.0	Gold standard	ASV399.0	2074936	1.0	1.0	NA	1.0	1.0	cami3_toy_human_gut	10	207493.6	2074936	10	2074936	10
ASV266.8	Gold standard	ASV266.8	2063727	1.0	1.0	NA	1.0	1.0	cami3_toy_human_gut	9	229303.0	2063727	9	2063727	9
ASV442.9	Gold standard	ASV442.9	2259657	1.0	1.0	NA	1.0	1.0	cami3_toy_human_gut	15	150643.8	2259657	15	2259657	15
ASV300.10	Gold standard	ASV300.10	2500356	1.0	1.0	NA	1.0	1.0	cami3_toy_human_gut	10	250035.6	2500356	10	2500356	10
ASV387.4	Gold standard	ASV387.4	6034584	1.0	1.0	NA	1.0	1.0	cami3_toy_human_gut	26	232099.38461538462	6034584	26	6034584	26
ASV166.1	Gold standard	ASV166.1	2741463	1.0	1.0	NA	1.0	1.0	cami3_toy_human_gut	15	182764.2	2741463	15	2741463	15
ASV102.3	Gold standard	ASV102.3	3893444	1.0	1.0	NA	1.0	1.0	cami3_toy_human_gut	20	194672.2	3893444	20	3893444	20
ASV426.5	Gold standard	ASV426.5	2178155	1.0	1.0	NA	1.0	1.0	cami3_toy_human_gut	13	167550.38461538462	2178155	13	2178155	13
ASV406.8	Gold standard	ASV406.8	2717903	1.0	1.0	NA	1.0	1.0	cami3_toy_human_gut	16	169868.9375	2717903	16	2717903	16
ASV300.5	Gold standard	ASV300.5	3009941	1.0	1.0	NA	1.0	1.0	cami3_toy_human_gut	19	158417.94736842104	3009941	19	3009941	19
ASV102.9	Gold standard	ASV102.9	5231169	1.0	1.0	NA	1.0	1.0	cami3_toy_human_gut	30	174372.3	5231169	30	5231169	30
ASV507.10	Gold standard	ASV507.10	2513639	1.0	1.0	NA	1.0	1.0	cami3_toy_human_gut	13	193356.84615384616	2513639	13	2513639	13
ASV102.18	Gold standard	ASV102.18	5337746	1.0	1.0	NA	1.0	1.0	cami3_toy_human_gut	28	190633.7857142857	5337746	28	5337746	28
ASV102.10	Gold standard	ASV102.10	5140303	1.0	1.0	NA	1.0	1.0	cami3_toy_human_gut	33	155766.75757575757	5140303	33	5140303	33
ASV102.13	Gold standard	ASV102.13	5596490	1.0	1.0	NA	1.0	1.0	cami3_toy_human_gut	31	180531.93548387097	5596490	31	5596490	31
ASV149.1	Gold standard	ASV149.1	2528289	1.0	1.0	NA	1.0	1.0	cami3_toy_human_gut	13	194483.76923076922	2528289	13	2528289	13
ASV153.8	Gold standard	ASV153.8	5265715	1.0	1.0	NA	1.0	1.0	cami3_toy_human_gut	29	181576.37931034484	5265715	29	5265715	29
ASV397.10	Gold standard	ASV397.10	2418765	1.0	1.0	NA	1.0	1.0	cami3_toy_human_gut	11	219887.72727272726	2418765	11	2418765	11
ASV406.0	Gold standard	ASV406.0	3273283	1.0	1.0	NA	1.0	1.0	cami3_toy_human_gut	20	163664.15	3273283	20	3273283	20
ASV406.16	Gold standard	ASV406.16	2926974	1.0	1.0	NA	1.0	1.0	cami3_toy_human_gut	15	195131.6	2926974	15	2926974	15
ASV689.5	Gold standard	ASV689.5	4209819	1.0	1.0	NA	1.0	1.0	cami3_toy_human_gut	19	221569.42105263157	4209819	19	4209819	19
ASV406.14	Gold standard	ASV406.14	4962028	1.0	1.0	NA	1.0	1.0	cami3_toy_human_gut	27	183778.8148148148	4962028	27	4962028	27
ASV547.2	Gold standard	ASV547.2	2338465	1.0	1.0	NA	1.0	1.0	cami3_toy_human_gut	14	167033.2142857143	2338465	14	2338465	14
ASV387.11	Gold standard	ASV387.11	2550096	1.0	1.0	NA	1.0	1.0	cami3_toy_human_gut	17	150005.64705882352	2550096	17	2550096	17
ASV124.2	Gold standard	ASV124.2	3406023	1.0	1.0	NA	1.0	1.0	cami3_toy_human_gut	25	136240.92	3406023	25	3406023	25
ASV830.6	Gold standard	ASV830.6	2262184	1.0	1.0	NA	1.0	1.0	cami3_toy_human_gut	13	174014.15384615384	2262184	13	2262184	13
ASV743.2	Gold standard	ASV743.2	3891430	1.0	1.0	NA	1.0	1.0	cami3_toy_human_gut	23	169192.60869565216	3891430	23	3891430	23
ASV507.0	Gold standard	ASV507.0	1738196	1.0	1.0	NA	1.0	1.0	cami3_toy_human_gut	12	144849.66666666666	1738196	12	1738196	12
ASV290.9	Gold standard	ASV290.9	2147024	1.0	1.0	NA	1.0	1.0	cami3_toy_human_gut	7	306717.71428571426	2147024	7	2147024	7
ASV406.11	Gold standard	ASV406.11	3672010	1.0	1.0	NA	1.0	1.0	cami3_toy_human_gut	22	166909.54545454544	3672010	22	3672010	22
ASV487.7	Gold standard	ASV487.7	2627047	1.0	1.0	NA	1.0	1.0	cami3_toy_human_gut	18	145947.05555555556	2627047	18	2627047	18
ASV442.10	Gold standard	ASV442.10	2135069	1.0	1.0	NA	1.0	1.0	cami3_toy_human_gut	12	177922.41666666666	2135069	12	2135069	12
ASV444.11	Gold standard	ASV444.11	4106414	1.0	1.0	NA	1.0	1.0	cami3_toy_human_gut	27	152089.40740740742	4106414	27	4106414	27
ASV829.7	Gold standard	ASV829.7	2556838	1.0	1.0	NA	1.0	1.0	cami3_toy_human_gut	11	232439.81818181818	2556838	11	2556838	11
ASV451.6	Gold standard	ASV451.6	2947821	1.0	1.0	NA	1.0	1.0	cami3_toy_human_gut	15	196521.4	2947821	15	2947821	15
ASV547.11	Gold standard	ASV547.11	2067837	1.0	1.0	NA	1.0	1.0	cami3_toy_human_gut	11	187985.18181818182	2067837	11	2067837	11
ASV387.5	Gold standard	ASV387.5	2707190	1.0	1.0	NA	1.0	1.0	cami3_toy_human_gut	15	180479.33333333334	2707190	15	2707190	15
ASV476.7	Gold standard	ASV476.7	3529257	1.0	1.0	NA	1.0	1.0	cami3_toy_human_gut	17	207603.35294117648	3529257	17	3529257	17
ASV810.2	Gold standard	ASV810.2	4155722	1.0	1.0	NA	1.0	1.0	cami3_toy_human_gut	30	138524.06666666668	4155722	30	4155722	30
ASV436.0	Gold standard	ASV436.0	3129519	1.0	1.0	NA	1.0	1.0	cami3_toy_human_gut	21	149024.7142857143	3129519	21	3129519	21
ASV487.1	Gold standard	ASV487.1	3242257	1.0	1.0	NA	1.0	1.0	cami3_toy_human_gut	18	180125.38888888888	3242257	18	3242257	18
ASV507.12	Gold standard	ASV507.12	2435196	1.0	1.0	NA	1.0	1.0	cami3_toy_human_gut	15	162346.4	2435196	15	2435196	15
ASV300.6	Gold standard	ASV300.6	2351154	1.0	1.0	NA	1.0	1.0	cami3_toy_human_gut	16	146947.125	2351154	16	2351154	16
ASV397.2	Gold standard	ASV397.2	2587221	1.0	1.0	NA	1.0	1.0	cami3_toy_human_gut	14	184801.5	2587221	14	2587221	14
ASV174.4	Gold standard	ASV174.4	4186664	1.0	1.0	NA	1.0	1.0	cami3_toy_human_gut	27	155061.62962962964	4186664	27	4186664	27
ASV102.1	Gold standard	ASV102.1	4063681	1.0	1.0	NA	1.0	1.0	cami3_toy_human_gut	22	184712.77272727274	4063681	22	4063681	22
ASV102.17	Gold standard	ASV102.17	4364788	1.0	1.0	NA	1.0	1.0	cami3_toy_human_gut	23	189773.39130434784	4364788	23	4364788	23
ASV829.3	Gold standard	ASV829.3	2561476	1.0	1.0	NA	1.0	1.0	cami3_toy_human_gut	12	213456.33333333334	2561476	12	2561476	12
ASV387.9	Gold standard	ASV387.9	2580035	1.0	1.0	NA	1.0	1.0	cami3_toy_human_gut	16	161252.1875	2580035	16	2580035	16
ASV507.3	Gold standard	ASV507.3	2224732	1.0	1.0	NA	1.0	1.0	cami3_toy_human_gut	14	158909.42857142858	2224732	14	2224732	14
ASV547.8	Gold standard	ASV547.8	1954202	1.0	1.0	NA	1.0	1.0	cami3_toy_human_gut	12	162850.16666666666	1954202	12	1954202	12
ASV426.3	Gold standard	ASV426.3	2645975	1.0	1.0	NA	1.0	1.0	cami3_toy_human_gut	19	139261.84210526315	2645975	19	2645975	19
ASV406.7	Gold standard	ASV406.7	2808131	1.0	1.0	NA	1.0	1.0	cami3_toy_human_gut	18	156007.27777777778	2808131	18	2808131	18
ASV442.11	Gold standard	ASV442.11	2845929	1.0	1.0	NA	1.0	1.0	cami3_toy_human_gut	19	149785.73684210525	2845929	19	2845929	19
ASV399.8	Gold standard	ASV399.8	2420478	1.0	1.0	NA	1.0	1.0	cami3_toy_human_gut	13	186190.61538461538	2420478	13	2420478	13
ASV127.7	Gold standard	ASV127.7	2596005	1.0	1.0	NA	1.0	1.0	cami3_toy_human_gut	19	136631.84210526315	2596005	19	2596005	19
ASV406.5	Gold standard	ASV406.5	2671418	1.0	1.0	NA	1.0	1.0	cami3_toy_human_gut	19	140600.94736842104	2671418	19	2671418	19
ASV150.10	Gold standard	ASV150.10	4082887	1.0	1.0	NA	1.0	1.0	cami3_toy_human_gut	27	151218.03703703705	4082887	27	4082887	27
ASV74.6	Gold standard	ASV74.6	1500136	1.0	1.0	NA	1.0	1.0	cami3_toy_human_gut	8	187517.0	1500136	8	1500136	8
ASV174.19	Gold standard	ASV174.19	3607603	1.0	1.0	NA	1.0	1.0	cami3_toy_human_gut	28	128842.96428571429	3607603	28	3607603	28
ASV406.15	Gold standard	ASV406.15	2603899	1.0	1.0	NA	1.0	1.0	cami3_toy_human_gut	19	137047.31578947368	2603899	19	2603899	19
ASV102.5	Gold standard	ASV102.5	5639524	1.0	1.0	NA	1.0	1.0	cami3_toy_human_gut	33	170894.66666666666	5639524	33	5639524	33
ASV166.9	Gold standard	ASV166.9	2715462	1.0	1.0	NA	1.0	1.0	cami3_toy_human_gut	13	208881.6923076923	2715462	13	2715462	13
ASV487.4	Gold standard	ASV487.4	3365421	1.0	1.0	NA	1.0	1.0	cami3_toy_human_gut	24	140225.875	3365421	24	3365421	24
ASV128.1	Gold standard	ASV128.1	3434328	1.0	1.0	NA	1.0	1.0	cami3_toy_human_gut	23	149318.60869565216	3434328	23	3434328	23
ASV515.1	Gold standard	ASV515.1	1632051	1.0	1.0	NA	1.0	1.0	cami3_toy_human_gut	9	181339.0	1632051	9	1632051	9
ASV484.7	Gold standard	ASV484.7	2456727	1.0	1.0	NA	1.0	1.0	cami3_toy_human_gut	15	163781.8	2456727	15	2456727	15
ASV290.3	Gold standard	ASV290.3	1688057	1.0	1.0	NA	1.0	1.0	cami3_toy_human_gut	9	187561.88888888888	1688057	9	1688057	9
ASV102.14	Gold standard	ASV102.14	5047966	1.0	1.0	NA	1.0	1.0	cami3_toy_human_gut	32	157748.9375	5047966	32	5047966	32
ASV426.7	Gold standard	ASV426.7	2185570	1.0	1.0	NA	1.0	1.0	cami3_toy_human_gut	14	156112.14285714287	2185570	14	2185570	14
ASV484.0	Gold standard	ASV484.0	2273690	1.0	1.0	NA	1.0	1.0	cami3_toy_human_gut	14	162406.42857142858	2273690	14	2273690	14
ASV596.7	Gold standard	ASV596.7	1777493	1.0	1.0	NA	1.0	1.0	cami3_toy_human_gut	10	177749.3	1777493	10	1777493	10
ASV102.15	Gold standard	ASV102.15	5129716	1.0	1.0	NA	1.0	1.0	cami3_toy_human_gut	33	155445.9393939394	5129716	33	5129716	33
ASV73.2	Gold standard	ASV73.2	1904171	1.0	1.0	NA	1.0	1.0	cami3_toy_human_gut	12	158680.91666666666	1904171	12	1904171	12
ASV830.3	Gold standard	ASV830.3	1676455	1.0	1.0	NA	1.0	1.0	cami3_toy_human_gut	12	139704.58333333334	1676455	12	1676455	12
ASV484.3	Gold standard	ASV484.3	1581389	1.0	1.0	NA	1.0	1.0	cami3_toy_human_gut	12	131782.41666666666	1581389	12	1581389	12
ASV540.7	Gold standard	ASV540.7	1560717	1.0	1.0	NA	1.0	1.0	cami3_toy_human_gut	12	130059.75	1560717	12	1560717	12
ASV290.8	Gold standard	ASV290.8	1123324	1.0	1.0	NA	1.0	1.0	cami3_toy_human_gut	7	160474.85714285713	1123324	7	1123324	7
ASV87.3	Gold standard	ASV87.3	1982685	1.0	1.0	NA	1.0	1.0	cami3_toy_human_gut	12	165223.75	1982685	12	1982685	12
fASV195.9	Gold standard	fASV195.9	16405735	1.0	1.0	NA	1.0	1.0	cami3_toy_human_gut	135	121523.96296296296	16405735	135	16405735	135
ASV655.14	Gold standard	ASV655.14	4237416	1.0	1.0	NA	1.0	1.0	cami3_toy_human_gut	27	156941.33333333334	4237416	27	4237416	27
ASV387.3	Gold standard	ASV387.3	2803296	1.0	1.0	NA	1.0	1.0	cami3_toy_human_gut	15	186886.4	2803296	15	2803296	15
ASV101.1	Gold standard	ASV101.1	3817224	1.0	1.0	NA	1.0	1.0	cami3_toy_human_gut	27	141378.66666666666	3817224	27	3817224	27
ASV300.9	Gold standard	ASV300.9	2619296	1.0	1.0	NA	1.0	1.0	cami3_toy_human_gut	20	130964.8	2619296	20	2619296	20
fASV198.4	Gold standard	fASV198.4	7488736	1.0	1.0	NA	1.0	1.0	cami3_toy_human_gut	50	149774.72	7488736	50	7488736	50
vASV59.0	Gold standard	vASV59.0	286782	1.0	1.0	NA	1.0	1.0	cami3_toy_human_gut	1	286782.0	286782	1	286782	1
ASV829.6	Gold standard	ASV829.6	2387704	1.0	1.0	NA	1.0	1.0	cami3_toy_human_gut	15	159180.26666666666	2387704	15	2387704	15
ASV300.2	Gold standard	ASV300.2	2099723	1.0	1.0	NA	1.0	1.0	cami3_toy_human_gut	15	139981.53333333333	2099723	15	2099723	15
ASV487.10	Gold standard	ASV487.10	2758606	1.0	1.0	NA	1.0	1.0	cami3_toy_human_gut	20	137930.3	2758606	20	2758606	20
ASV487.3	Gold standard	ASV487.3	2952839	1.0	1.0	NA	1.0	1.0	cami3_toy_human_gut	21	140611.38095238095	2952839	21	2952839	21
ASV507.5	Gold standard	ASV507.5	2362778	1.0	1.0	NA	1.0	1.0	cami3_toy_human_gut	15	157518.53333333333	2362778	15	2362778	15
ASV387.8	Gold standard	ASV387.8	2725564	1.0	1.0	NA	1.0	1.0	cami3_toy_human_gut	19	143450.73684210525	2725564	19	2725564	19
ASV547.7	Gold standard	ASV547.7	1546995	1.0	1.0	NA	1.0	1.0	cami3_toy_human_gut	10	154699.5	1546995	10	1546995	10
ASV149.2	Gold standard	ASV149.2	2852967	1.0	1.0	NA	1.0	1.0	cami3_toy_human_gut	17	167821.58823529413	2852967	17	2852967	17
ASV507.1	Gold standard	ASV507.1	2031511	1.0	1.0	NA	1.0	1.0	cami3_toy_human_gut	15	135434.06666666668	2031511	15	2031511	15
ASV124.11	Gold standard	ASV124.11	3852026	1.0	1.0	NA	1.0	1.0	cami3_toy_human_gut	30	128400.86666666667	3852026	30	3852026	30
ASV410.0	Gold standard	ASV410.0	3081434	1.0	1.0	NA	1.0	1.0	cami3_toy_human_gut	18	171190.77777777778	3081434	18	3081434	18
ASV442.5	Gold standard	ASV442.5	2313622	1.0	1.0	NA	1.0	1.0	cami3_toy_human_gut	15	154241.46666666667	2313622	15	2313622	15
ASV150.14	Gold standard	ASV150.14	4503050	1.0	1.0	NA	1.0	1.0	cami3_toy_human_gut	33	136456.0606060606	4503050	33	4503050	33
ASV484.9	Gold standard	ASV484.9	2286028	1.0	1.0	NA	1.0	1.0	cami3_toy_human_gut	14	163287.7142857143	2286028	14	2286028	14
vASV77.0	Gold standard	vASV77.0	301539	1.0	1.0	NA	1.0	1.0	cami3_toy_human_gut	1	301539.0	301539	1	301539	1
ASV547.5	Gold standard	ASV547.5	1142120	1.0	1.0	NA	1.0	1.0	cami3_toy_human_gut	9	126902.22222222222	1142120	9	1142120	9
ASV487.6	Gold standard	ASV487.6	2321847	1.0	1.0	NA	1.0	1.0	cami3_toy_human_gut	15	154789.8	2321847	15	2321847	15
ASV525.9	Gold standard	ASV525.9	2323483	1.0	1.0	NA	1.0	1.0	cami3_toy_human_gut	16	145217.6875	2323483	16	2323483	16
ASV399.5	Gold standard	ASV399.5	1606363	1.0	1.0	NA	1.0	1.0	cami3_toy_human_gut	14	114740.21428571429	1606363	14	1606363	14
ASV487.12	Gold standard	ASV487.12	1992439	1.0	1.0	NA	1.0	1.0	cami3_toy_human_gut	14	142317.07142857142	1992439	14	1992439	14
vASV65.0	Gold standard	vASV65.0	265384	1.0	1.0	NA	1.0	1.0	cami3_toy_human_gut	1	265384.0	265384	1	265384	1
ASV102.12	Gold standard	ASV102.12	3379594	1.0	1.0	NA	1.0	1.0	cami3_toy_human_gut	25	135183.76	3379594	25	3379594	25
ASV165.10	Gold standard	ASV165.10	2563776	1.0	1.0	NA	1.0	1.0	cami3_toy_human_gut	20	128188.8	2563776	20	2563776	20
ASV101.3	Gold standard	ASV101.3	3689617	1.0	1.0	NA	1.0	1.0	cami3_toy_human_gut	29	127228.1724137931	3689617	29	3689617	29
ASV466.8	Gold standard	ASV466.8	2086974	1.0	1.0	NA	1.0	1.0	cami3_toy_human_gut	17	122763.17647058824	2086974	17	2086974	17
pASV52	Gold standard	pASV52	2727535	1.0	1.0	NA	1.0	1.0	cami3_toy_human_gut	10	272753.5	2727535	10	2727535	10
ASV290.1	Gold standard	ASV290.1	1457934	1.0	1.0	NA	1.0	1.0	cami3_toy_human_gut	11	132539.45454545456	1457934	11	1457934	11
ASV426.0	Gold standard	ASV426.0	1569883	1.0	1.0	NA	1.0	1.0	cami3_toy_human_gut	10	156988.3	1569883	10	1569883	10
ASV387.0	Gold standard	ASV387.0	2416120	1.0	1.0	NA	1.0	1.0	cami3_toy_human_gut	18	134228.88888888888	2416120	18	2416120	18
ASV290.7	Gold standard	ASV290.7	1046734	1.0	1.0	NA	1.0	1.0	cami3_toy_human_gut	8	130841.75	1046734	8	1046734	8
ASV426.10	Gold standard	ASV426.10	2103117	1.0	1.0	NA	1.0	1.0	cami3_toy_human_gut	12	175259.75	2103117	12	2103117	12
ASV540.8	Gold standard	ASV540.8	1802186	1.0	1.0	NA	1.0	1.0	cami3_toy_human_gut	15	120145.73333333334	1802186	15	1802186	15
ASV692.1	Gold standard	ASV692.1	1250226	1.0	1.0	NA	1.0	1.0	cami3_toy_human_gut	8	156278.25	1250226	8	1250226	8
pASV7	Gold standard	pASV7	2243322	1.0	1.0	NA	1.0	1.0	cami3_toy_human_gut	10	224332.2	2243322	10	2243322	10
pASV19	Gold standard	pASV19	2075700	1.0	1.0	NA	1.0	1.0	cami3_toy_human_gut	11	188700.0	2075700	11	2075700	11
ASV290.6	Gold standard	ASV290.6	1628591	1.0	1.0	NA	1.0	1.0	cami3_toy_human_gut	12	135715.91666666666	1628591	12	1628591	12
ASV174.7	Gold standard	ASV174.7	2686451	1.0	1.0	NA	1.0	1.0	cami3_toy_human_gut	22	122111.40909090909	2686451	22	2686451	22
ASV149.0	Gold standard	ASV149.0	2707232	1.0	1.0	NA	1.0	1.0	cami3_toy_human_gut	23	117705.73913043478	2707232	23	2707232	23
ASV124.9	Gold standard	ASV124.9	2014957	1.0	1.0	NA	1.0	1.0	cami3_toy_human_gut	18	111942.05555555556	2014957	18	2014957	18
ASV507.2	Gold standard	ASV507.2	2465212	1.0	1.0	NA	1.0	1.0	cami3_toy_human_gut	17	145012.4705882353	2465212	17	2465212	17
ASV487.11	Gold standard	ASV487.11	2375553	1.0	1.0	NA	1.0	1.0	cami3_toy_human_gut	20	118777.65	2375553	20	2375553	20
ASV166.10	Gold standard	ASV166.10	2300933	1.0	1.0	NA	1.0	1.0	cami3_toy_human_gut	17	135349.0	2300933	17	2300933	17
pASV32	Gold standard	pASV32	2475511	1.0	1.0	NA	1.0	1.0	cami3_toy_human_gut	10	247551.1	2475511	10	2475511	10
ASV139.5	Gold standard	ASV139.5	3139675	1.0	1.0	NA	1.0	1.0	cami3_toy_human_gut	23	136507.60869565216	3139675	23	3139675	23
ASV399.6	Gold standard	ASV399.6	2367245	1.0	1.0	NA	1.0	1.0	cami3_toy_human_gut	16	147952.8125	2367245	16	2367245	16
ASV547.1	Gold standard	ASV547.1	1357479	1.0	1.0	NA	1.0	1.0	cami3_toy_human_gut	11	123407.18181818182	1357479	11	1357479	11
pASV53	Gold standard	pASV53	2516932	1.0	1.0	NA	1.0	1.0	cami3_toy_human_gut	10	251693.2	2516932	10	2516932	10
ASV266.3	Gold standard	ASV266.3	1296159	1.0	1.0	NA	1.0	1.0	cami3_toy_human_gut	12	108013.25	1296159	12	1296159	12
ASV714.0	Gold standard	ASV714.0	2453198	1.0	1.0	NA	1.0	1.0	cami3_toy_human_gut	23	106660.78260869565	2453198	23	2453198	23
ASV540.9	Gold standard	ASV540.9	1150952	1.0	1.0	NA	1.0	1.0	cami3_toy_human_gut	10	115095.2	1150952	10	1150952	10
ASV426.4	Gold standard	ASV426.4	2104747	1.0	1.0	NA	1.0	1.0	cami3_toy_human_gut	17	123808.64705882352	2104747	17	2104747	17
ASV174.18	Gold standard	ASV174.18	3536041	1.0	1.0	NA	1.0	1.0	cami3_toy_human_gut	30	117868.03333333334	3536041	30	3536041	30
ASV397.8	Gold standard	ASV397.8	1050590	1.0	1.0	NA	1.0	1.0	cami3_toy_human_gut	9	116732.22222222222	1050590	9	1050590	9
ASV564.0	Gold standard	ASV564.0	734923	1.0	1.0	NA	1.0	1.0	cami3_toy_human_gut	6	122487.16666666667	734923	6	734923	6
ASV540.10	Gold standard	ASV540.10	1334476	1.0	1.0	NA	1.0	1.0	cami3_toy_human_gut	10	133447.6	1334476	10	1334476	10
ASV399.9	Gold standard	ASV399.9	1704701	1.0	1.0	NA	1.0	1.0	cami3_toy_human_gut	14	121764.35714285714	1704701	14	1704701	14
ASV540.0	Gold standard	ASV540.0	1498983	1.0	1.0	NA	1.0	1.0	cami3_toy_human_gut	12	124915.25	1498983	12	1498983	12
pASV11	Gold standard	pASV11	2105148	1.0	1.0	NA	1.0	1.0	cami3_toy_human_gut	10	210514.8	2105148	10	2105148	10
ASV573.4	Gold standard	ASV573.4	1178712	1.0	1.0	NA	1.0	1.0	cami3_toy_human_gut	10	117871.2	1178712	10	1178712	10
fASV201.3	Gold standard	fASV201.3	8625577	1.0	1.0	NA	1.0	1.0	cami3_toy_human_gut	81	106488.6049382716	8625577	81	8625577	81
ASV300.8	Gold standard	ASV300.8	1433645	1.0	1.0	NA	1.0	1.0	cami3_toy_human_gut	13	110280.38461538461	1433645	13	1433645	13
ASV266.10	Gold standard	ASV266.10	1367936	1.0	1.0	NA	1.0	1.0	cami3_toy_human_gut	10	136793.6	1367936	10	1367936	10
ASV406.1	Gold standard	ASV406.1	2721485	1.0	1.0	NA	1.0	1.0	cami3_toy_human_gut	21	129594.52380952382	2721485	21	2721485	21
vASV11.7	Gold standard	vASV11.7	168215	1.0	1.0	NA	1.0	1.0	cami3_toy_human_gut	1	168215.0	168215	1	168215	1
hvASV35.6	Gold standard	hvASV35.6	168218	1.0	1.0	NA	1.0	1.0	cami3_toy_human_gut	1	168218.0	168218	1	168218	1
vASV51.0	Gold standard	vASV51.0	168467	1.0	1.0	NA	1.0	1.0	cami3_toy_human_gut	1	168467.0	168467	1	168467	1
vASV11.0	Gold standard	vASV11.0	168797	1.0	1.0	NA	1.0	1.0	cami3_toy_human_gut	1	168797.0	168797	1	168797	1
hvASV23.6	Gold standard	hvASV23.6	169123	1.0	1.0	NA	1.0	1.0	cami3_toy_human_gut	1	169123.0	169123	1	169123	1
hvASV28.6	Gold standard	hvASV28.6	169282	1.0	1.0	NA	1.0	1.0	cami3_toy_human_gut	1	169282.0	169282	1	169282	1
vASV11.3	Gold standard	vASV11.3	169584	1.0	1.0	NA	1.0	1.0	cami3_toy_human_gut	1	169584.0	169584	1	169584	1
vASV12.0	Gold standard	vASV12.0	170314	1.0	1.0	NA	1.0	1.0	cami3_toy_human_gut	1	170314.0	170314	1	170314	1
vASV8.0	Gold standard	vASV8.0	170818	1.0	1.0	NA	1.0	1.0	cami3_toy_human_gut	1	170818.0	170818	1	170818	1
vASV55.0	Gold standard	vASV55.0	172729	1.0	1.0	NA	1.0	1.0	cami3_toy_human_gut	1	172729.0	172729	1	172729	1
vASV64.0	Gold standard	vASV64.0	175201	1.0	1.0	NA	1.0	1.0	cami3_toy_human_gut	1	175201.0	175201	1	175201	1
vASV68.0	Gold standard	vASV68.0	178165	1.0	1.0	NA	1.0	1.0	cami3_toy_human_gut	1	178165.0	178165	1	178165	1
ASV300.4	Gold standard	ASV300.4	1899237	1.0	1.0	NA	1.0	1.0	cami3_toy_human_gut	17	111719.82352941176	1899237	17	1899237	17
pASV9	Gold standard	pASV9	1886217	1.0	1.0	NA	1.0	1.0	cami3_toy_human_gut	10	188621.7	1886217	10	1886217	10
ASV65.2	Gold standard	ASV65.2	654257	1.0	1.0	NA	1.0	1.0	cami3_toy_human_gut	6	109042.83333333333	654257	6	654257	6
ASV397.12	Gold standard	ASV397.12	1282815	1.0	1.0	NA	1.0	1.0	cami3_toy_human_gut	12	106901.25	1282815	12	1282815	12
ASV300.3	Gold standard	ASV300.3	984095	1.0	1.0	NA	1.0	1.0	cami3_toy_human_gut	9	109343.88888888889	984095	9	984095	9
pASV39	Gold standard	pASV39	1591458	1.0	1.0	NA	1.0	1.0	cami3_toy_human_gut	10	159145.8	1591458	10	1591458	10
ASV540.1	Gold standard	ASV540.1	1046668	1.0	1.0	NA	1.0	1.0	cami3_toy_human_gut	9	116296.44444444444	1046668	9	1046668	9
fASV195.1	Gold standard	fASV195.1	3014475	1.0	1.0	NA	1.0	1.0	cami3_toy_human_gut	33	91347.72727272728	3014475	33	3014475	33
hvASV12.8	Gold standard	hvASV12.8	159837	1.0	1.0	NA	1.0	1.0	cami3_toy_human_gut	1	159837.0	159837	1	159837	1
vASV81.0	Gold standard	vASV81.0	162324	1.0	1.0	NA	1.0	1.0	cami3_toy_human_gut	1	162324.0	162324	1	162324	1
fASV195.8	Gold standard	fASV195.8	6075484	1.0	1.0	NA	1.0	1.0	cami3_toy_human_gut	66	92052.78787878787	6075484	66	6075484	66
hvASV40.9	Gold standard	hvASV40.9	164703	1.0	1.0	NA	1.0	1.0	cami3_toy_human_gut	1	164703.0	164703	1	164703	1
vASV47.0	Gold standard	vASV47.0	164983	1.0	1.0	NA	1.0	1.0	cami3_toy_human_gut	1	164983.0	164983	1	164983	1
ASV266.9	Gold standard	ASV266.9	349233	1.0	1.0	NA	1.0	1.0	cami3_toy_human_gut	3	116411.0	349233	3	349233	3
hvASV39.9	Gold standard	hvASV39.9	166484	1.0	1.0	NA	1.0	1.0	cami3_toy_human_gut	1	166484.0	166484	1	166484	1
hvASV39.11	Gold standard	hvASV39.11	167280	1.0	1.0	NA	1.0	1.0	cami3_toy_human_gut	1	167280.0	167280	1	167280	1
vASV11.6	Gold standard	vASV11.6	167668	1.0	1.0	NA	1.0	1.0	cami3_toy_human_gut	1	167668.0	167668	1	167668	1
vASV11.4	Gold standard	vASV11.4	167690	1.0	1.0	NA	1.0	1.0	cami3_toy_human_gut	1	167690.0	167690	1	167690	1
vASV43.0	Gold standard	vASV43.0	167710	1.0	1.0	NA	1.0	1.0	cami3_toy_human_gut	1	167710.0	167710	1	167710	1
hvASV37.4	Gold standard	hvASV37.4	168056	1.0	1.0	NA	1.0	1.0	cami3_toy_human_gut	1	168056.0	168056	1	168056	1
vASV42.0	Gold standard	vASV42.0	129448	1.0	1.0	NA	1.0	1.0	cami3_toy_human_gut	1	129448.0	129448	1	129448	1
vASV32.0	Gold standard	vASV32.0	131694	1.0	1.0	NA	1.0	1.0	cami3_toy_human_gut	1	131694.0	131694	1	131694	1
vASV100.0	Gold standard	vASV100.0	132945	1.0	1.0	NA	1.0	1.0	cami3_toy_human_gut	1	132945.0	132945	1	132945	1
ASV451.8	Gold standard	ASV451.8	1272060	1.0	1.0	NA	1.0	1.0	cami3_toy_human_gut	13	97850.76923076923	1272060	13	1272060	13
ASV547.0	Gold standard	ASV547.0	1116731	1.0	1.0	NA	1.0	1.0	cami3_toy_human_gut	12	93060.91666666667	1116731	12	1116731	12
ASV23.9	Gold standard	ASV23.9	765435	1.0	1.0	NA	1.0	1.0	cami3_toy_human_gut	8	95679.375	765435	8	765435	8
pASV0	Gold standard	pASV0	1424778	1.0	1.0	NA	1.0	1.0	cami3_toy_human_gut	10	142477.8	1424778	10	1424778	10
hvASV33.3	Gold standard	hvASV33.3	147645	1.0	1.0	NA	1.0	1.0	cami3_toy_human_gut	1	147645.0	147645	1	147645	1
pASV29	Gold standard	pASV29	1479548	1.0	1.0	NA	1.0	1.0	cami3_toy_human_gut	10	147954.8	1479548	10	1479548	10
vASV7.0	Gold standard	vASV7.0	148610	1.0	1.0	NA	1.0	1.0	cami3_toy_human_gut	1	148610.0	148610	1	148610	1
vASV56.0	Gold standard	vASV56.0	149266	1.0	1.0	NA	1.0	1.0	cami3_toy_human_gut	1	149266.0	149266	1	149266	1
vASV40.0	Gold standard	vASV40.0	151192	1.0	1.0	NA	1.0	1.0	cami3_toy_human_gut	1	151192.0	151192	1	151192	1
ASV547.9	Gold standard	ASV547.9	906014	1.0	1.0	NA	1.0	1.0	cami3_toy_human_gut	9	100668.22222222222	906014	9	906014	9
pASV37	Gold standard	pASV37	1523940	1.0	1.0	NA	1.0	1.0	cami3_toy_human_gut	10	152394.0	1523940	10	1523940	10
ASV442.0	Gold standard	ASV442.0	846690	1.0	1.0	NA	1.0	1.0	cami3_toy_human_gut	8	105836.25	846690	8	846690	8
ASV815.9	Gold standard	ASV815.9	597056	1.0	1.0	NA	1.0	1.0	cami3_toy_human_gut	6	99509.33333333333	597056	6	597056	6
vASV11.9	Gold standard	vASV11.9	107262	1.0	1.0	NA	1.0	1.0	cami3_toy_human_gut	1	107262.0	107262	1	107262	1
pASV72	Gold standard	pASV72	907728	1.0	1.0	NA	1.0	1.0	cami3_toy_human_gut	9	100858.66666666667	907728	9	907728	9
vASV80.0	Gold standard	vASV80.0	108414	1.0	1.0	NA	1.0	1.0	cami3_toy_human_gut	1	108414.0	108414	1	108414	1
ASV284.4	Gold standard	ASV284.4	269781	1.0	1.0	NA	1.0	1.0	cami3_toy_human_gut	3	89927.0	269781	3	269781	3
ASV551.0	Gold standard	ASV551.0	676824	1.0	1.0	NA	1.0	1.0	cami3_toy_human_gut	7	96689.14285714286	676824	7	676824	7
pASV71	Gold standard	pASV71	787707	1.0	1.0	NA	1.0	1.0	cami3_toy_human_gut	8	98463.375	787707	8	787707	8
ASV397.6	Gold standard	ASV397.6	296950	1.0	1.0	NA	1.0	1.0	cami3_toy_human_gut	3	98983.33333333333	296950	3	296950	3
ASV397.3	Gold standard	ASV397.3	704869	1.0	1.0	NA	1.0	1.0	cami3_toy_human_gut	8	88108.625	704869	8	704869	8
vASV60.0	Gold standard	vASV60.0	114647	1.0	1.0	NA	1.0	1.0	cami3_toy_human_gut	1	114647.0	114647	1	114647	1
ASV290.2	Gold standard	ASV290.2	378838	1.0	1.0	NA	1.0	1.0	cami3_toy_human_gut	4	94709.5	378838	4	378838	4
pASV28	Gold standard	pASV28	1197671	1.0	1.0	NA	1.0	1.0	cami3_toy_human_gut	10	119767.1	1197671	10	1197671	10
ASV451.10	Gold standard	ASV451.10	600162	1.0	1.0	NA	1.0	1.0	cami3_toy_human_gut	7	85737.42857142857	600162	7	600162	7
pASV6	Gold standard	pASV6	1233478	1.0	1.0	NA	1.0	1.0	cami3_toy_human_gut	10	123347.8	1233478	10	1233478	10
fASV194.10	Gold standard	fASV194.10	1600779	1.0	1.0	NA	1.0	1.0	cami3_toy_human_gut	17	94163.4705882353	1600779	17	1600779	17
ASV484.6	Gold standard	ASV484.6	507574	1.0	1.0	NA	1.0	1.0	cami3_toy_human_gut	5	101514.8	507574	5	507574	5
ASV290.11	Gold standard	ASV290.11	681472	1.0	1.0	NA	1.0	1.0	cami3_toy_human_gut	7	97353.14285714286	681472	7	681472	7
pASV27	Gold standard	pASV27	934583	1.0	1.0	NA	1.0	1.0	cami3_toy_human_gut	10	93458.3	934583	10	934583	10
hvASV45.0	Gold standard	hvASV45.0	93554	1.0	1.0	NA	1.0	1.0	cami3_toy_human_gut	1	93554.0	93554	1	93554	1
pASV41	Gold standard	pASV41	936367	1.0	1.0	NA	1.0	1.0	cami3_toy_human_gut	10	93636.7	936367	10	936367	10
pASV40	Gold standard	pASV40	937832	1.0	1.0	NA	1.0	1.0	cami3_toy_human_gut	10	93783.2	937832	10	937832	10
pASV42	Gold standard	pASV42	940249	1.0	1.0	NA	1.0	1.0	cami3_toy_human_gut	10	94024.9	940249	10	940249	10
hvASV40.11	Gold standard	hvASV40.11	94475	1.0	1.0	NA	1.0	1.0	cami3_toy_human_gut	1	94475.0	94475	1	94475	1
vASV19.0	Gold standard	vASV19.0	186752	1.0	1.0	NA	1.0	1.0	cami3_toy_human_gut	2	93376.0	186752	2	186752	2
vASV27.0	Gold standard	vASV27.0	97528	1.0	1.0	NA	1.0	1.0	cami3_toy_human_gut	1	97528.0	97528	1	97528	1
pASV17	Gold standard	pASV17	867836	1.0	1.0	NA	1.0	1.0	cami3_toy_human_gut	9	96426.22222222222	867836	9	867836	9
hvASV37.0	Gold standard	hvASV37.0	99676	1.0	1.0	NA	1.0	1.0	cami3_toy_human_gut	1	99676.0	99676	1	99676	1
ASV23.7	Gold standard	ASV23.7	190690	1.0	1.0	NA	1.0	1.0	cami3_toy_human_gut	2	95345.0	190690	2	190690	2
vASV72.0	Gold standard	vASV72.0	99983	1.0	1.0	NA	1.0	1.0	cami3_toy_human_gut	1	99983.0	99983	1	99983	1
hvASV2.2	Gold standard	hvASV2.2	101658	1.0	1.0	NA	1.0	1.0	cami3_toy_human_gut	1	101658.0	101658	1	101658	1
pASV50	Gold standard	pASV50	1047432	1.0	1.0	NA	1.0	1.0	cami3_toy_human_gut	10	104743.2	1047432	10	1047432	10
vASV11.5	Gold standard	vASV11.5	105641	1.0	1.0	NA	1.0	1.0	cami3_toy_human_gut	1	105641.0	105641	1	105641	1
ASV290.10	Gold standard	ASV290.10	425819	1.0	1.0	NA	1.0	1.0	cami3_toy_human_gut	5	85163.8	425819	5	425819	5
ASV655.5	Gold standard	ASV655.5	5322646	1.0	1.0	NA	1.0	1.0	cami3_toy_human_gut	1	5322646.0	5322646	1	5322646	1
pASV79	Gold standard	pASV79	74094	1.0	1.0	NA	1.0	1.0	cami3_toy_human_gut	1	74094.0	74094	1	74094	1
ASV442.7	Gold standard	ASV442.7	74219	1.0	1.0	NA	1.0	1.0	cami3_toy_human_gut	1	74219.0	74219	1	74219	1
hvASV8.3	Gold standard	hvASV8.3	74696	1.0	1.0	NA	1.0	1.0	cami3_toy_human_gut	1	74696.0	74696	1	74696	1
hvASV23.0	Gold standard	hvASV23.0	74972	1.0	1.0	NA	1.0	1.0	cami3_toy_human_gut	1	74972.0	74972	1	74972	1
hvASV2.4	Gold standard	hvASV2.4	74992	1.0	1.0	NA	1.0	1.0	cami3_toy_human_gut	1	74992.0	74992	1	74992	1
ASV573.7	Gold standard	ASV573.7	75611	1.0	1.0	NA	1.0	1.0	cami3_toy_human_gut	1	75611.0	75611	1	75611	1
vASV86.0	Gold standard	vASV86.0	75745	1.0	1.0	NA	1.0	1.0	cami3_toy_human_gut	1	75745.0	75745	1	75745	1
hvASV23.9	Gold standard	hvASV23.9	75790	1.0	1.0	NA	1.0	1.0	cami3_toy_human_gut	1	75790.0	75790	1	75790	1
pASV74	Gold standard	pASV74	75992	1.0	1.0	NA	1.0	1.0	cami3_toy_human_gut	1	75992.0	75992	1	75992	1
hvASV28.8	Gold standard	hvASV28.8	76617	1.0	1.0	NA	1.0	1.0	cami3_toy_human_gut	1	76617.0	76617	1	76617	1
vASV76.0	Gold standard	vASV76.0	76626	1.0	1.0	NA	1.0	1.0	cami3_toy_human_gut	1	76626.0	76626	1	76626	1
vASV58.0	Gold standard	vASV58.0	76899	1.0	1.0	NA	1.0	1.0	cami3_toy_human_gut	1	76899.0	76899	1	76899	1
hvASV33.7	Gold standard	hvASV33.7	77255	1.0	1.0	NA	1.0	1.0	cami3_toy_human_gut	1	77255.0	77255	1	77255	1
vASV29.0	Gold standard	vASV29.0	77310	1.0	1.0	NA	1.0	1.0	cami3_toy_human_gut	1	77310.0	77310	1	77310	1
pASV31	Gold standard	pASV31	781026	1.0	1.0	NA	1.0	1.0	cami3_toy_human_gut	10	78102.6	781026	10	781026	10
ASV399.7	Gold standard	ASV399.7	3172601	1.0	1.0	NA	1.0	1.0	cami3_toy_human_gut	1	3172601.0	3172601	1	3172601	1
ASV300.1	Gold standard	ASV300.1	3228725	1.0	1.0	NA	1.0	1.0	cami3_toy_human_gut	1	3228725.0	3228725	1	3228725	1
ASV399.1	Gold standard	ASV399.1	3284788	1.0	1.0	NA	1.0	1.0	cami3_toy_human_gut	1	3284788.0	3284788	1	3284788	1
ASV442.3	Gold standard	ASV442.3	3312277	1.0	1.0	NA	1.0	1.0	cami3_toy_human_gut	1	3312277.0	3312277	1	3312277	1
ASV466.9	Gold standard	ASV466.9	3316580	1.0	1.0	NA	1.0	1.0	cami3_toy_human_gut	1	3316580.0	3316580	1	3316580	1
ASV470.1	Gold standard	ASV470.1	3320456	1.0	1.0	NA	1.0	1.0	cami3_toy_human_gut	1	3320456.0	3320456	1	3320456	1
ASV399.11	Gold standard	ASV399.11	3588820	1.0	1.0	NA	1.0	1.0	cami3_toy_human_gut	1	3588820.0	3588820	1	3588820	1
ASV399.4	Gold standard	ASV399.4	3590718	1.0	1.0	NA	1.0	1.0	cami3_toy_human_gut	1	3590718.0	3590718	1	3590718	1
ASV487.13	Gold standard	ASV487.13	3606297	1.0	1.0	NA	1.0	1.0	cami3_toy_human_gut	1	3606297.0	3606297	1	3606297	1
ASV406.18	Gold standard	ASV406.18	3649937	1.0	1.0	NA	1.0	1.0	cami3_toy_human_gut	1	3649937.0	3649937	1	3649937	1
ASV689.6	Gold standard	ASV689.6	4723238	1.0	1.0	NA	1.0	1.0	cami3_toy_human_gut	1	4723238.0	4723238	1	4723238	1
ASV741.4	Gold standard	ASV741.4	4735669	1.0	1.0	NA	1.0	1.0	cami3_toy_human_gut	1	4735669.0	4735669	1	4735669	1
ASV741.8	Gold standard	ASV741.8	4915566	1.0	1.0	NA	1.0	1.0	cami3_toy_human_gut	1	4915566.0	4915566	1	4915566	1
ASV687.8	Gold standard	ASV687.8	4933540	1.0	1.0	NA	1.0	1.0	cami3_toy_human_gut	1	4933540.0	4933540	1	4933540	1
ASV741.11	Gold standard	ASV741.11	4978154	1.0	1.0	NA	1.0	1.0	cami3_toy_human_gut	1	4978154.0	4978154	1	4978154	1
ASV741.3	Gold standard	ASV741.3	5254422	1.0	1.0	NA	1.0	1.0	cami3_toy_human_gut	1	5254422.0	5254422	1	5254422	1
bin_2885	comebin_v11	ASV65.2	654257	1.0	1.0	NA	1.0	1.0	cami3_toy_human_gut	6	109042.83333333333	654257	6	654257	6
bin_289	comebin_v11	ASV442.0	846690	1.0	1.0	NA	1.0	1.0	cami3_toy_human_gut	8	105836.25	846690	8	846690	8
bin_29	comebin_v11	ASV387.12	2804088	0.9133834158360209	0.3333333333333333	NA	1.0	1.0	cami3_toy_human_gut	1	1023333.6666666666	3070001	3	2804088	1
bin_291	comebin_v11	ASV564.0	734923	0.896618236075646	0.8571428571428571	NA	1.0	1.0	cami3_toy_human_gut	6	117094.42857142857	819661	7	734923	6
bin_296	comebin_v11	ASV266.11	1768028	1.0	1.0	NA	1.0	1.0	cami3_toy_human_gut	6	294671.3333333333	1768028	6	1768028	6
bin_297	comebin_v11	vASV77.0	301539	0.3932064281914061	0.2	NA	1.0	1.0	cami3_toy_human_gut	1	153374.4	766872	5	301539	1
bin_298	comebin_v11	ASV23.9	765435	1.0	1.0	NA	1.0	1.0	cami3_toy_human_gut	8	95679.375	765435	8	765435	8
bin_3	comebin_v11	ASV741.0	5702623	1.0	1.0	NA	1.0	1.0	cami3_toy_human_gut	1	5702623.0	5702623	1	5702623	1
bin_30	comebin_v11	ASV329.2	2770538	1.0	1.0	NA	1.0	1.0	cami3_toy_human_gut	1	2770538.0	2770538	1	2770538	1
bin_308	comebin_v11	ASV551.0	676824	1.0	1.0	NA	1.0	1.0	cami3_toy_human_gut	7	96689.14285714286	676824	7	676824	7
bin_309	comebin_v11	vASV55.0	172729	0.25662591352846703	0.25	NA	1.0	1.0	cami3_toy_human_gut	1	168269.25	673077	4	172729	1
bin_109	comebin_v11	ASV149.2	2852967	1.0	1.0	NA	1.0	1.0	cami3_toy_human_gut	17	167821.58823529413	2852967	17	2852967	17
bin_11	comebin_v11	ASV689.6	4723238	1.0	1.0	NA	1.0	1.0	cami3_toy_human_gut	1	4723238.0	4723238	1	4723238	1
bin_111	comebin_v11	ASV137.1	4785079	1.0	1.0	NA	1.0	1.0	cami3_toy_human_gut	11	435007.1818181818	4785079	11	4785079	11
bin_1138	comebin_v11	ASV387.11	2550096	0.9717187151694823	0.9444444444444444	NA	1.0	1.0	cami3_toy_human_gut	17	145795.27777777778	2624315	18	2550096	17
bin_794	comebin_v11	ASV329.0	2703345	1.0	1.0	NA	1.0	1.0	cami3_toy_human_gut	11	245758.63636363635	2703345	11	2703345	11
bin_8	comebin_v11	ASV687.8	4933540	1.0	1.0	NA	1.0	1.0	cami3_toy_human_gut	1	4933540.0	4933540	1	4933540	1
bin_722	comebin_v11	ASV73.2	1904171	1.0	1.0	NA	1.0	1.0	cami3_toy_human_gut	12	158680.91666666666	1904171	12	1904171	12
bin_1176	comebin_v11	ASV300.6	2351154	1.0	1.0	NA	1.0	1.0	cami3_toy_human_gut	16	146947.125	2351154	16	2351154	16
bin_1179	comebin_v11	fASV198.4	7488736	1.0	1.0	NA	1.0	1.0	cami3_toy_human_gut	50	149774.72	7488736	50	7488736	50
bin_12	comebin_v11	ASV406.18	3649937	1.0	1.0	NA	1.0	1.0	cami3_toy_human_gut	1	3649937.0	3649937	1	3649937	1
bin_123	comebin_v11	ASV487.0	1501006	0.6355019344415268	0.5	NA	1.0	1.0	cami3_toy_human_gut	1	1180961.0	2361922	2	1501006	1
bin_31	comebin_v11	ASV329.1	2770501	1.0	1.0	NA	1.0	1.0	cami3_toy_human_gut	1	2770501.0	2770501	1	2770501	1
bin_2766	comebin_v11	ASV300.8	1433645	1.0	1.0	NA	1.0	1.0	cami3_toy_human_gut	13	110280.38461538461	1433645	13	1433645	13
bin_28	comebin_v11	ASV166.14	2857422	1.0	1.0	NA	1.0	1.0	cami3_toy_human_gut	1	2857422.0	2857422	1	2857422	1
bin_282	comebin_v11	hvASV23.6	169123	0.1917872686901951	0.14285714285714285	NA	1.0	1.0	cami3_toy_human_gut	1	125975.14285714286	881826	7	169123	1
bin_316	comebin_v11	vASV40.0	151192	0.2533747379393444	0.25	NA	1.0	1.0	cami3_toy_human_gut	1	149178.25	596713	4	151192	1
bin_317	comebin_v11	ASV266.8	2063727	1.0	1.0	NA	1.0	1.0	cami3_toy_human_gut	9	229303.0	2063727	9	2063727	9
bin_32	comebin_v11	ASV829.2	2763831	1.0	1.0	NA	1.0	1.0	cami3_toy_human_gut	1	2763831.0	2763831	1	2763831	1
bin_2691	comebin_v11	ASV149.0	2707232	1.0	1.0	NA	1.0	1.0	cami3_toy_human_gut	23	117705.73913043478	2707232	23	2707232	23
bin_27	comebin_v11	ASV507.7	2884779	1.0	1.0	NA	1.0	1.0	cami3_toy_human_gut	1	2884779.0	2884779	1	2884779	1
bin_272	comebin_v11	ASV300.3	984095	1.0	1.0	NA	1.0	1.0	cami3_toy_human_gut	9	109343.88888888889	984095	9	984095	9
bin_273	comebin_v11	pASV43	891308	0.9112898525979145	0.9090909090909091	NA	1.0	1.0	cami3_toy_human_gut	10	88915.72727272728	978073	11	891308	10
bin_275	comebin_v11	vASV53.0	89591	0.0951703625016598	0.08333333333333333	NA	1.0	1.0	cami3_toy_human_gut	1	78447.91666666667	941375	12	89591	1
bin_326	comebin_v11	vASV68.0	178165	0.3439020670991702	0.3333333333333333	NA	1.0	1.0	cami3_toy_human_gut	1	172689.66666666666	518069	3	178165	1
bin_33	comebin_v11	ASV397.7	2728625	1.0	1.0	NA	1.0	1.0	cami3_toy_human_gut	1	2728625.0	2728625	1	2728625	1
bin_3361	comebin_v11	ASV540.9	1150952	1.0	1.0	NA	1.0	1.0	cami3_toy_human_gut	10	115095.2	1150952	10	1150952	10
bin_34	comebin_v11	ASV575.3	2522564	1.0	1.0	NA	1.0	1.0	cami3_toy_human_gut	1	2522564.0	2522564	1	2522564	1
bin_341	comebin_v11	vASV8.0	170818	0.5022581593648927	0.5	NA	1.0	1.0	cami3_toy_human_gut	1	170050.0	340100	2	170818	1
bin_346	comebin_v11	vASV59.0	286782	1.0	1.0	NA	1.0	1.0	cami3_toy_human_gut	1	286782.0	286782	1	286782	1
bin_348	comebin_v11	vASV65.0	265384	1.0	1.0	NA	1.0	1.0	cami3_toy_human_gut	1	265384.0	265384	1	265384	1
bin_253	comebin_v11	pASV28	1197671	1.0	1.0	NA	1.0	1.0	cami3_toy_human_gut	10	119767.1	1197671	10	1197671	10
bin_2533	comebin_v11	pASV9	1886217	0.8687348098283778	0.7692307692307693	NA	1.0	1.0	cami3_toy_human_gut	10	167017.15384615384	2171223	13	1886217	10
bin_1455	comebin_v11	ASV743.5	4029434	1.0	1.0	NA	1.0	1.0	cami3_toy_human_gut	24	167893.08333333334	4029434	24	4029434	24
bin_13	comebin_v11	ASV487.13	3606297	1.0	1.0	NA	1.0	1.0	cami3_toy_human_gut	1	3606297.0	3606297	1	3606297	1
bin_1330	comebin_v11	ASV399.2	3101643	1.0	1.0	NA	1.0	1.0	cami3_toy_human_gut	10	310164.3	3101643	10	3101643	10
bin_7	comebin_v11	ASV741.11	4978154	1.0	1.0	NA	1.0	1.0	cami3_toy_human_gut	1	4978154.0	4978154	1	4978154	1
bin_26	comebin_v11	ASV507.13	2955375	1.0	1.0	NA	1.0	1.0	cami3_toy_human_gut	1	2955375.0	2955375	1	2955375	1
bin_2381	comebin_v11	ASV266.10	1367936	0.5307368430854325	0.47619047619047616	NA	1.0	1.0	cami3_toy_human_gut	10	122734.66666666667	2577428	21	1367936	10
bin_24	comebin_v11	ASV507.6	3063690	1.0	1.0	NA	1.0	1.0	cami3_toy_human_gut	1	3063690.0	3063690	1	3063690	1
bin_248	comebin_v11	ASV692.1	1250226	1.0	1.0	NA	1.0	1.0	cami3_toy_human_gut	8	156278.25	1250226	8	1250226	8
bin_25	comebin_v11	ASV387.2	2979783	1.0	1.0	NA	1.0	1.0	cami3_toy_human_gut	1	2979783.0	2979783	1	2979783	1
bin_3577	comebin_v11	ASV139.5	3139675	1.0	1.0	NA	1.0	1.0	cami3_toy_human_gut	23	136507.60869565216	3139675	23	3139675	23
bin_6	comebin_v11	ASV741.3	5254422	1.0	1.0	NA	1.0	1.0	cami3_toy_human_gut	1	5254422.0	5254422	1	5254422	1
bin_60	comebin_v11	pASV52	2727535	0.5678537485673718	0.47619047619047616	NA	1.0	1.0	cami3_toy_human_gut	10	228725.47619047618	4803235	21	2727535	10
bin_65	comebin_v11	pASV32	2475511	0.5316075866540138	0.47619047619047616	NA	1.0	1.0	cami3_toy_human_gut	10	221745.2857142857	4656651	21	2475511	10
bin_67	comebin_v11	ASV829.6	2387704	0.5490451454759097	0.625	NA	1.0	1.0	cami3_toy_human_gut	15	181201.25	4348830	24	2387704	15
bin_14	comebin_v11	ASV399.4	3590718	1.0	1.0	NA	1.0	1.0	cami3_toy_human_gut	1	3590718.0	3590718	1	3590718	1
bin_141	comebin_v11	ASV334.12	2478924	1.0	1.0	NA	1.0	1.0	cami3_toy_human_gut	14	177066.0	2478924	14	2478924	14
bin_142	comebin_v11	ASV714.0	2453198	1.0	1.0	NA	1.0	1.0	cami3_toy_human_gut	23	106660.78260869565	2453198	23	2453198	23
bin_145	comebin_v11	pASV29	1479548	0.610679171253319	0.5	NA	1.0	1.0	cami3_toy_human_gut	10	121139.55	2422791	20	1479548	10
bin_36	comebin_v11	ASV596.2	2389740	1.0	1.0	NA	1.0	1.0	cami3_toy_human_gut	1	2389740.0	2389740	1	2389740	1
bin_37	comebin_v11	ASV487.9	2375994	1.0	1.0	NA	1.0	1.0	cami3_toy_human_gut	1	2375994.0	2375994	1	2375994	1
bin_3752	comebin_v11	ASV540.1	1046668	0.7498153522348648	0.75	NA	1.0	1.0	cami3_toy_human_gut	9	116325.08333333333	1395901	12	1046668	9
bin_38	comebin_v11	ASV579.0	2345868	1.0	1.0	NA	1.0	1.0	cami3_toy_human_gut	1	2345868.0	2345868	1	2345868	1
bin_3811	comebin_v11	ASV174.7	2686451	1.0	1.0	NA	1.0	1.0	cami3_toy_human_gut	22	122111.40909090909	2686451	22	2686451	22
bin_3876	comebin_v11	ASV596.0	2690917	1.0	1.0	NA	1.0	1.0	cami3_toy_human_gut	12	224243.08333333334	2690917	12	2690917	12
bin_39	comebin_v11	ASV577.0	2305307	1.0	1.0	NA	1.0	1.0	cami3_toy_human_gut	1	2305307.0	2305307	1	2305307	1
bin_3911	comebin_v11	ASV23.7	190690	0.6711907837540082	0.6666666666666666	NA	1.0	1.0	cami3_toy_human_gut	2	94702.33333333333	284107	3	190690	2
bin_166	comebin_v11	ASV547.10	1924087	1.0	1.0	NA	1.0	1.0	cami3_toy_human_gut	5	384817.4	1924087	5	1924087	5
bin_1677	comebin_v11	ASV830.6	2262184	0.22102838821074583	0.23214285714285715	NA	1.0	1.0	cami3_toy_human_gut	13	182764.5	10234812	56	2262184	13
bin_1680	comebin_v11	ASV74.6	1500136	1.0	1.0	NA	1.0	1.0	cami3_toy_human_gut	8	187517.0	1500136	8	1500136	8
bin_15	comebin_v11	ASV399.11	3588820	1.0	1.0	NA	1.0	1.0	cami3_toy_human_gut	1	3588820.0	3588820	1	3588820	1
bin_16	comebin_v11	ASV470.1	3320456	1.0	1.0	NA	1.0	1.0	cami3_toy_human_gut	1	3320456.0	3320456	1	3320456	1
bin_23	comebin_v11	ASV507.8	3065878	1.0	1.0	NA	1.0	1.0	cami3_toy_human_gut	1	3065878.0	3065878	1	3065878	1
bin_230	comebin_v11	pASV50	1047432	0.6913263437187521	0.6666666666666666	NA	1.0	1.0	cami3_toy_human_gut	10	101007.0	1515105	15	1047432	10
bin_2307	comebin_v11	ASV547.4	3332933	1.0	1.0	NA	1.0	1.0	cami3_toy_human_gut	11	302993.9090909091	3332933	11	3332933	11
bin_216	comebin_v11	ASV573.4	1178712	0.7356751702951783	0.6666666666666666	NA	1.0	1.0	cami3_toy_human_gut	10	106814.53333333334	1602218	15	1178712	10
bin_217	comebin_v11	fASV194.10	1600779	1.0	1.0	NA	1.0	1.0	cami3_toy_human_gut	17	94163.4705882353	1600779	17	1600779	17
bin_219	comebin_v11	pASV39	1591458	1.0	1.0	NA	1.0	1.0	cami3_toy_human_gut	10	159145.8	1591458	10	1591458	10
bin_22	comebin_v11	ASV712.0	4362030	1.0	1.0	NA	1.0	1.0	cami3_toy_human_gut	4	1090507.5	4362030	4	4362030	4
bin_223	comebin_v11	pASV0	1424778	0.9282261863113189	0.9090909090909091	NA	1.0	1.0	cami3_toy_human_gut	10	139540.63636363635	1534947	11	1424778	10
bin_2234	comebin_v11	ASV570.9	2445653	0.5757405118225997	0.375	NA	1.0	1.0	cami3_toy_human_gut	9	176993.29166666666	4247839	24	2445653	9
bin_5	comebin_v11	ASV655.5	5322646	1.0	1.0	NA	1.0	1.0	cami3_toy_human_gut	1	5322646.0	5322646	1	5322646	1
bin_518	comebin_v11	ASV166.5	3163324	1.0	1.0	NA	1.0	1.0	cami3_toy_human_gut	14	225951.7142857143	3163324	14	3163324	14
bin_52	comebin_v11	pASV6	1233478	0.23267721652345177	0.18181818181818182	NA	1.0	1.0	cami3_toy_human_gut	10	96386.2	5301241	55	1233478	10
bin_4	comebin_v11	ASV689.8	5486908	1.0	1.0	NA	1.0	1.0	cami3_toy_human_gut	1	5486908.0	5486908	1	5486908	1
bin_4095	comebin_v11	ASV436.0	3129519	1.0	1.0	NA	1.0	1.0	cami3_toy_human_gut	21	149024.7142857143	3129519	21	3129519	21
bin_41	comebin_v11	ASV627.11	2045976	1.0	1.0	NA	1.0	1.0	cami3_toy_human_gut	1	2045976.0	2045976	1	2045976	1
bin_412	comebin_v11	ASV387.1	2902411	1.0	1.0	NA	1.0	1.0	cami3_toy_human_gut	10	290241.1	2902411	10	2902411	10
bin_4307	comebin_v11	ASV284.4	269781	1.0	1.0	NA	1.0	1.0	cami3_toy_human_gut	3	89927.0	269781	3	269781	3
bin_206	comebin_v11	vASV19.0	186752	0.1072336428098531	0.16666666666666666	NA	1.0	1.0	cami3_toy_human_gut	2	145128.58333333334	1741543	12	186752	2
bin_208	comebin_v11	ASV290.3	1688057	1.0	1.0	NA	1.0	1.0	cami3_toy_human_gut	9	187561.88888888888	1688057	9	1688057	9
bin_21	comebin_v11	ASV399.7	3172601	1.0	1.0	NA	1.0	1.0	cami3_toy_human_gut	1	3172601.0	3172601	1	3172601	1
bin_2112	comebin_v11	ASV387.0	2416120	0.9509067602728054	0.9473684210526315	NA	1.0	1.0	cami3_toy_human_gut	18	133729.42105263157	2540859	19	2416120	18
bin_2121	comebin_v11	ASV300.5	3009941	0.7155292381437334	0.6129032258064516	NA	1.0	1.0	cami3_toy_human_gut	19	135696.5806451613	4206594	31	3009941	19
bin_192	comebin_v11	pASV42	940249	0.5006434759736135	0.5	NA	1.0	1.0	cami3_toy_human_gut	10	93904.05	1878081	20	940249	10
bin_2	comebin_v11	ASV102.0	6031380	1.0	1.0	NA	1.0	1.0	cami3_toy_human_gut	1	6031380.0	6031380	1	6031380	1
bin_20	comebin_v11	ASV300.1	3228725	1.0	1.0	NA	1.0	1.0	cami3_toy_human_gut	1	3228725.0	3228725	1	3228725	1
bin_1845	comebin_v11	ASV515.1	1632051	0.9332330367895042	0.9	NA	1.0	1.0	cami3_toy_human_gut	9	174881.4	1748814	10	1632051	9
bin_19	comebin_v11	ASV399.1	3284788	1.0	1.0	NA	1.0	1.0	cami3_toy_human_gut	1	3284788.0	3284788	1	3284788	1
bin_17	comebin_v11	ASV466.9	3316580	1.0	1.0	NA	1.0	1.0	cami3_toy_human_gut	1	3316580.0	3316580	1	3316580	1
bin_170	comebin_v11	ASV290.9	2147024	1.0	1.0	NA	1.0	1.0	cami3_toy_human_gut	7	306717.71428571426	2147024	7	2147024	7
bin_1759	comebin_v11	ASV540.0	1498983	0.9426326979661164	0.9230769230769231	NA	1.0	1.0	cami3_toy_human_gut	12	122323.76923076923	1590209	13	1498983	12
bin_18	comebin_v11	ASV442.3	3312277	1.0	1.0	NA	1.0	1.0	cami3_toy_human_gut	1	3312277.0	3312277	1	3312277	1
bin_44	comebin_v11	ASV689.14	4620835	0.9749434181373802	0.8	NA	1.0	1.0	cami3_toy_human_gut	4	947918.6	4739593	5	4620835	4
bin_4413	comebin_v11	ASV442.9	2259657	1.0	1.0	NA	1.0	1.0	cami3_toy_human_gut	15	150643.8	2259657	15	2259657	15
bin_4474	comebin_v11	ASV487.12	1992439	1.0	1.0	NA	1.0	1.0	cami3_toy_human_gut	14	142317.07142857142	1992439	14	1992439	14
bin_457	comebin_v11	ASV337.1	2667298	1.0	1.0	NA	1.0	1.0	cami3_toy_human_gut	12	222274.83333333334	2667298	12	2667298	12
bin_460	comebin_v11	ASV547.8	1954202	0.6548142131598691	0.5217391304347826	NA	1.0	1.0	cami3_toy_human_gut	12	129754.82608695653	2984361	23	1954202	12
bin_4789	comebin_v11	ASV127.7	2596005	1.0	1.0	NA	1.0	1.0	cami3_toy_human_gut	19	136631.84210526315	2596005	19	2596005	19
bin_104	comebin_v11	ASV484.1	2963739	1.0	1.0	NA	1.0	1.0	cami3_toy_human_gut	11	269430.8181818182	2963739	11	2963739	11
bin_1048	comebin_v11	ASV410.0	3081434	1.0	1.0	NA	1.0	1.0	cami3_toy_human_gut	18	171190.77777777778	3081434	18	3081434	18
bin_88	comebin_v11	ASV476.8	3585607	1.0	1.0	NA	1.0	1.0	cami3_toy_human_gut	17	210918.0588235294	3585607	17	3585607	17
bin_9	comebin_v11	ASV741.8	4915566	1.0	1.0	NA	1.0	1.0	cami3_toy_human_gut	1	4915566.0	4915566	1	4915566	1
bin_91	comebin_v11	pASV37	1523940	0.4483098142824069	0.30303030303030304	NA	1.0	1.0	cami3_toy_human_gut	10	103009.12121212122	3399301	33	1523940	10
bin_97	comebin_v11	pASV7	2243322	0.7119284048174418	0.5263157894736842	NA	1.0	1.0	cami3_toy_human_gut	10	165844.73684210525	3151050	19	2243322	10
bin_10	comebin_v11	ASV741.4	4735669	1.0	1.0	NA	1.0	1.0	cami3_toy_human_gut	1	4735669.0	4735669	1	4735669	1
bin_1	comebin_v11	ASV406.9	6247033	1.0	1.0	NA	1.0	1.0	cami3_toy_human_gut	1	6247033.0	6247033	1	6247033	1
bin_0	comebin_v11	ASV102.6	6745928	1.0	1.0	NA	1.0	1.0	cami3_toy_human_gut	1	6745928.0	6745928	1	6745928	1
bin_3918	comebin_v11	ASV456.0	2807434	1.0	1.0	NA	0.9731997261556282	0.9333333333333333	cami3_toy_human_gut	15	195156.7142857143	2732194	14	2732194	14
bin_625	comebin_v11	ASV442.11	2845929	1.0	1.0	NA	0.9714796117541934	0.9473684210526315	cami3_toy_human_gut	19	153597.88888888888	2764762	18	2764762	18
bin_732	comebin_v11	ASV166.4	3366787	1.0	1.0	NA	0.9700251307849294	0.9230769230769231	cami3_toy_human_gut	13	272155.6666666667	3265868	12	3265868	12
bin_55	comebin_v11	ASV743.3	4865002	0.5722808309785499	0.2222222222222222	NA	0.9658715453765486	0.8	cami3_toy_human_gut	5	456163.6666666667	8210946	18	4698967	4
bin_2564	comebin_v11	ASV444.11	4106414	1.0	1.0	NA	0.9656213426118263	0.9629629629629629	cami3_toy_human_gut	27	152509.26923076922	3965241	26	3965241	26
bin_2299	comebin_v11	ASV487.5	2586874	0.5337362864937801	0.5384615384615384	NA	0.9624148682927735	0.9333333333333333	cami3_toy_human_gut	15	179406.23076923078	4664562	26	2489646	14
bin_4098	comebin_v11	ASV149.1	2528289	1.0	1.0	NA	0.9598119518773368	0.9230769230769231	cami3_toy_human_gut	13	202223.5	2426682	12	2426682	12
bin_875	comebin_v11	ASV399.0	2074936	0.3250055362593961	0.24324324324324326	NA	0.9591119918879426	0.9	cami3_toy_human_gut	10	165493.72972972973	6123268	37	1990096	9
bin_1053	comebin_v11	ASV399.6	2367245	0.9640630393349442	0.9375	NA	0.9544918248850457	0.9375	cami3_toy_human_gut	16	146483.9375	2343743	16	2259516	15
bin_1516	comebin_v11	ASV426.8	2247887	1.0	1.0	NA	0.9499058449112433	0.9230769230769231	cami3_toy_human_gut	13	177940.08333333334	2135281	12	2135281	12
bin_1030	comebin_v11	ASV547.7	1546995	0.3345020731199567	0.2571428571428571	NA	0.9493411420204978	0.9	cami3_toy_human_gut	10	125442.4	4390484	35	1468626	9
bin_179	comebin_v11	ASV300.2	2099723	1.0	1.0	NA	0.9490047020487941	0.9333333333333333	cami3_toy_human_gut	15	142331.92857142858	1992647	14	1992647	14
bin_679	comebin_v11	ASV442.10	2135069	1.0	1.0	NA	0.9415761270478846	0.9166666666666666	cami3_toy_human_gut	12	182757.27272727274	2010330	11	2010330	11
bin_382	comebin_v11	ASV507.11	2666506	0.5529728510551596	0.4090909090909091	NA	0.9323099216727808	0.8181818181818182	cami3_toy_human_gut	11	204350.81818181818	4495718	22	2486010	9
bin_3903	comebin_v11	ASV300.9	2619296	0.6028116014867397	0.5757575757575758	NA	0.9286571658949581	0.95	cami3_toy_human_gut	20	122276.90909090909	4035138	33	2432428	19
bin_164	comebin_v11	ASV300.0	3033246	0.5848681598644353	0.47058823529411764	NA	0.9266838232045802	0.8	cami3_toy_human_gut	10	282704.23529411765	4805972	17	2810860	8
bin_1666	comebin_v11	ASV406.7	2808131	1.0	1.0	NA	0.9190165985846102	0.8888888888888888	cami3_toy_human_gut	18	161294.9375	2580719	16	2580719	16
bin_2878	comebin_v11	ASV290.8	1123324	0.5807108643949449	0.46153846153846156	NA	0.9187892362310429	0.8571428571428571	cami3_toy_human_gut	7	136715.46153846153	1777301	13	1032098	6
bin_146	comebin_v11	ASV487.7	2627047	1.0	1.0	NA	0.9177772609321416	0.8888888888888888	cami3_toy_human_gut	18	150690.25	2411044	16	2411044	16
bin_2733	comebin_v11	ASV102.8	4608498	1.0	1.0	NA	0.916636830481428	0.8636363636363636	cami3_toy_human_gut	22	222332.57894736843	4224319	19	4224319	19
bin_392	comebin_v11	ASV406.4	3088357	1.0	1.0	NA	0.9040735899379508	0.8666666666666667	cami3_toy_human_gut	15	214777.07692307694	2792102	13	2792102	13
bin_98	comebin_v11	ASV128.1	3434328	1.0	1.0	NA	0.8994539834284903	0.9130434782608695	cami3_toy_human_gut	23	147096.19047619047	3089020	21	3089020	21
bin_198	comebin_v11	ASV166.15	3630475	0.37828052619831115	0.35294117647058826	NA	0.8705987508521612	0.8	cami3_toy_human_gut	15	245747.20588235295	8355405	34	3160687	12
bin_138	comebin_v11	ASV487.11	2375553	0.8209343193384224	0.8571428571428571	NA	0.8691929836968487	0.9	cami3_toy_human_gut	20	119771.42857142857	2515200	21	2064814	18
bin_977	comebin_v11	ASV406.14	4962028	1.0	1.0	NA	0.8685223057991611	0.7777777777777778	cami3_toy_human_gut	27	205220.57142857142	4309632	21	4309632	21
bin_119	comebin_v11	ASV486.6	3187574	1.0	1.0	NA	0.8631100015246704	0.8	cami3_toy_human_gut	15	229268.91666666666	2751227	12	2751227	12
bin_4456	comebin_v11	ASV166.1	2741463	0.38701210489529103	0.3	NA	0.8592021851106507	0.8	cami3_toy_human_gut	15	152157.45	6086298	40	2355471	12
bin_64	comebin_v11	ASV102.10	5140303	0.927491175521787	0.8787878787878788	NA	0.8479418431170302	0.8787878787878788	cami3_toy_human_gut	33	142406.9090909091	4699428	33	4358678	29
bin_117	comebin_v11	ASV406.12	3301084	1.0	1.0	NA	0.8438440221454528	0.7857142857142857	cami3_toy_human_gut	14	253236.36363636365	2785600	11	2785600	11
bin_4429	comebin_v11	ASV487.4	3365421	0.5234819765196959	0.5526315789473685	NA	0.8371089382279364	0.875	cami3_toy_human_gut	24	141623.73684210525	5381702	38	2817224	21
bin_1608	comebin_v11	ASV525.9	2323483	0.5371207531862896	0.5416666666666666	NA	0.8269253530152793	0.8125	cami3_toy_human_gut	16	149046.79166666666	3577123	24	1921347	13
bin_1614	comebin_v11	ASV406.0	3273283	1.0	1.0	NA	0.8139170979105687	0.75	cami3_toy_human_gut	20	177612.06666666668	2664181	15	2664181	15
bin_225	comebin_v11	ASV487.8	2360113	0.9426868255967239	0.9090909090909091	NA	0.8138440828892515	0.8333333333333334	cami3_toy_human_gut	12	185231.0909090909	2037542	11	1920764	10
bin_35	comebin_v11	ASV258.15	2483583	0.2126897147931279	0.2857142857142857	NA	0.8099225997278932	0.7142857142857143	cami3_toy_human_gut	14	270213.8857142857	9457486	35	2011510	10
bin_79	comebin_v11	ASV150.14	4503050	0.9467385576628656	0.9285714285714286	NA	0.8095353149531984	0.7878787878787878	cami3_toy_human_gut	33	137516.39285714287	3850459	28	3645378	26
bin_3525	comebin_v11	ASV101.1	3817224	0.5033679906224314	0.5348837209302325	NA	0.7951228431970458	0.8518518518518519	cami3_toy_human_gut	27	140225.76744186046	6029708	43	3035162	23
bin_83	comebin_v11	ASV23.6	1872628	0.5664896605540383	0.5	NA	0.7753344497679198	0.5714285714285714	cami3_toy_human_gut	7	320375.0	2563000	8	1451913	4
bin_1880	comebin_v11	ASV507.3	2224732	0.326435537966322	0.2857142857142857	NA	0.7607950081178317	0.7142857142857143	cami3_toy_human_gut	14	148142.57142857142	5184990	35	1692565	10
bin_691	comebin_v11	ASV397.10	2418765	0.2753199793899987	0.1891891891891892	NA	0.7489032626154256	0.6363636363636364	cami3_toy_human_gut	11	177819.72972972973	6579330	37	1811421	7
bin_47	comebin_v11	ASV689.5	4209819	0.5156982682355443	0.45161290322580644	NA	0.7420468670980866	0.7368421052631579	cami3_toy_human_gut	19	195405.7741935484	6057579	31	3123883	14
bin_54	comebin_v11	ASV547.3	2968990	0.4224299413954305	0.35714285714285715	NA	0.7325184658756008	0.8333333333333334	cami3_toy_human_gut	12	183871.57142857142	5148404	28	2174840	10
bin_893	comebin_v11	ASV134.7	5321364	1.0	1.0	NA	0.7266012999674519	0.7	cami3_toy_human_gut	10	552358.5714285715	3866510	7	3866510	7
bin_76	comebin_v11	ASV426.7	2185570	0.3792818704679077	0.375	NA	0.716427751112982	0.6428571428571429	cami3_toy_human_gut	14	172014.0	4128336	24	1565803	9
bin_1788	comebin_v11	ASV174.18	3536041	0.5029398546066957	0.5	NA	0.7136407637807367	0.6666666666666666	cami3_toy_human_gut	30	125435.625	5017425	40	2523463	20
bin_78	comebin_v11	ASV487.3	2952839	0.45857546137899813	0.45161290322580644	NA	0.6394713697563599	0.6666666666666666	cami3_toy_human_gut	21	132827.61290322582	4117656	31	1888256	14
bin_49	comebin_v11	ASV290.6	1628591	0.16805864803997797	0.14893617021276595	NA	0.6152846233339125	0.5833333333333334	cami3_toy_human_gut	12	126861.36170212766	5962484	47	1002047	7
bin_48	comebin_v11	ASV484.8	2659504	0.27251587869056726	0.18181818181818182	NA	0.612652584842888	0.5	cami3_toy_human_gut	12	181179.54545454544	5978925	33	1629352	6
bin_1561	comebin_v11	ASV87.3	1982685	0.37828955563032546	0.45454545454545453	NA	0.6050562746981997	0.4166666666666667	cami3_toy_human_gut	12	288291.9090909091	3171211	11	1199636	5
bin_69	comebin_v11	ASV153.2	4298524	0.5978518119964632	0.45454545454545453	NA	0.5906627484224818	0.625	cami3_toy_human_gut	16	193037.95454545456	4246835	22	2538978	10
bin_56	comebin_v11	ASV655.14	4237416	0.48701542001019293	0.5151515151515151	NA	0.5858853603233669	0.6296296296296297	cami3_toy_human_gut	27	154474.60606060605	5097662	33	2482640	17
bin_227	comebin_v11	ASV476.9	2758000	1.0	1.0	NA	0.5517088469905729	0.2222222222222222	cami3_toy_human_gut	9	760806.5	1521613	2	1521613	2
bin_1471	comebin_v11	ASV507.2	2465212	0.26938674449442124	0.3333333333333333	NA	0.531373366671913	0.5294117647058824	cami3_toy_human_gut	17	180100.14814814815	4862704	27	1309948	9
bin_992	comebin_v11	ASV23.3	1847078	0.5085606051753498	0.4666666666666667	NA	0.5183668475289078	0.7777777777777778	cami3_toy_human_gut	9	125512.93333333333	1882694	15	957464	7
bin_812	comebin_v11	ASV507.5	2362778	0.2937700403654706	0.3076923076923077	NA	0.5152506921936805	0.5333333333333333	cami3_toy_human_gut	15	159389.84615384616	4144136	26	1217423	8
bin_1434	comebin_v11	ASV174.2	6217483	0.5184308353262307	0.5483870967741935	NA	0.4892486235989708	0.5862068965517241	cami3_toy_human_gut	29	189274.32258064515	5867504	31	3041895	17
bin_191	comebin_v11	ASV102.3	3893444	1.0	1.0	NA	0.4836702415650514	0.45	cami3_toy_human_gut	20	209238.11111111112	1883143	9	1883143	9
bin_77	comebin_v11	ASV124.2	3406023	0.3956096337423563	0.3235294117647059	NA	0.4788103309930673	0.44	cami3_toy_human_gut	25	121245.41176470589	4122344	34	1630839	11
bin_89	comebin_v11	ASV442.8	3704670	0.4905379259260096	0.07692307692307693	NA	0.4690593224227799	0.2	cami3_toy_human_gut	5	272496.76923076925	3542458	13	1737710	1
bin_120	comebin_v11	ASV484.0	2273690	0.38212411756968095	0.2608695652173913	NA	0.45994924549960636	0.42857142857142855	cami3_toy_human_gut	14	118989.56521739131	2736760	23	1045782	6
bin_250	comebin_v11	ASV476.9	2758000	1.0	1.0	NA	0.4482911530094271	0.7777777777777778	cami3_toy_human_gut	9	176626.7142857143	1236387	7	1236387	7
bin_2132	comebin_v11	ASV451.6	2947821	0.3138059603551265	0.30434782608695654	NA	0.4258423425302961	0.4666666666666667	cami3_toy_human_gut	15	173924.5652173913	4000265	23	1255307	7
bin_159	comebin_v11	ASV476.1	3358928	0.630553507715322	0.42857142857142855	NA	0.4193882691144317	0.2	cami3_toy_human_gut	15	319151.5714285714	2234061	7	1408695	3
bin_43	comebin_v11	fASV195.9	16405735	1.0	1.0	NA	0.3978782419684336	0.3925925925925926	cami3_toy_human_gut	135	123160.09433962264	6527485	53	6527485	53
bin_782	comebin_v11	ASV466.2	3158085	0.2965616366847742	0.07142857142857142	NA	0.3939627970748096	0.2	cami3_toy_human_gut	5	299665.0	4195310	14	1244168	1
bin_45	comebin_v11	fASV195.9	16405735	1.0	1.0	NA	0.3867058074508701	0.3925925925925926	cami3_toy_human_gut	135	119701.75471698113	6344193	53	6344193	53
bin_73	comebin_v11	ASV387.4	6034584	0.5560843893802601	0.4583333333333333	NA	0.38536475753755356	0.4230769230769231	cami3_toy_human_gut	26	174247.83333333334	4181948	24	2325516	11
bin_1110	comebin_v11	ASV23.8	1774064	0.611776224240836	0.5714285714285714	NA	0.37370523273117545	0.5	cami3_toy_human_gut	8	154813.14285714287	1083692	7	662977	4
bin_201	comebin_v11	ASV406.3	5007171	0.598244691437531	0.5	NA	0.36919230439703377	0.21739130434782608	cami3_toy_human_gut	23	309005.5	3090055	10	1848609	5
bin_71	comebin_v11	ASV426.9	3188105	1.0	1.0	NA	0.36298239863492576	0.16666666666666666	cami3_toy_human_gut	6	1157226.0	1157226	1	1157226	1
bin_357	comebin_v11	ASV387.3	2803296	0.26926464442590664	0.25	NA	0.3590170285264203	0.3333333333333333	cami3_toy_human_gut	15	186885.1	3737702	20	1006431	5
bin_153	comebin_v11	ASV153.8	5265715	0.7937377403755457	0.7142857142857143	NA	0.3555674775410367	0.3448275862068966	cami3_toy_human_gut	29	168490.07142857142	2358861	14	1872317	10
bin_174	comebin_v11	ASV476.7	3529257	0.5989186640365206	0.5	NA	0.35125523587542645	0.35294117647058826	cami3_toy_human_gut	17	172487.25	2069847	12	1239670	6
bin_46	comebin_v11	ASV134.4	4907903	0.2788080463230205	0.15789473684210525	NA	0.35119561246422354	0.16666666666666666	cami3_toy_human_gut	18	325376.4736842105	6182153	19	1723634	3
bin_103	comebin_v11	ASV426.5	2178155	0.25450773068539434	0.15	NA	0.34741466975490726	0.23076923076923078	cami3_toy_human_gut	13	148664.05	2973281	20	756723	3
bin_81	comebin_v11	ASV102.9	5231169	0.46525340893002914	0.391304347826087	NA	0.341119164760305	0.3	cami3_toy_human_gut	30	166758.30434782608	3835441	23	1784452	9
bin_3764	comebin_v11	ASV466.8	2086974	0.28265554938753695	0.3125	NA	0.3405945641871916	0.29411764705882354	cami3_toy_human_gut	17	157172.75	2514764	16	710812	5
bin_3682	comebin_v11	ASV596.7	1777493	0.22236185913670914	0.1111111111111111	NA	0.3388435284977212	0.2	cami3_toy_human_gut	10	150478.44444444444	2708612	18	602292	2
bin_1347	comebin_v11	ASV387.8	2725564	0.22711960332876177	0.2727272727272727	NA	0.33569455716321467	0.3157894736842105	cami3_toy_human_gut	19	183114.77272727274	4028525	22	914957	6
bin_229	comebin_v11	ASV23.1	1826192	1.0	1.0	NA	0.32967508345234237	0.16666666666666666	cami3_toy_human_gut	6	602050.0	602050	1	602050	1
bin_1274	comebin_v11	ASV487.10	2758606	0.4210578946889956	0.4	NA	0.31900858622072165	0.3	cami3_toy_human_gut	20	139334.6	2090019	15	880019	6
bin_92	comebin_v11	ASV174.2	6217483	0.5905932527247436	0.46153846153846156	NA	0.31070466939756813	0.20689655172413793	cami3_toy_human_gut	29	251611.53846153847	3270950	13	1931801	6
bin_204	comebin_v11	ASV153.8	5265715	0.9276625369256322	0.875	NA	0.30897855277013664	0.2413793103448276	cami3_toy_human_gut	29	219232.875	1753863	8	1626993	7
bin_4011	comebin_v11	ASV426.10	2103117	0.21483376725218528	0.15	NA	0.30690018672284997	0.25	cami3_toy_human_gut	12	150220.1	3004402	20	645447	3
bin_1777	comebin_v11	ASV102.16	4745671	1.0	1.0	NA	0.29635977715269346	0.25	cami3_toy_human_gut	12	468808.6666666667	1406426	3	1406426	3
bin_1607	comebin_v11	ASV487.6	2321847	0.6235411301367619	0.5714285714285714	NA	0.2868711848799684	0.26666666666666666	cami3_toy_human_gut	15	152601.0	1068207	7	666071	4
bin_1033	comebin_v11	ASV387.9	2580035	0.2152523578720157	0.21428571428571427	NA	0.2818481144635635	0.375	cami3_toy_human_gut	16	120652.07142857143	3378258	28	727178	6
bin_2792	comebin_v11	ASV507.9	2653447	0.7992103954586058	0.6666666666666666	NA	0.2707553608570286	0.25	cami3_toy_human_gut	16	149821.83333333334	898931	6	718435	4
bin_221	comebin_v11	ASV102.12	3379594	0.5596849893917516	0.7	NA	0.26195543014930195	0.28	cami3_toy_human_gut	25	158178.8	1581788	10	885303	7
bin_114	comebin_v11	ASV487.1	3242257	0.29907062739868706	0.3333333333333333	NA	0.25877806725376795	0.2222222222222222	cami3_toy_human_gut	18	233786.75	2805441	12	839025	4
bin_184	comebin_v11	ASV689.5	4209819	0.5548401930303672	0.5	NA	0.25795313290191335	0.2631578947368421	cami3_toy_human_gut	19	195720.5	1957205	10	1085936	5
bin_42	comebin_v11	fASV200.0	26027742	1.0	1.0	NA	0.25651114875812125	0.36363636363636365	cami3_toy_human_gut	66	278183.5833333333	6676406	24	6676406	24
bin_287	comebin_v11	ASV406.10	3383993	1.0	1.0	NA	0.2512978011479338	0.1	cami3_toy_human_gut	10	850390.0	850390	1	850390	1
bin_252	comebin_v11	ASV406.17	3088723	0.6371740195239911	0.3333333333333333	NA	0.24722320518868154	0.07692307692307693	cami3_toy_human_gut	13	399474.3333333333	1198423	3	763604	1
bin_63	comebin_v11	ASV406.11	3672010	0.19192267826625858	0.1875	NA	0.24592498386442302	0.2727272727272727	cami3_toy_human_gut	22	147038.21875	4705223	32	903039	6
bin_290	comebin_v11	ASV300.7	3457856	1.0	1.0	NA	0.24371315636047308	0.16666666666666666	cami3_toy_human_gut	18	280908.3333333333	842725	3	842725	3
bin_254	comebin_v11	ASV406.19	3131293	0.6474751376290869	0.5	NA	0.24357861113603868	0.0625	cami3_toy_human_gut	16	588992.5	1177985	2	762716	1
bin_195	comebin_v11	ASV124.2	3406023	0.4376224952503757	0.46153846153846156	NA	0.2395418351549593	0.24	cami3_toy_human_gut	25	143412.15384615384	1864358	13	815885	6
bin_1917	comebin_v11	ASV507.3	2224732	0.49351353907873613	0.5	NA	0.2392049918821683	0.2857142857142857	cami3_toy_human_gut	14	134790.375	1078323	8	532167	4
bin_245	comebin_v11	ASV134.7	5321364	1.0	1.0	NA	0.2386668155006874	0.1	cami3_toy_human_gut	10	1270033.0	1270033	1	1270033	1
bin_3895	comebin_v11	ASV442.8	3704670	0.269507168120719	0.10526315789473684	NA	0.23717281161345005	0.4	cami3_toy_human_gut	5	171589.42105263157	3260199	19	878647	2
bin_2346	comebin_v11	ASV166.9	2715462	1.0	1.0	NA	0.23381361992913177	0.23076923076923078	cami3_toy_human_gut	13	211637.33333333334	634912	3	634912	3
bin_158	comebin_v11	ASV387.4	6034584	0.6093262409015893	0.7142857142857143	NA	0.2303487696914982	0.19230769230769232	cami3_toy_human_gut	26	325900.71428571426	2281305	7	1390059	5
bin_189	comebin_v11	ASV102.15	5129716	0.6212794729119716	0.5833333333333334	NA	0.22856586992340316	0.21212121212121213	cami3_toy_human_gut	33	157266.58333333334	1887199	12	1172478	7
bin_196	comebin_v11	ASV547.3	2968990	0.3676657869702642	0.16666666666666666	NA	0.22598358364292234	0.08333333333333333	cami3_toy_human_gut	12	304145.3333333333	1824872	6	670943	1
bin_135	comebin_v11	ASV102.2	4682208	0.4071379967916165	0.25	NA	0.2251651357650066	0.16666666666666666	cami3_toy_human_gut	18	215788.83333333334	2589466	12	1054270	3
bin_82	comebin_v11	ASV102.11	4497384	0.26434580623610565	0.16666666666666666	NA	0.221008257244656	0.2	cami3_toy_human_gut	15	208892.83333333334	3760071	18	993959	3
bin_324	comebin_v11	ASV431.3	2661444	0.5532572535637043	0.2857142857142857	NA	0.22039351570049942	0.125	cami3_toy_human_gut	16	151457.57142857142	1060203	7	586565	2
bin_199	comebin_v11	ASV476.7	3529257	0.43114421296694433	0.3333333333333333	NA	0.22018430508177783	0.23529411764705882	cami3_toy_human_gut	17	150198.58333333334	1802383	12	777087	4
bin_207	comebin_v11	ASV124.11	3852026	0.47606627391520734	0.4666666666666667	NA	0.21355852738273315	0.23333333333333334	cami3_toy_human_gut	30	115198.66666666667	1727980	15	822633	7
bin_50	comebin_v11	fASV200.0	26027742	1.0	1.0	NA	0.21331416301882813	0.19696969696969696	cami3_toy_human_gut	66	427083.53846153844	5552086	13	5552086	13
bin_4359	comebin_v11	ASV102.11	4497384	0.28254283793958757	0.2222222222222222	NA	0.2098444340087482	0.26666666666666666	cami3_toy_human_gut	15	185566.94444444444	3340205	18	943751	4
bin_84	comebin_v11	ASV406.2	2906457	0.16195601559277836	0.16666666666666666	NA	0.20941476168407103	0.14285714285714285	cami3_toy_human_gut	14	313179.1666666667	3758150	12	608655	2
bin_183	comebin_v11	ASV102.16	4745671	0.5051366862796232	0.125	NA	0.2089797206759592	0.08333333333333333	cami3_toy_human_gut	12	245416.0	1963328	8	991749	1
bin_1047	comebin_v11	ASV540.6	2708445	0.31065668177198225	0.3333333333333333	NA	0.20674039901124078	0.3	cami3_toy_human_gut	10	200272.88888888888	1802456	9	559945	3
bin_115	comebin_v11	ASV174.5	4233678	0.3097815694559663	0.16666666666666666	NA	0.20471892288454624	0.08333333333333333	cami3_toy_human_gut	24	233151.91666666666	2797823	12	866714	2
bin_75	comebin_v11	ASV406.8	2717903	0.13420858921231082	0.08695652173913043	NA	0.20413237705687068	0.125	cami3_toy_human_gut	16	179737.08695652173	4133953	23	554812	2
bin_72	comebin_v11	ASV174.3	4193471	0.2012321428740024	0.17857142857142858	NA	0.20330580562021294	0.20833333333333334	cami3_toy_human_gut	24	151310.14285714287	4236684	28	852557	5
bin_40	comebin_v11	fASV197.5	33775971	1.0	1.0	NA	0.2027662209918406	0.20512820512820512	cami3_toy_human_gut	78	428039.125	6848626	16	6848626	16
bin_313	comebin_v11	ASV300.10	2500356	1.0	1.0	NA	0.20206882539926316	0.1	cami3_toy_human_gut	10	505244.0	505244	1	505244	1
bin_4454	comebin_v11	ASV134.4	4907903	0.332562730039458	0.29411764705882354	NA	0.20033831149474632	0.2777777777777778	cami3_toy_human_gut	18	173915.17647058822	2956558	17	983241	5
bin_133	comebin_v11	fASV195.8	6075484	0.44527551480569594	0.5416666666666666	NA	0.19161321139188253	0.19696969696969696	cami3_toy_human_gut	66	108934.70833333333	2614433	24	1164143	13
bin_4050	comebin_v11	ASV426.9	3188105	0.3366666648105881	0.15384615384615385	NA	0.1896487098135099	0.3333333333333333	cami3_toy_human_gut	6	138146.23076923078	1795901	13	604620	2
bin_102	comebin_v11	ASV102.1	4063681	0.25332673067018574	0.25	NA	0.18857877869842637	0.13636363636363635	cami3_toy_human_gut	22	252086.83333333334	3025042	12	766324	3
bin_99	comebin_v11	ASV406.11	3672010	0.22304180020377393	0.1111111111111111	NA	0.18761196184106252	0.09090909090909091	cami3_toy_human_gut	22	171595.38888888888	3088717	18	688913	2
bin_57	comebin_v11	ASV387.10	3105987	0.1149179288707015	0.2	NA	0.18753652220695063	0.2	cami3_toy_human_gut	15	337914.2	5068713	15	582486	3
bin_262	comebin_v11	ASV399.5	1606363	0.2726880430980836	0.3	NA	0.1868568934916952	0.21428571428571427	cami3_toy_human_gut	14	110074.5	1100745	10	300160	3
bin_4921	comebin_v11	ASV487.8	2360113	0.3628941067052345	0.25	NA	0.1861559171107485	0.16666666666666666	cami3_toy_human_gut	12	151335.125	1210681	8	439349	2
bin_1041	comebin_v11	ASV547.1	1357479	0.6644075046072121	0.5	NA	0.18537819001251585	0.09090909090909091	cami3_toy_human_gut	11	189377.0	378754	2	251647	1
bin_845	comebin_v11	ASV578.5	2576162	0.3770039510782043	0.2857142857142857	NA	0.18156428050720413	0.2222222222222222	cami3_toy_human_gut	9	177239.14285714287	1240674	7	467739	2
bin_93	comebin_v11	ASV426.9	3188105	0.17366246043276704	0.0625	NA	0.17685364817030808	0.16666666666666666	cami3_toy_human_gut	6	202918.0625	3246689	16	563828	1
bin_265	comebin_v11	ASV476.7	3529257	0.574248101861843	0.6	NA	0.17416413709741171	0.17647058823529413	cami3_toy_human_gut	17	214078.2	1070391	5	614670	3
bin_168	comebin_v11	ASV102.5	5639524	0.44732716734034705	0.4	NA	0.1709211628499143	0.18181818181818182	cami3_toy_human_gut	33	143655.33333333334	2154830	15	963914	6
bin_1707	comebin_v11	ASV102.15	5129716	0.7464858803731554	0.6666666666666666	NA	0.170528933765534	0.12121212121212122	cami3_toy_human_gut	33	195307.33333333334	1171844	6	874765	4
bin_898	comebin_v11	ASV153.2	4298524	0.5656077450587434	0.3333333333333333	NA	0.1684099007007987	0.125	cami3_toy_human_gut	16	213314.5	1279887	6	723914	2
bin_116	comebin_v11	ASV810.2	4155722	0.25216071667913303	0.21428571428571427	NA	0.1684097251933599	0.1	cami3_toy_human_gut	30	198247.7142857143	2775468	14	699864	3
bin_152	comebin_v11	ASV153.5	4305643	0.30144789443371617	0.14285714285714285	NA	0.16532420360907768	0.05263157894736842	cami3_toy_human_gut	19	337337.14285714284	2361360	7	711827	1
bin_1912	comebin_v11	ASV406.11	3672010	0.21242811419558427	0.2727272727272727	NA	0.16446224274988358	0.2727272727272727	cami3_toy_human_gut	22	129221.68181818182	2842877	22	603907	6
bin_3638	comebin_v11	ASV426.10	2103117	0.2943112079758552	0.2	NA	0.16386106907033704	0.16666666666666666	cami3_toy_human_gut	12	117093.4	1170934	10	344619	2
bin_132	comebin_v11	ASV102.11	4497384	0.2659143831732231	0.09090909090909091	NA	0.16004237129851487	0.06666666666666667	cami3_toy_human_gut	15	246071.0	2706781	11	719772	1
bin_53	comebin_v11	fASV1.1	32941721	1.0	1.0	NA	0.15979635672343895	0.10869565217391304	cami3_toy_human_gut	46	1052793.4	5263967	5	5263967	5
bin_3143	comebin_v11	ASV102.5	5639524	0.3531215626145795	0.3125	NA	0.1596748236198658	0.15151515151515152	cami3_toy_human_gut	33	159380.3125	2550085	16	900490	5
bin_51	comebin_v11	fASV197.5	33775971	1.0	1.0	NA	0.15893133020513311	0.21794871794871795	cami3_toy_human_gut	78	315768.23529411765	5368060	17	5368060	17
bin_467	comebin_v11	ASV829.7	2556838	1.0	1.0	NA	0.15785826086752466	0.09090909090909091	cami3_toy_human_gut	11	403618.0	403618	1	403618	1
bin_213	comebin_v11	ASV174.2	6217483	0.6024020452766861	0.5555555555555556	NA	0.15772910034494667	0.1724137931034483	cami3_toy_human_gut	29	180882.88888888888	1627946	9	980678	5
bin_466	comebin_v11	ASV829.3	2561476	1.0	1.0	NA	0.15757282129522196	0.08333333333333333	cami3_toy_human_gut	12	403619.0	403619	1	403619	1
bin_66	comebin_v11	fASV195.7	27476681	0.9824678477891766	0.9	NA	0.15720901662031161	0.13432835820895522	cami3_toy_human_gut	67	439666.5	4396665	10	4319582	9
bin_315	comebin_v11	ASV102.7	3850252	1.0	1.0	NA	0.1551682850888721	0.05263157894736842	cami3_toy_human_gut	19	597437.0	597437	1	597437	1
bin_1504	comebin_v11	ASV507.12	2435196	1.0	1.0	NA	0.15484585224351552	0.13333333333333333	cami3_toy_human_gut	15	188540.0	377080	2	377080	2
bin_110	comebin_v11	ASV102.4	5566746	0.3026951810801102	0.21428571428571427	NA	0.15423678393086374	0.1	cami3_toy_human_gut	30	202607.64285714287	2836507	14	858597	3
bin_1066	comebin_v11	ASV406.8	2717903	0.16863220557786762	0.17391304347826086	NA	0.15408607297611432	0.25	cami3_toy_human_gut	16	107976.43478260869	2483458	23	418791	4
bin_332	comebin_v11	ASV466.2	3158085	1.0	1.0	NA	0.15267258481009852	0.2	cami3_toy_human_gut	5	482153.0	482153	1	482153	1
bin_162	comebin_v11	ASV300.7	3457856	0.23675784172564301	0.1875	NA	0.15145772409261693	0.16666666666666666	cami3_toy_human_gut	18	138252.8125	2212045	16	523719	3
bin_62	comebin_v11	fASV199.4	29206789	0.9346378589504842	0.88	NA	0.15137463416468	0.22916666666666666	cami3_toy_human_gut	96	189214.12	4730353	25	4421167	22
bin_239	comebin_v11	ASV484.7	2456727	0.2722700828212742	0.16666666666666666	NA	0.15119628676690572	0.06666666666666667	cami3_toy_human_gut	15	227377.16666666666	1364263	6	371448	1
bin_306	comebin_v11	ASV451.6	2947821	0.644178503620134	0.5	NA	0.15112213394232554	0.06666666666666667	cami3_toy_human_gut	15	345774.5	691549	2	445481	1
bin_593	comebin_v11	ASV829.9	2337732	1.0	1.0	NA	0.1508453492530367	0.09090909090909091	cami3_toy_human_gut	11	352636.0	352636	1	352636	1
bin_197	comebin_v11	ASV102.18	5337746	0.4449457513638343	0.25	NA	0.15044833530857407	0.07142857142857142	cami3_toy_human_gut	28	225604.75	1804838	8	803055	2
bin_74	comebin_v11	fASV195.7	27476681	0.9822705811165818	0.8	NA	0.14787928716718005	0.05970149253731343	cami3_toy_human_gut	67	827314.2	4136571	5	4063232	4
bin_61	comebin_v11	fASV1.1	32941721	1.0	1.0	NA	0.14437779374064882	0.13043478260869565	cami3_toy_human_gut	46	792675.5	4756053	6	4756053	6
bin_1462	comebin_v11	ASV290.1	1457934	0.6383757116702937	0.5	NA	0.13943360947752093	0.09090909090909091	cami3_toy_human_gut	11	159220.5	318441	2	203285	1
bin_1951	comebin_v11	ASV451.6	2947821	0.5962184577792397	0.4	NA	0.1377356359154779	0.13333333333333333	cami3_toy_human_gut	15	136198.4	680992	5	406020	2
bin_627	comebin_v11	ASV507.10	2513639	1.0	1.0	NA	0.134754035881843	0.07692307692307693	cami3_toy_human_gut	13	338723.0	338723	1	338723	1
bin_255	comebin_v11	ASV153.8	5265715	0.5923740506247501	0.375	NA	0.13086314014336134	0.10344827586206896	cami3_toy_human_gut	29	145408.125	1163265	8	689088	3
bin_242	comebin_v11	ASV134.4	4907903	0.48607355327203894	0.16666666666666666	NA	0.13038358745068923	0.05555555555555555	cami3_toy_human_gut	18	219414.66666666666	1316488	6	639910	1
bin_840	comebin_v11	ASV166.15	3630475	0.4380373040530208	0.375	NA	0.1294012491478388	0.2	cami3_toy_human_gut	15	134060.5	1072484	8	469788	3
bin_1116	comebin_v11	ASV174.1	4220385	0.4015012180968879	0.2	NA	0.12812361905371192	0.045454545454545456	cami3_toy_human_gut	22	269354.6	1346773	5	540731	1
bin_155	comebin_v11	ASV174.5	4233678	0.2308398369488167	0.17647058823529413	NA	0.1273001867407016	0.125	cami3_toy_human_gut	24	137336.88235294117	2334727	17	538948	3
bin_2613	comebin_v11	fASV201.3	8625577	0.5056691010058821	0.6666666666666666	NA	0.12674491225340634	0.12345679012345678	cami3_toy_human_gut	81	144132.2	2161983	15	1093248	10
bin_140	comebin_v11	ASV174.1	4220385	0.21352904070649484	0.1875	NA	0.1267275378905005	0.13636363636363635	cami3_toy_human_gut	22	156547.5	2504760	16	534839	3
bin_68	comebin_v11	fASV196.1	26927985	0.7886058898209644	0.625	NA	0.12624873342732476	0.06493506493506493	cami3_toy_human_gut	77	538866.125	4310929	8	3399624	5
bin_85	comebin_v11	fASV199.4	29206789	1.0	1.0	NA	0.12618785310497502	0.11458333333333333	cami3_toy_human_gut	96	335049.2727272727	3685542	11	3685542	11
bin_86	comebin_v11	fASV199.4	29206789	1.0	1.0	NA	0.12496919808610252	0.08333333333333333	cami3_toy_human_gut	96	456243.625	3649949	8	3649949	8
bin_244	comebin_v11	ASV102.9	5231169	0.5090900392682167	0.5	NA	0.1240887075145154	0.13333333333333333	cami3_toy_human_gut	30	159384.625	1275077	8	649129	4
bin_70	comebin_v11	fASV1.1	32941721	1.0	1.0	NA	0.12389507518444468	0.08695652173913043	cami3_toy_human_gut	46	1020329.25	4081317	4	4081317	4
bin_212	comebin_v11	ASV484.8	2659504	0.199566318952586	0.2	NA	0.12226151944121912	0.16666666666666666	cami3_toy_human_gut	12	162930.8	1629308	10	325155	2
bin_300	comebin_v11	ASV99.2	3410654	0.5531894527770613	0.5	NA	0.1220024077493642	0.047619047619047616	cami3_toy_human_gut	21	376099.0	752198	2	416108	1
bin_161	comebin_v11	ASV153.5	4305643	0.23458354887613403	0.3	NA	0.12143505627382484	0.15789473684210525	cami3_toy_human_gut	19	222886.9	2228869	10	522856	3
bin_2820	comebin_v11	ASV547.2	2338465	1.0	1.0	NA	0.11922735640687374	0.14285714285714285	cami3_toy_human_gut	14	139404.5	278809	2	278809	2
bin_59	comebin_v11	fASV195.7	27476681	0.661601294829423	0.3793103448275862	NA	0.11873173473899559	0.16417910447761194	cami3_toy_human_gut	67	170034.37931034484	4930997	29	3262354	11
bin_101	comebin_v11	fASV200.0	26027742	1.0	1.0	NA	0.11782328255751114	0.12121212121212122	cami3_toy_human_gut	66	383334.25	3066674	8	3066674	8
bin_251	comebin_v11	ASV174.3	4193471	0.40208991756427204	0.2222222222222222	NA	0.11744280573300733	0.08333333333333333	cami3_toy_human_gut	24	136092.55555555556	1224833	9	492493	2
bin_333	comebin_v11	ASV102.3	3893444	1.0	1.0	NA	0.1170711585937797	0.05	cami3_toy_human_gut	20	455810.0	455810	1	455810	1
bin_100	comebin_v11	ASV387.10	3105987	0.11678946206433033	0.0625	NA	0.11547247300133581	0.06666666666666667	cami3_toy_human_gut	15	191935.125	3070962	16	358656	1
bin_319	comebin_v11	ASV397.2	2587221	0.5094933551674196	0.3333333333333333	NA	0.1144842284443424	0.07142857142857142	cami3_toy_human_gut	14	193784.66666666666	581354	3	296196	1
bin_4542	comebin_v11	ASV387.5	2707190	0.6642104990926764	0.3333333333333333	NA	0.11384313624089923	0.06666666666666667	cami3_toy_human_gut	15	154667.33333333334	464002	3	308195	1
bin_2925	comebin_v11	ASV406.16	2926974	0.13720406927045986	0.18181818181818182	NA	0.11367849526507581	0.13333333333333333	cami3_toy_human_gut	15	220463.9090909091	2425103	11	332734	2
bin_150	comebin_v11	ASV102.4	5566746	0.25620209041665476	0.21428571428571427	NA	0.10953652277290898	0.1	cami3_toy_human_gut	30	170000.2857142857	2380004	14	609762	3
bin_320	comebin_v11	ASV102.9	5231169	1.0	1.0	NA	0.10928475069339186	0.06666666666666667	cami3_toy_human_gut	30	285843.5	571687	2	571687	2
bin_94	comebin_v11	fASV199.4	29206789	1.0	1.0	NA	0.10912445733079387	0.10416666666666667	cami3_toy_human_gut	96	318717.5	3187175	10	3187175	10
bin_87	comebin_v11	fASV196.1	26927985	0.8161799696805793	0.6428571428571429	NA	0.10910511870828805	0.11688311688311688	cami3_toy_human_gut	77	257119.5	3599673	14	2937981	9
bin_4871	comebin_v11	ASV153.8	5265715	0.47036687298203367	0.45454545454545453	NA	0.1083121665338895	0.1724137931034483	cami3_toy_human_gut	29	110231.36363636363	1212545	11	570341	5
bin_118	comebin_v11	fASV200.0	26027742	1.0	1.0	NA	0.10572465333335485	0.10606060606060606	cami3_toy_human_gut	66	393110.5714285714	2751774	7	2751774	7
bin_322	comebin_v11	ASV150.14	4503050	0.8591658433233328	0.75	NA	0.10563196056006484	0.09090909090909091	cami3_toy_human_gut	33	138409.25	553637	4	475666	3
bin_669	comebin_v11	ASV466.2	3158085	0.3966696671874655	0.2	NA	0.10241966254866477	0.2	cami3_toy_human_gut	5	163082.8	815414	5	323450	1
bin_186	comebin_v11	ASV174.1	4220385	0.22604701222301013	0.09090909090909091	NA	0.10211722390255865	0.045454545454545456	cami3_toy_human_gut	22	173324.36363636365	1906568	11	430974	1
bin_173	comebin_v11	ASV174.4	4186664	0.2058003966700517	0.21428571428571427	NA	0.10208700769873102	0.1111111111111111	cami3_toy_human_gut	27	148342.07142857142	2076789	14	427404	3
bin_942	comebin_v11	ASV426.3	2645975	1.0	1.0	NA	0.10108296563648561	0.05263157894736842	cami3_toy_human_gut	19	267463.0	267463	1	267463	1
bin_172	comebin_v11	ASV128.1	3434328	0.16188781289146595	0.13333333333333333	NA	0.10054601657150977	0.08695652173913043	cami3_toy_human_gut	23	142200.53333333333	2133008	15	345308	2
bin_1031	comebin_v11	pASV53	2516932	1.0	1.0	NA	0.10000945595669648	0.1	cami3_toy_human_gut	10	251717.0	251717	1	251717	1
bin_1032	comebin_v11	pASV53	2516932	1.0	1.0	NA	0.10000945595669648	0.1	cami3_toy_human_gut	10	251717.0	251717	1	251717	1
bin_1034	comebin_v11	pASV53	2516932	0.5688859054941926	0.3333333333333333	NA	0.10000389362922797	0.1	cami3_toy_human_gut	10	147483.0	442449	3	251703	1
bin_1035	comebin_v11	pASV53	2516932	1.0	1.0	NA	0.10000270170191328	0.1	cami3_toy_human_gut	10	251700.0	251700	1	251700	1
bin_1036	comebin_v11	pASV53	2516932	1.0	1.0	NA	0.10000230439280838	0.1	cami3_toy_human_gut	10	251699.0	251699	1	251699	1
bin_1037	comebin_v11	pASV53	2516932	1.0	1.0	NA	0.10000071515638881	0.1	cami3_toy_human_gut	10	251695.0	251695	1	251695	1
bin_1038	comebin_v11	pASV53	2516932	1.0	1.0	NA	0.10000031784728391	0.1	cami3_toy_human_gut	10	251694.0	251694	1	251694	1
bin_121	comebin_v11	pASV1	8609156	1.0	1.0	NA	0.1000001626175667	0.1	cami3_toy_human_gut	10	860917.0	860917	1	860917	1
bin_122	comebin_v11	pASV1	8609156	1.0	1.0	NA	0.1000001626175667	0.1	cami3_toy_human_gut	10	860917.0	860917	1	860917	1
bin_124	comebin_v11	pASV1	8609156	1.0	1.0	NA	0.10000004646216192	0.1	cami3_toy_human_gut	10	860916.0	860916	1	860916	1
bin_125	comebin_v11	pASV1	8609156	1.0	1.0	NA	0.10000004646216192	0.1	cami3_toy_human_gut	10	860916.0	860916	1	860916	1
bin_127	comebin_v11	pASV1	8609156	1.0	1.0	NA	0.09999993030675713	0.1	cami3_toy_human_gut	10	860915.0	860915	1	860915	1
bin_128	comebin_v11	pASV1	8609156	1.0	1.0	NA	0.09999993030675713	0.1	cami3_toy_human_gut	10	860915.0	860915	1	860915	1
bin_129	comebin_v11	pASV1	8609156	1.0	1.0	NA	0.09999993030675713	0.1	cami3_toy_human_gut	10	860915.0	860915	1	860915	1
bin_126	comebin_v11	pASV1	8609156	1.0	1.0	NA	0.09999993030675713	0.1	cami3_toy_human_gut	10	860915.0	860915	1	860915	1
bin_130	comebin_v11	pASV1	8609156	1.0	1.0	NA	0.09999981415135235	0.1	cami3_toy_human_gut	10	860914.0	860914	1	860914	1
bin_1039	comebin_v11	pASV53	2516932	1.0	1.0	NA	0.09998641202861261	0.1	cami3_toy_human_gut	10	251659.0	251659	1	251659	1
bin_1042	comebin_v11	pASV53	2516932	1.0	1.0	NA	0.09997846584651472	0.1	cami3_toy_human_gut	10	251639.0	251639	1	251639	1
bin_107	comebin_v11	fASV199.4	29206789	1.0	1.0	NA	0.09972178043947248	0.0625	cami3_toy_human_gut	96	485425.5	2912553	6	2912553	6
bin_574	comebin_v11	ASV174.19	3607603	1.0	1.0	NA	0.09930444120375773	0.03571428571428571	cami3_toy_human_gut	28	358251.0	358251	1	358251	1
bin_136	comebin_v11	fASV200.0	26027742	1.0	1.0	NA	0.09851645986040587	0.030303030303030304	cami3_toy_human_gut	66	1282080.5	2564161	2	2564161	2
bin_95	comebin_v11	fASV1.1	32941721	1.0	1.0	NA	0.09624970717225126	0.08695652173913043	cami3_toy_human_gut	46	792657.75	3170631	4	3170631	4
bin_1171	comebin_v11	ASV399.8	2420478	1.0	1.0	NA	0.0960397078593567	0.07692307692307693	cami3_toy_human_gut	13	232462.0	232462	1	232462	1
bin_96	comebin_v11	fASV1.1	32941721	1.0	1.0	NA	0.09578209347350128	0.21739130434782608	cami3_toy_human_gut	46	315522.7	3155227	10	3155227	10
bin_215	comebin_v11	ASV174.4	4186664	0.2469346178447687	0.09090909090909091	NA	0.09469974184696933	0.037037037037037035	cami3_toy_human_gut	27	145962.81818181818	1605591	11	396476	1
bin_666	comebin_v11	ASV300.7	3457856	1.0	1.0	NA	0.09368319559865998	0.05555555555555555	cami3_toy_human_gut	18	323943.0	323943	1	323943	1
bin_224	comebin_v11	fASV195.9	16405735	1.0	1.0	NA	0.09342879182188424	0.06666666666666667	cami3_toy_human_gut	135	170307.55555555556	1532768	9	1532768	9
bin_337	comebin_v11	ASV174.4	4186664	1.0	1.0	NA	0.09206542488243623	0.037037037037037035	cami3_toy_human_gut	27	385447.0	385447	1	385447	1
bin_58	comebin_v11	fASV195.7	27476681	0.5061130570296097	0.24242424242424243	NA	0.09189741657662365	0.11940298507462686	cami3_toy_human_gut	67	151184.0909090909	4989075	33	2525036	8
bin_209	comebin_v11	fASV201.3	8625577	0.46197112000157897	0.5	NA	0.08954693697592636	0.07407407407407407	cami3_toy_human_gut	81	139329.41666666666	1671953	12	772394	6
bin_165	comebin_v11	ASV102.4	5566746	0.225221527868215	0.18181818181818182	NA	0.08823017971360647	0.06666666666666667	cami3_toy_human_gut	30	198251.27272727274	2180764	11	491155	2
bin_181	comebin_v11	ASV102.18	5337746	0.2389711956541079	0.26666666666666666	NA	0.08806713545380392	0.14285714285714285	cami3_toy_human_gut	28	131139.93333333332	1967099	15	470080	4
bin_105	comebin_v11	fASV197.5	33775971	1.0	1.0	NA	0.08729934070585268	0.07692307692307693	cami3_toy_human_gut	78	491436.6666666667	2948620	6	2948620	6
bin_321	comebin_v11	ASV487.4	3365421	0.5010425090538307	0.3333333333333333	NA	0.08468569014099574	0.041666666666666664	cami3_toy_human_gut	24	189606.66666666666	568820	3	285003	1
bin_151	comebin_v11	ASV102.18	5337746	0.19046372878208145	0.13333333333333333	NA	0.08453755573981976	0.07142857142857142	cami3_toy_human_gut	28	157944.33333333334	2369165	15	451240	2
bin_267	comebin_v11	ASV102.13	5596490	0.4468289894465271	0.25	NA	0.08436144797900112	0.03225806451612903	cami3_toy_human_gut	31	264154.75	1056619	4	472128	1
bin_312	comebin_v11	ASV387.4	6034584	1.0	1.0	NA	0.0838475361350509	0.038461538461538464	cami3_toy_human_gut	26	505985.0	505985	1	505985	1
bin_3946	comebin_v11	ASV153.5	4305643	0.36917356591912803	0.2857142857142857	NA	0.08363837875086252	0.10526315789473684	cami3_toy_human_gut	19	139352.57142857142	975468	7	360117	2
bin_2108	comebin_v11	ASV102.16	4745671	0.4022442104035747	0.2857142857142857	NA	0.08141356617430917	0.16666666666666666	cami3_toy_human_gut	12	137216.57142857142	960516	7	386362	2
bin_263	comebin_v11	ASV102.2	4682208	0.34521524490713346	0.2222222222222222	NA	0.08085736473048613	0.1111111111111111	cami3_toy_human_gut	18	121853.44444444444	1096681	9	378591	2
bin_231	comebin_v11	ASV102.13	5596490	0.2970298143733263	0.2727272727272727	NA	0.08018901132674229	0.0967741935483871	cami3_toy_human_gut	31	137352.9090909091	1510882	11	448777	3
bin_261	comebin_v11	ASV102.17	4364788	0.3111366995185551	0.3333333333333333	NA	0.0786205423951862	0.08695652173913043	cami3_toy_human_gut	23	183821.66666666666	1102930	6	343162	2
bin_112	comebin_v11	fASV197.5	33775971	1.0	1.0	NA	0.07785422364319297	0.0641025641025641	cami3_toy_human_gut	78	525920.4	2629602	5	2629602	5
bin_188	comebin_v11	ASV102.5	5639524	0.22913057029727493	0.18181818181818182	NA	0.07743064840224104	0.06060606060606061	cami3_toy_human_gut	33	173252.54545454544	1905778	11	436672	2
bin_269	comebin_v11	ASV102.10	5140303	0.3824882559960311	0.2857142857142857	NA	0.07679197121259194	0.06060606060606061	cami3_toy_human_gut	33	147430.85714285713	1032016	7	394734	2
bin_344	comebin_v11	ASV124.11	3852026	1.0	1.0	NA	0.07669055193293088	0.03333333333333333	cami3_toy_human_gut	30	295414.0	295414	1	295414	1
bin_169	comebin_v11	fASV196.1	26927985	0.9586311846490572	0.8	NA	0.07654393746877088	0.05194805194805195	cami3_toy_human_gut	77	430024.4	2150122	5	2061174	4
bin_243	comebin_v11	ASV406.10	3383993	0.1968314600566105	0.1	NA	0.07619696612847604	0.1	cami3_toy_human_gut	10	131000.4	1310004	10	257850	1
bin_180	comebin_v11	fASV200.0	26027742	1.0	1.0	NA	0.07612431381869392	0.06060606060606061	cami3_toy_human_gut	66	495336.0	1981344	4	1981344	4
bin_1275	comebin_v11	ASV487.3	2952839	1.0	1.0	NA	0.07534240776418898	0.047619047619047616	cami3_toy_human_gut	21	222474.0	222474	1	222474	1
bin_304	comebin_v11	ASV102.14	5047966	0.5379470385268311	0.5	NA	0.07526694910385688	0.03125	cami3_toy_human_gut	32	353143.5	706287	2	379945	1
bin_144	comebin_v11	fASV1.1	32941721	1.0	1.0	NA	0.07383858299328078	0.021739130434782608	cami3_toy_human_gut	46	2432370.0	2432370	1	2432370	1
bin_154	comebin_v11	fASV196.1	26927985	0.8409264890336853	0.6	NA	0.07334808007357402	0.07792207792207792	cami3_toy_human_gut	77	234873.8	2348738	10	1975116	6
bin_3938	comebin_v11	ASV300.0	3033246	0.7053670264561005	0.6666666666666666	NA	0.07331617679541982	0.2	cami3_toy_human_gut	10	105092.33333333333	315277	3	222386	2
bin_177	comebin_v11	fASV196.1	26927985	0.9593728822190623	0.8571428571428571	NA	0.07275932454656374	0.07792207792207792	cami3_toy_human_gut	77	291747.4285714286	2042232	7	1959262	6
bin_147	comebin_v11	fASV1.1	32941721	1.0	1.0	NA	0.07264999906956895	0.06521739130434782	cami3_toy_human_gut	46	797738.6666666666	2393216	3	2393216	3
bin_327	comebin_v11	ASV484.3	1581389	0.22238654038140554	0.2	NA	0.07169899373272484	0.08333333333333333	cami3_toy_human_gut	12	101970.2	509851	5	113384	1
bin_182	comebin_v11	fASV195.7	27476681	1.0	1.0	NA	0.07152665199992678	0.04477611940298507	cami3_toy_human_gut	67	655105.0	1965315	3	1965315	3
bin_343	comebin_v11	ASV102.11	4497384	1.0	1.0	NA	0.07073022895087455	0.06666666666666667	cami3_toy_human_gut	15	318101.0	318101	1	318101	1
bin_259	comebin_v11	ASV102.3	3893444	0.2408907565412215	0.2222222222222222	NA	0.06970050166382256	0.1	cami3_toy_human_gut	20	125172.0	1126548	9	271375	2
bin_232	comebin_v11	fASV195.9	16405735	0.7919829576801406	0.8	NA	0.06938835718119304	0.08888888888888889	cami3_toy_human_gut	135	95824.2	1437363	15	1138367	12
bin_157	comebin_v11	fASV197.5	33775971	1.0	1.0	NA	0.06832463824652146	0.038461538461538464	cami3_toy_human_gut	78	769243.6666666666	2307731	3	2307731	3
bin_286	comebin_v11	fASV195.8	6075484	0.4753627131888411	0.5	NA	0.06728698487231635	0.06060606060606061	cami3_toy_human_gut	66	107497.125	859977	8	408801	4
bin_351	comebin_v11	ASV406.4	3088357	1.0	1.0	NA	0.06641589686684538	0.06666666666666667	cami3_toy_human_gut	15	205116.0	205116	1	205116	1
bin_331	comebin_v11	ASV486.6	3187574	0.4190020028566641	0.3333333333333333	NA	0.06589305848272071	0.06666666666666667	cami3_toy_human_gut	15	167094.66666666666	501284	3	210039	1
bin_1832	comebin_v11	ASV406.15	2603899	0.5540334953729873	0.5	NA	0.06587275466521551	0.05263157894736842	cami3_toy_human_gut	19	154797.5	309595	2	171526	1
bin_167	comebin_v11	fASV1.1	32941721	1.0	1.0	NA	0.06552147047812104	0.06521739130434782	cami3_toy_human_gut	46	719463.3333333334	2158390	3	2158390	3
bin_80	comebin_v11	fASV201.0	28223738	0.4751401097372432	0.36363636363636365	NA	0.06474507380985467	0.04938271604938271	cami3_toy_human_gut	81	349628.54545454547	3845914	11	1827348	4
bin_257	comebin_v11	ASV174.1	4220385	0.2415175891038899	0.16666666666666666	NA	0.06471731844369649	0.045454545454545456	cami3_toy_human_gut	22	188483.16666666666	1130899	6	273132	1
bin_113	comebin_v11	fASV201.8	27893337	0.6349580495062142	0.5	NA	0.06438630845782274	0.023255813953488372	cami3_toy_human_gut	86	707113.25	2828453	4	1795949	2
bin_3072	comebin_v11	ASV406.11	3672010	0.539054259326073	0.5	NA	0.06388054498762258	0.09090909090909091	cami3_toy_human_gut	22	108787.75	435151	4	234570	2
bin_171	comebin_v11	fASV197.5	33775971	1.0	1.0	NA	0.06340306249078671	0.038461538461538464	cami3_toy_human_gut	78	713833.3333333334	2141500	3	2141500	3
bin_342	comebin_v11	ASV102.9	5231169	1.0	1.0	NA	0.06339099348539495	0.03333333333333333	cami3_toy_human_gut	30	331609.0	331609	1	331609	1
bin_268	comebin_v11	ASV102.4	5566746	0.33621577360644145	0.2	NA	0.06328652322200438	0.03333333333333333	cami3_toy_human_gut	30	209567.8	1047839	5	352300	1
bin_270	comebin_v11	ASV102.14	5047966	0.31448211155280115	0.25	NA	0.06307906986695236	0.0625	cami3_toy_human_gut	32	126565.625	1012525	8	318421	2
bin_175	comebin_v11	fASV1.1	32941721	1.0	1.0	NA	0.06233526779004655	0.021739130434782608	cami3_toy_human_gut	46	2053431.0	2053431	1	2053431	1
bin_190	comebin_v11	fASV199.4	29206789	0.960221295062912	0.9090909090909091	NA	0.06199904412635021	0.10416666666666667	cami3_toy_human_gut	96	171437.0909090909	1885808	11	1810793	10
bin_176	comebin_v11	fASV197.5	33775971	1.0	1.0	NA	0.06076778666111479	0.07692307692307693	cami3_toy_human_gut	78	342081.8333333333	2052491	6	2052491	6
bin_178	comebin_v11	fASV197.5	33775971	1.0	1.0	NA	0.06022766895435811	0.038461538461538464	cami3_toy_human_gut	78	678082.6666666666	2034248	3	2034248	3
bin_715	comebin_v11	ASV102.10	5140303	1.0	1.0	NA	0.06009762459528164	0.030303030303030304	cami3_toy_human_gut	33	308920.0	308920	1	308920	1
bin_90	comebin_v11	fASV196.1	26927985	0.46432378660388096	0.375	NA	0.05954091997600266	0.03896103896103896	cami3_toy_human_gut	77	431626.875	3453015	8	1603317	3
bin_264	comebin_v11	ASV102.18	5337746	0.2818717935544481	0.25	NA	0.057559501707274946	0.03571428571428571	cami3_toy_human_gut	28	272498.0	1089992	4	307238	1
bin_228	comebin_v11	fASV196.1	26927985	1.0	1.0	NA	0.056482651784008346	0.05194805194805195	cami3_toy_human_gut	77	380241.0	1520964	4	1520964	4
bin_202	comebin_v11	ASV102.17	4364788	0.13877835155647972	0.14285714285714285	NA	0.056361500260722855	0.08695652173913043	cami3_toy_human_gut	23	126618.14285714286	1772654	14	246006	2
bin_193	comebin_v11	fASV196.1	26927985	0.7998849668747204	0.5	NA	0.055776917582210477	0.025974025974025976	cami3_toy_human_gut	77	469430.0	1877720	4	1501960	2
bin_349	comebin_v11	ASV387.5	2707190	0.5846161008006951	0.5	NA	0.0556665767825679	0.06666666666666667	cami3_toy_human_gut	15	128888.0	257776	2	150700	1
bin_278	comebin_v11	ASV102.13	5596490	0.34607150277142956	0.2	NA	0.055658278671095636	0.03225806451612903	cami3_toy_human_gut	31	180015.4	900077	5	311491	1
bin_2594	comebin_v11	fASV200.0	26027742	1.0	1.0	NA	0.05528478037011432	0.06060606060606061	cami3_toy_human_gut	66	359734.5	1438938	4	1438938	4
bin_220	comebin_v11	fASV199.4	29206789	1.0	1.0	NA	0.05417213100693815	0.03125	cami3_toy_human_gut	96	527398.0	1582194	3	1582194	3
bin_160	comebin_v11	fASV201.0	28223738	0.6844820745854152	0.42857142857142855	NA	0.05415951636172359	0.037037037037037035	cami3_toy_human_gut	81	319028.28571428574	2233198	7	1528584	3
bin_271	comebin_v11	fASV201.3	8625577	0.45937723817722353	0.5	NA	0.05376196861960655	0.04938271604938271	cami3_toy_human_gut	81	126183.875	1009471	8	463728	4
bin_284	comebin_v11	fASV195.9	16405735	1.0	1.0	NA	0.05259880157761904	0.05925925925925926	cami3_toy_human_gut	135	107865.25	862922	8	862922	8
bin_106	comebin_v11	fASV201.0	28223738	0.5000025543367017	0.4	NA	0.05201646217095694	0.024691358024691357	cami3_toy_human_gut	81	587236.6	2936183	5	1468099	2
bin_163	comebin_v11	fASV201.8	27893337	0.6373000813228518	0.7142857142857143	NA	0.050486931699853625	0.05813953488372093	cami3_toy_human_gut	86	315673.0	2209711	7	1408249	5
bin_210	comebin_v11	fASV1.1	32941721	1.0	1.0	NA	0.04979830895902494	0.10869565217391304	cami3_toy_human_gut	46	328088.4	1640442	5	1640442	5
bin_205	comebin_v11	fASV201.0	28223738	0.7967282943162179	0.6	NA	0.0493465465134349	0.037037037037037035	cami3_toy_human_gut	81	349615.8	1748079	5	1392744	3
bin_329	comebin_v11	ASV426.3	2645975	0.25756703445847157	0.2	NA	0.049201901000576344	0.05263157894736842	cami3_toy_human_gut	19	101089.8	505449	5	130187	1
bin_238	comebin_v11	fASV201.8	27893337	1.0	1.0	NA	0.04903253418549383	0.023255813953488372	cami3_toy_human_gut	86	683840.5	1367681	2	1367681	2
bin_305	comebin_v11	ASV387.4	6034584	0.4131283116647226	0.4	NA	0.048244253456410584	0.07692307692307693	cami3_toy_human_gut	26	140941.2	704706	5	291134	2
bin_143	comebin_v11	fASV201.8	27893337	0.5497236129670711	0.3333333333333333	NA	0.04803530678312172	0.03488372093023256	cami3_toy_human_gut	86	270815.8888888889	2437343	9	1339865	3
bin_241	comebin_v11	fASV201.8	27893337	1.0	1.0	NA	0.0477124698274717	0.011627906976744186	cami3_toy_human_gut	86	1330860.0	1330860	1	1330860	1
bin_299	comebin_v11	fASV201.3	8625577	0.542193214948317	0.8	NA	0.04743323258258549	0.04938271604938271	cami3_toy_human_gut	81	150920.0	754600	5	409139	4
bin_108	comebin_v11	fASV201.0	28223738	0.46091455550453636	0.3333333333333333	NA	0.04687539970786293	0.024691358024691357	cami3_toy_human_gut	81	478396.3333333333	2870378	6	1322999	2
bin_134	comebin_v11	fASV196.1	26927985	0.48162438566017957	0.35294117647058826	NA	0.04661451645936374	0.07792207792207792	cami3_toy_human_gut	77	153309.0	2606253	17	1255235	6
bin_280	comebin_v11	ASV387.4	6034584	0.313191280264451	0.2857142857142857	NA	0.04647279746209515	0.07692307692307693	cami3_toy_human_gut	26	127920.0	895440	7	280444	2
bin_222	comebin_v11	fASV197.5	33775971	1.0	1.0	NA	0.046091139763235825	0.02564102564102564	cami3_toy_human_gut	78	778386.5	1556773	2	1556773	2
bin_2007	comebin_v11	ASV810.2	4155722	0.3982215308726186	0.3333333333333333	NA	0.04607863567389734	0.03333333333333333	cami3_toy_human_gut	30	160287.66666666666	480863	3	191490	1
bin_137	comebin_v11	fASV201.8	27893337	0.485347988978139	0.5	NA	0.043893995186018796	0.03488372093023256	cami3_toy_human_gut	86	420437.1666666667	2522623	6	1224350	3
bin_139	comebin_v11	fASV196.1	26927985	0.46186301042744565	0.3	NA	0.043095575105229746	0.03896103896103896	cami3_toy_human_gut	77	251260.0	2512600	10	1160477	3
bin_339	comebin_v11	ASV174.17	5697903	0.6796396286240695	0.5	NA	0.04292263311607797	0.03333333333333333	cami3_toy_human_gut	30	179925.5	359851	2	244569	1
bin_240	comebin_v11	fASV196.1	26927985	0.862610747145168	0.6	NA	0.04285289077515455	0.03896103896103896	cami3_toy_human_gut	77	267546.4	1337732	5	1153942	3
bin_260	comebin_v11	fASV200.0	26027742	1.0	1.0	NA	0.04280378989464395	0.015151515151515152	cami3_toy_human_gut	66	1114086.0	1114086	1	1114086	1
bin_336	comebin_v11	ASV174.2	6217483	0.6572270015886814	0.5	NA	0.04231760665851438	0.034482758620689655	cami3_toy_human_gut	29	200166.0	400332	2	263109	1
bin_148	comebin_v11	fASV196.1	26927985	0.47007921779086453	0.5	NA	0.041642551420018985	0.06493506493506493	cami3_toy_human_gut	77	238544.9	2385449	10	1121350	5
bin_236	comebin_v11	fASV197.5	33775971	1.0	1.0	NA	0.04112222265941666	0.02564102564102564	cami3_toy_human_gut	78	694471.5	1388943	2	1388943	2
bin_203	comebin_v11	fASV196.1	26927985	0.6247906130848875	0.6	NA	0.04072287621966515	0.07792207792207792	cami3_toy_human_gut	77	175512.4	1755124	10	1096585	6
bin_131	comebin_v11	fASV201.0	28223738	0.4180719561417157	0.3	NA	0.04046147253776236	0.07407407407407407	cami3_toy_human_gut	81	136576.25	2731525	20	1141974	6
bin_237	comebin_v11	fASV199.4	29206789	0.8243825472201821	0.7777777777777778	NA	0.03885504154530647	0.07291666666666667	cami3_toy_human_gut	96	152953.66666666666	1376583	9	1134831	7
bin_258	comebin_v11	fASV199.4	29206789	1.0	1.0	NA	0.038676692600477236	0.010416666666666666	cami3_toy_human_gut	96	1129622.0	1129622	1	1129622	1
bin_214	comebin_v11	fASV201.0	28223738	0.6579582599176514	0.5	NA	0.03790603498374312	0.012345679012345678	cami3_toy_human_gut	81	813007.5	1626015	2	1069850	1
bin_350	comebin_v11	ASV174.17	5697903	1.0	1.0	NA	0.037626123154430674	0.03333333333333333	cami3_toy_human_gut	30	214390.0	214390	1	214390	1
bin_4637	comebin_v11	ASV102.12	3379594	0.3831460980944782	0.3333333333333333	NA	0.037369281635604754	0.04	cami3_toy_human_gut	25	109873.66666666667	329621	3	126293	1
bin_247	comebin_v11	fASV201.8	27893337	0.8270725697101721	0.6	NA	0.03735003094108102	0.03488372093023256	cami3_toy_human_gut	86	251928.8	1259644	5	1041817	3
bin_156	comebin_v11	fASV201.8	27893337	0.44555277362112516	0.3333333333333333	NA	0.037137005156464425	0.03488372093023256	cami3_toy_human_gut	86	258324.55555555556	2324921	9	1035875	3
bin_226	comebin_v11	fASV197.5	33775971	0.81592795614722	0.7	NA	0.03701826958579518	0.08974358974358974	cami3_toy_human_gut	78	153240.0	1532400	10	1250328	7
bin_249	comebin_v11	fASV197.5	33775971	1.0	1.0	NA	0.03701273310543759	0.01282051282051282	cami3_toy_human_gut	78	1250141.0	1250141	1	1250141	1
bin_328	comebin_v11	ASV406.17	3088723	0.22418290383406664	0.16666666666666666	NA	0.036952488131826645	0.07692307692307693	cami3_toy_human_gut	13	84853.33333333333	509120	6	114136	1
bin_1240	comebin_v11	fASV201.8	27893337	0.4639696438205265	0.35714285714285715	NA	0.036844247068753375	0.05813953488372093	cami3_toy_human_gut	86	158216.7857142857	2215035	14	1027709	5
bin_266	comebin_v11	fASV199.4	29206789	1.0	1.0	NA	0.036211204182698756	0.020833333333333332	cami3_toy_human_gut	96	528806.5	1057613	2	1057613	2
bin_218	comebin_v11	fASV201.0	28223738	0.6359502193180564	0.5	NA	0.035917460685044623	0.012345679012345678	cami3_toy_human_gut	81	797016.0	1594032	2	1013725	1
bin_1466	comebin_v11	ASV174.17	5697903	1.0	1.0	NA	0.03561713844549477	0.03333333333333333	cami3_toy_human_gut	30	202943.0	202943	1	202943	1
bin_194	comebin_v11	fASV201.8	27893337	0.5284087004192299	0.5	NA	0.03555795421680812	0.011627906976744186	cami3_toy_human_gut	86	938506.5	1877013	2	991830	1
bin_256	comebin_v11	fASV197.5	33775971	1.0	1.0	NA	0.03403748185359349	0.0641025641025641	cami3_toy_human_gut	78	229929.8	1149649	5	1149649	5
bin_281	comebin_v11	fASV200.0	26027742	1.0	1.0	NA	0.033897408388326576	0.045454545454545456	cami3_toy_human_gut	66	294091.0	882273	3	882273	3
bin_279	comebin_v11	fASV195.7	27476681	1.0	1.0	NA	0.03272629616364509	0.014925373134328358	cami3_toy_human_gut	67	899210.0	899210	1	899210	1
bin_345	comebin_v11	ASV387.10	3105987	0.34502257424931665	0.3333333333333333	NA	0.032551005525779726	0.06666666666666667	cami3_toy_human_gut	15	97677.66666666667	293033	3	101103	1
bin_283	comebin_v11	fASV196.1	26927985	1.0	1.0	NA	0.03224504172889282	0.012987012987012988	cami3_toy_human_gut	77	868294.0	868294	1	868294	1
bin_285	comebin_v11	fASV196.1	26927985	1.0	1.0	NA	0.03204350418347307	0.03896103896103896	cami3_toy_human_gut	77	287622.3333333333	862867	3	862867	3
bin_211	comebin_v11	fASV201.0	28223738	0.5460489291067508	0.2	NA	0.03166221285075705	0.012345679012345678	cami3_toy_human_gut	81	327306.2	1636531	5	893626	1
bin_187	comebin_v11	fASV201.8	27893337	0.6358284669808749	0.4	NA	0.03136465887892868	0.023255813953488372	cami3_toy_human_gut	86	275189.0	1375945	5	874865	2
bin_149	comebin_v11	fASV201.0	28223738	0.3591707931179186	0.25	NA	0.030325678335024225	0.04938271604938271	cami3_toy_human_gut	81	148937.5	2383000	16	855904	4
bin_185	comebin_v11	fASV201.0	28223738	0.41737583827588837	0.3333333333333333	NA	0.028693258136112232	0.06172839506172839	cami3_toy_human_gut	81	129352.8	1940292	15	809831	5
bin_234	comebin_v11	fASV201.0	28223738	0.5687823479392079	0.42857142857142855	NA	0.028178868440459588	0.037037037037037035	cami3_toy_human_gut	81	199753.2857142857	1398273	7	795313	3
bin_295	comebin_v11	fASV201.0	28223738	1.0	1.0	NA	0.0273866983884275	0.012345679012345678	cami3_toy_human_gut	81	772955.0	772955	1	772955	1
bin_276	comebin_v11	fASV201.0	28223738	0.807758670332225	0.6666666666666666	NA	0.026837905028738576	0.024691358024691357	cami3_toy_human_gut	81	312579.3333333333	937738	3	757466	2
bin_246	comebin_v11	fASV1.1	32941721	1.0	1.0	NA	0.026342946684540253	0.043478260869565216	cami3_toy_human_gut	46	433891.0	867782	2	867782	2
bin_303	comebin_v11	fASV195.7	27476681	1.0	1.0	NA	0.026235592282779715	0.029850746268656716	cami3_toy_human_gut	67	360433.5	720867	2	720867	2
bin_233	comebin_v11	fASV201.0	28223738	0.5225894498656484	0.5	NA	0.02618526291591851	0.037037037037037035	cami3_toy_human_gut	81	235700.0	1414200	6	739046	3
bin_274	comebin_v11	fASV201.8	27893337	0.7733911950273205	0.5	NA	0.026112651921138014	0.011627906976744186	cami3_toy_human_gut	86	470893.0	941786	2	728369	1
bin_200	comebin_v11	fASV196.1	26927985	0.3937428215630403	0.3333333333333333	NA	0.025996486554786778	0.03896103896103896	cami3_toy_human_gut	77	197543.77777777778	1777894	9	700033	3
bin_292	comebin_v11	fASV201.0	28223738	0.8952926235345373	0.5	NA	0.0257018046298474	0.012345679012345678	cami3_toy_human_gut	81	405119.5	810239	2	725401	1
bin_288	comebin_v11	fASV197.5	33775971	1.0	1.0	NA	0.025143881133720774	0.02564102564102564	cami3_toy_human_gut	78	424629.5	849259	2	849259	2
bin_582	comebin_v11	fASV201.0	28223738	0.5742341355338159	0.42857142857142855	NA	0.024996405508015983	0.037037037037037035	cami3_toy_human_gut	81	175511.2857142857	1228579	7	705492	3
bin_301	comebin_v11	fASV196.1	26927985	0.8749566466157265	0.6666666666666666	NA	0.02398333926582327	0.025974025974025976	cami3_toy_human_gut	77	246040.0	738120	3	645823	2
bin_302	comebin_v11	fASV195.7	27476681	0.898555755097113	0.5	NA	0.023836612580682506	0.014925373134328358	cami3_toy_human_gut	67	364446.5	728893	2	654951	1
bin_307	comebin_v11	fASV199.4	29206789	1.0	1.0	NA	0.02366935988752478	0.020833333333333332	cami3_toy_human_gut	96	345653.0	691306	2	691306	2
bin_235	comebin_v11	fASV201.0	28223738	0.4728196642120427	0.25	NA	0.023304744396365925	0.024691358024691357	cami3_toy_human_gut	81	173889.5	1391116	8	657747	2
bin_2839	comebin_v11	ASV153.8	5265715	0.536392259556225	0.5	NA	0.023261798255317653	0.034482758620689655	cami3_toy_human_gut	29	114179.5	228359	2	122490	1
bin_310	comebin_v11	fASV199.4	29206789	1.0	1.0	NA	0.022683801358649867	0.010416666666666666	cami3_toy_human_gut	96	662521.0	662521	1	662521	1
bin_314	comebin_v11	fASV195.7	27476681	1.0	1.0	NA	0.022419993157106567	0.014925373134328358	cami3_toy_human_gut	67	616027.0	616027	1	616027	1
bin_311	comebin_v11	fASV199.4	29206789	1.0	1.0	NA	0.021762919573254012	0.010416666666666666	cami3_toy_human_gut	96	635625.0	635625	1	635625	1
bin_277	comebin_v11	fASV201.0	28223738	0.6044274215931168	0.4	NA	0.01929007419215697	0.024691358024691357	cami3_toy_human_gut	81	180150.0	900750	5	544438	2
bin_323	comebin_v11	fASV199.4	29206789	1.0	1.0	NA	0.01882442469112233	0.010416666666666666	cami3_toy_human_gut	96	549801.0	549801	1	549801	1
bin_325	comebin_v11	fASV199.4	29206789	1.0	1.0	NA	0.017850541529916213	0.010416666666666666	cami3_toy_human_gut	96	521357.0	521357	1	521357	1
bin_318	comebin_v11	fASV1.1	32941721	1.0	1.0	NA	0.017733712212546514	0.021739130434782608	cami3_toy_human_gut	46	584179.0	584179	1	584179	1
bin_330	comebin_v11	fASV199.4	29206789	1.0	1.0	NA	0.017248489726138672	0.020833333333333332	cami3_toy_human_gut	96	251886.5	503773	2	503773	2
bin_334	comebin_v11	fASV196.1	26927985	1.0	1.0	NA	0.016368250353674813	0.012987012987012988	cami3_toy_human_gut	77	440764.0	440764	1	440764	1
bin_335	comebin_v11	fASV195.7	27476681	1.0	1.0	NA	0.015397420088692663	0.014925373134328358	cami3_toy_human_gut	67	423070.0	423070	1	423070	1
bin_294	comebin_v11	fASV201.8	27893337	0.5067223257135244	0.5	NA	0.014452447908975537	0.011627906976744186	cami3_toy_human_gut	86	397779.0	795558	2	403127	1
bin_293	comebin_v11	fASV201.0	28223738	0.449833784558203	0.25	NA	0.012710010275747316	0.012345679012345678	cami3_toy_human_gut	81	199364.75	797459	4	358724	1
bin_338	comebin_v11	fASV1.1	32941721	1.0	1.0	NA	0.01167868551858599	0.021739130434782608	cami3_toy_human_gut	46	384716.0	384716	1	384716	1
bin_347	comebin_v11	fASV199.4	29206789	1.0	1.0	NA	0.009325879678180302	0.010416666666666666	cami3_toy_human_gut	96	272379.0	272379	1	272379	1
bin_1239	comebin_v11	fASV201.8	27893337	1.0	1.0	NA	0.008067984121082393	0.011627906976744186	cami3_toy_human_gut	86	225043.0	225043	1	225043	1
bin_340	comebin_v11	fASV199.4	29206789	0.5387046315108976	0.5	NA	0.0063909456119945265	0.010416666666666666	cami3_toy_human_gut	96	173248.0	346496	2	186659	1
